year;country;desc country;commodity group;main commercial species;ers code;english name;volume(kg);weight;value(eur)
2023;BG;Bulgaria;Freshwater fish;Pike-perch;FPP;Pike-perch;25660;Live weight;120970
2023;BG;Bulgaria;Freshwater fish;Other freshwater fish;FTE;Tench;160;Live weight;100
2023;BG;Bulgaria;Freshwater fish;Other freshwater fish;HUH;Beluga;7590;Live weight;59140
2023;BG;Bulgaria;Freshwater fish;Freshwater catfish;ITP;Channel catfish;3970;Live weight;13190
2023;BG;Bulgaria;Bivalves and other molluscs and aquatic invertebrates;Mussel Mytilus spp;MSM;Mediterranean mussel;1096320;Live weight;1653620
2023;BG;Bulgaria;Freshwater fish;Other freshwater fish;PAM;Mississippi paddlefish;15320;Live weight;77550
2023;BG;Bulgaria;Crustaceans;Shrimp, warmwater;PNV;Whiteleg shrimp;22610;Live weight;385890
2023;BG;Bulgaria;Miscellaneous aquatic products;Seaweed and other algae;SIZ;Spirulina nei;7130;Live weight;130330
2023;BG;Bulgaria;Freshwater fish;Freshwater catfish;SOM;Wels(=Som)catfish;77500;Live weight;358220
2023;BG;Bulgaria;Freshwater fish;Other freshwater fish;SRE;Rudd;250;Live weight;160
2023;BG;Bulgaria;Freshwater fish;Other freshwater fish;STU;Sturgeons nei;37040;Live weight;271580
2023;BG;Bulgaria;Freshwater fish;Carp;SVC;Silver carp;29640;Live weight;59860
2023;BG;Bulgaria;Salmonids;Trout;SVF;Brook trout;540;Live weight;3080
2023;BG;Bulgaria;Salmonids;Trout;TRR;Rainbow trout;4639550;Live weight;25216490
2023;BG;Bulgaria;Salmonids;Trout;TRS;Sea trout;10800;Live weight;59310
2023;HR;Croatia;Tuna and tuna-like species;Tuna, bluefin;BFT;Atlantic bluefin tuna;3271540;Live weight;50525620
2023;HR;Croatia;Freshwater fish;Carp;BIC;Bighead carp;323000;Live weight;440250
2023;HR;Croatia;Other marine fish;Seabass, European;BSS;European seabass;8514990;Live weight;63189710
2023;HR;Croatia;Freshwater fish;Carp;FCG;Grass carp(=White amur);240720;Live weight;647540
2023;AT;Austria;Freshwater fish;Carp;BIC;Bighead carp;380;Live weight;2130
2023;AT;Austria;Salmonids;Other salmonids;CHR;Chars nei;486010;Live weight;5262970
2023;FR;France;Other marine fish;Seabream, gilthead;SBG;Gilthead seabream;2456890;Live weight;23708210
2023;FR;France;Miscellaneous aquatic products;Seaweed and other algae;SIZ;Spirulina nei;214000;Live weight;7680740
2023;FR;France;Salmonids;Other salmonids;SLX;Salmonoids nei;161170;Live weight;1781280
2023;FR;France;Freshwater fish;Other freshwater fish;STU;Sturgeons nei;3540;Live weight;26520
2023;FR;France;Miscellaneous aquatic products;Seaweed and other algae;SWX;Seaweeds nei;128500;Live weight;869270
2023;FR;France;Salmonids;Trout;TRR;Rainbow trout;27409020;Live weight;138112420
2023;FR;France;Salmonids;Trout;TRS;Sea trout;277280;Live weight;2399350
2023;FR;France;Miscellaneous aquatic products;Seaweed and other algae;UDP;Wakame;110460;Live weight;488120
2023;DE;Germany;Crustaceans;Freshwater crayfish;AAS;Noble crayfish;2000;Live weight;71660
2023;DE;Germany;Salmonids;Other salmonids;ACH;Arctic char;62000;Live weight;455450
2023;DE;Germany;Salmonids;Other salmonids;CHR;Chars nei;1610000;Live weight;8275160
2023;DE;Germany;Freshwater fish;Freshwater catfish;CLZ;North African catfish;372200;Live weight;1614980
2023;DE;Germany;Freshwater fish;Carp;CWG;Prussian carp;42400;Live weight;107780
2023;DE;Germany;Freshwater fish;Eel;ELE;European eel;1163000;Live weight;16316420
2023;DE;Germany;Freshwater fish;Other freshwater fish;FBM;Freshwater bream;14800;Live weight;60430
2023;DE;Germany;Freshwater fish;Carp;FCC;Crucian carp;11500;Live weight;39300
2023;DE;Germany;Freshwater fish;Carp;FCG;Grass carp(=White amur);98600;Live weight;503750
2023;DE;Germany;Freshwater fish;Carp;FCP;Common carp;4056000;Live weight;13424970
2023;DE;Germany;Freshwater fish;Other freshwater fish;FPE;European perch;8800;Live weight;83070
2023;DE;Germany;Freshwater fish;Pike;FPI;Northern pike;44000;Live weight;364310
2023;DE;Germany;Freshwater fish;Pike-perch;FPP;Pike-perch;147800;Live weight;2201330
2023;DE;Germany;Freshwater fish;Other freshwater fish;FRF;Freshwater fishes nei;545000;Live weight;2179940
2023;DE;Germany;Freshwater fish;Other freshwater fish;FTE;Tench;119000;Live weight;674710
2023;DE;Germany;Salmonids;Salmon;HUC;Huchen;1800;Live weight;31920
2023;DE;Germany;Bivalves and other molluscs and aquatic invertebrates;Mussel Mytilus spp;MUS;Blue mussel;18029000;Live weight;29746990
2023;DE;Germany;Bivalves and other molluscs and aquatic invertebrates;Oyster;OYG;Pacific cupped oyster;50000;Live weight;449990
2023;DE;Germany;Crustaceans;Shrimp, warmwater;PNV;Whiteleg shrimp;34300;Live weight;1520690
2023;DE;Germany;Freshwater fish;Freshwater catfish;SOM;Wels(=Som)catfish;128000;Live weight;920290
2023;DE;Germany;Freshwater fish;Other freshwater fish;SRE;Rudd;27000;Live weight;156010
2023;DE;Germany;Freshwater fish;Other freshwater fish;STU;Sturgeons nei;109000;Live weight;893770
2023;DE;Germany;Salmonids;Trout;SVF;Brook trout;324000;Live weight;2271170
2023;DE;Germany;Salmonids;Trout;TRR;Rainbow trout;7620000;Live weight;46404450
2023;DE;Germany;Salmonids;Trout;TRS;Sea trout;610000;Live weight;4355270
2023;EL;Greece;Other marine fish;Seabass, European;BSS;European seabass;44200900;Live weight;284971670
2023;EL;Greece;Other marine fish;Other marine fish;COB;Shi drum;63300;Live weight;319870
2023;EL;Greece;Crustaceans;Crab;CRA;Marine crabs nei;73400;Live weight;75810
2023;EL;Greece;Freshwater fish;Carp;FCP;Common carp;45600;Live weight;113640
2023;EL;Greece;Other marine fish;Other marine fish;MGR;Meagre;4449100;Live weight;21677420
2023;EL;Greece;Bivalves and other molluscs and aquatic invertebrates;Mussel Mytilus spp;MSM;Mediterranean mussel;18008400;Live weight;11897360
2023;EL;Greece;Other marine fish;Other marine fish;MUF;Flathead grey mullet;150000;Live weight;469130
2023;EL;Greece;Other marine fish;Other marine fish;MZZ;Marine fishes nei;104700;Live weight;112640
2023;EL;Greece;Other marine fish;Seabream, other;RPG;Red porgy;6454700;Live weight;37598690
2023;EL;Greece;Other marine fish;Seabream, gilthead;SBG;Gilthead seabream;65096900;Live weight;318005400
2023;EL;Greece;Freshwater fish;Other freshwater fish;STU;Sturgeons nei;139600;Live weight;243780
2023;EL;Greece;Miscellaneous aquatic products;Seaweed and other algae;SWX;Seaweeds nei;17600;Live weight;408120
2023;EL;Greece;Salmonids;Trout;TRR;Rainbow trout;2103500;Live weight;7912400
2023;HU;Hungary;Freshwater fish;Freshwater catfish;CTO;Torpedo-shaped catfishes nei;4090380;Live weight;9962170
2023;HU;Hungary;Freshwater fish;Carp;FCG;Grass carp(=White amur);562900;Live weight;1791090
2023;HU;Hungary;Freshwater fish;Carp;FCP;Common carp;11037230;Live weight;40928960
2023;HU;Hungary;Freshwater fish;Pike;FPI;Northern pike;21880;Live weight;204420
2023;HU;Hungary;Freshwater fish;Pike-perch;FPP;Pike-perch;26420;Live weight;334510
2023;HU;Hungary;Freshwater fish;Other freshwater fish;FRF;Freshwater fishes nei;669390;Live weight;1478000
2023;HU;Hungary;Freshwater fish;Other freshwater fish;FTE;Tench;4350;Live weight;36450
2023;HU;Hungary;Freshwater fish;Carp;HXP;Carps nei;972200;Live weight;1176260
2023;HU;Hungary;Freshwater fish;Freshwater catfish;SOM;Wels(=Som)catfish;232550;Live weight;1587660
2023;HU;Hungary;Freshwater fish;Other freshwater fish;STU;Sturgeons nei;155710;Live weight;1319590
2023;HU;Hungary;Salmonids;Trout;TRR;Rainbow trout;75550;Live weight;553990
2023;IE;Ireland;Bivalves and other molluscs and aquatic invertebrates;Mussel Mytilus spp;MUS;Blue mussel;14683900;Live weight;12868630
2023;IE;Ireland;Bivalves and other molluscs and aquatic invertebrates;Oyster;OYF;European flat oyster;461630;Live weight;2860260
2023;IE;Ireland;Bivalves and other molluscs and aquatic invertebrates;Oyster;OYG;Pacific cupped oyster;7795250;Live weight;40298600
2023;IE;Ireland;Salmonids;Salmon;SAL;Atlantic salmon;9289360;Live weight;94751510
2023;IE;Ireland;Miscellaneous aquatic products;Seaweed and other algae;SWX;Seaweeds nei;532200;Live weight;650880
2023;IT;Italy;Salmonids;Other salmonids;ACH;Arctic char;96000;Live weight;597000
2023;IT;Italy;Other marine fish;Seabass, European;BSS;European seabass;4820900;Live weight;40476190
2023;IT;Italy;Salmonids;Other salmonids;CHR;Chars nei;10100;Live weight;66200
2023;IT;Italy;Bivalves and other molluscs and aquatic invertebrates;Clam;CLJ;Japanese carpet shell;21547200;Live weight;198339110
2023;IT;Italy;Crustaceans;Shrimp, miscellaneous;CPR;Common prawn;5400;Live weight;89150
2023;IT;Italy;Bivalves and other molluscs and aquatic invertebrates;Clam;CTG;Grooved carpet shell;30000;Live weight;438550
2023;IT;Italy;Freshwater fish;Eel;ELE;European eel;271500;Live weight;4300890
2023;IT;Italy;Freshwater fish;Carp;FCC;Crucian carp;5900;Live weight;20060
2023;IT;Italy;Freshwater fish;Carp;FCP;Common carp;184400;Live weight;859390
2023;IT;Italy;Freshwater fish;Other freshwater fish;FCY;Cyprinids nei;33500;Live weight;260750
2023;IT;Italy;Freshwater fish;Other freshwater fish;FPE;European perch;500;Live weight;5500
2023;IT;Italy;Freshwater fish;Other freshwater fish;FTE;Tench;24000;Live weight;185000
2023;IT;Italy;Freshwater fish;Other freshwater fish;ITM;Black bullhead;38600;Live weight;237300
2023;IT;Italy;Freshwater fish;Freshwater catfish;ITP;Channel catfish;107300;Live weight;523320
2023;IT;Italy;Other marine fish;Other marine fish;MGR;Meagre;363000;Live weight;2704110
2023;IT;Italy;Other marine fish;Other marine fish;MGS; ;196100;Live weight;1273480
2023;IT;Italy;Freshwater fish;Other freshwater fish;MPS;Largemouth black bass;38600;Live weight;302030
2023;IT;Italy;Bivalves and other molluscs and aquatic invertebrates;Mussel Mytilus spp;MSM;Mediterranean mussel;57279300;Live weight;83893550
2023;IT;Italy;Other marine fish;Other marine fish;MUL;Mullets nei;157000;Live weight;1275530
2023;IT;Italy;Bivalves and other molluscs and aquatic invertebrates;Oyster;OYF;European flat oyster;2000;Live weight;13800
2023;IT;Italy;Bivalves and other molluscs and aquatic invertebrates;Oyster;OYG;Pacific cupped oyster;301900;Live weight;2997950
2023;IT;Italy;Other marine fish;Other marine fish;RDM;Red drum;176000;Live weight;1716000
2023;IT;Italy;Other marine fish;Seabream, gilthead;SBG;Gilthead seabream;7482000;Live weight;58744720
2023;IT;Italy;Freshwater fish;Other freshwater fish;SBH;Striped bass, hybrid;141100;Live weight;871730
2023;IT;Italy;Other marine fish;Seabream, other;SBX;Porgies, seabreams nei;9300;Live weight;97750
2023;IT;Italy;Miscellaneous aquatic products;Seaweed and other algae;SIZ;Spirulina nei;27500;Live weight;2062500
2023;IT;Italy;Flatfish;Sole, common;SOL;Common sole;7600;Live weight;142300
2023;IT;Italy;Freshwater fish;Other freshwater fish;STU;Sturgeons nei;1097900;Live weight;8183010
2023;IT;Italy;Freshwater fish;Carp;SVC;Silver carp;30000;Live weight;150000
2023;IT;Italy;Salmonids;Trout;SVF;Brook trout;666900;Live weight;3509850
2023;IT;Italy;Other marine fish;Seabream, other;SWA;White seabream;7100;Live weight;92750
2023;IT;Italy;Salmonids;Other salmonids;TLV;Grayling;12000;Live weight;115300
2023;IT;Italy;Salmonids;Trout;TRO;Trouts nei;315300;Live weight;1719500
2023;IT;Italy;Salmonids;Trout;TRR;Rainbow trout;34143300;Live weight;201310180
2023;IT;Italy;Salmonids;Trout;TRS;Sea trout;85100;Live weight;495390
2023;IT;Italy;Salmonids;Other salmonids;WHF;Whitefishes nei;32000;Live weight;260000
2023;LV;Latvia;Freshwater fish;Carp;FCC;Crucian carp;14600;Live weight;17130
2023;LV;Latvia;Freshwater fish;Pike;FPI;Northern pike;11500;Live weight;39700
2023;LV;Latvia;Freshwater fish;Other freshwater fish;FRF;Freshwater fishes nei;114060;Live weight;744790
2023;LV;Latvia;Freshwater fish;Other freshwater fish;FTE;Tench;5100;Live weight;12250
2023;LV;Latvia;Freshwater fish;Other freshwater fish;STU;Sturgeons nei;28200;Live weight;225030
2023;LT;Lithuania;Freshwater fish;Carp;BIC;Bighead carp;117530;Live weight;448260
2023;LT;Lithuania;Freshwater fish;Freshwater catfish;CLZ;North African catfish;771960;Live weight;3199870
2023;LT;Lithuania;Freshwater fish;Carp;FCC;Crucian carp;33200;Live weight;77220
2023;LT;Lithuania;Freshwater fish;Carp;FCG;Grass carp(=White amur);44320;Live weight;229660
2023;LT;Lithuania;Freshwater fish;Carp;FCP;Common carp;2144030;Live weight;8831150
2023;LT;Lithuania;Freshwater fish;Pike;FPI;Northern pike;19020;Live weight;95360
2023;LT;Lithuania;Freshwater fish;Other freshwater fish;FRF;Freshwater fishes nei;238720;Live weight;1622950
2023;LT;Lithuania;Freshwater fish;Other freshwater fish;FTE;Tench;15450;Live weight;118740
2023;LT;Lithuania;Freshwater fish;Freshwater catfish;SOM;Wels(=Som)catfish;2870;Live weight;27630
2023;LT;Lithuania;Freshwater fish;Other freshwater fish;STU;Sturgeons nei;126350;Live weight;888280
2023;LT;Lithuania;Salmonids;Trout;TRR;Rainbow trout;214350;Live weight;1103550
2023;MT;Malta;Tuna and tuna-like species;Tuna, bluefin;BFT;Atlantic bluefin tuna;18623710;Live weight;188961750
2023;MT;Malta;Other marine fish;Seabass, European;BSS;European seabass;15330;Live weight;135100
2023;MT;Malta;Other marine fish;Seabream, gilthead;SBG;Gilthead seabream;2164670;Live weight;9851430
2023;NL;Netherlands;Other marine fish;Other marine fish;DIA;Diadromous fishes nei;2120000;Live weight;27198810
2023;NL;Netherlands;Freshwater fish;Other freshwater fish;FRF;Freshwater fishes nei;2650000;Live weight;6651310
2023;NL;Netherlands;Miscellaneous aquatic products;Seaweed and other algae;LQX;Sea belt;40000;Live weight;160000
2023;NL;Netherlands;Bivalves and other molluscs and aquatic invertebrates;Mussel Mytilus spp;MUS;Blue mussel;32501000;Live weight;55691760
2023;NL;Netherlands;Other marine fish;Other marine fish;MZZ;Marine fishes nei;2225000;Live weight;22249350
2023;NL;Netherlands;Bivalves and other molluscs and aquatic invertebrates;Oyster;OYC;Cupped oysters nei;1539800;Live weight;3875750
2023;NL;Netherlands;Bivalves and other molluscs and aquatic invertebrates;Oyster;OYF;European flat oyster;99900;Live weight;684910
2023;NL;Netherlands;Miscellaneous aquatic products;Seaweed and other algae;UDP;Wakame;40000;Live weight;179990
2023;NL;Netherlands;Miscellaneous aquatic products;Seaweed and other algae;UYH;Sea lettuces nei;5000;Live weight;20000
2023;PL;Poland;Freshwater fish;Other freshwater fish;ASU;Asp;760;Live weight;3490
2023;PL;Poland;Freshwater fish;Carp;BIC;Bighead carp;460920;Live weight;1296810
2023;PL;Poland;Salmonids;Other salmonids;CHR;Chars nei;895060;Live weight;5283260
2023;PL;Poland;Freshwater fish;Freshwater catfish;CLZ;North African catfish;457000;Live weight;2520740
2023;PL;Poland;Freshwater fish;Carp;CWG;Prussian carp;196530;Live weight;550530
2023;PL;Poland;Freshwater fish;Eel;ELE;European eel;8440;Live weight;123900
2023;PL;Poland;Freshwater fish;Other freshwater fish;FBM;Freshwater bream;1200;Live weight;2910
2023;PL;Poland;Freshwater fish;Other freshwater fish;FBU;Burbot;610;Live weight;4630
2023;PL;Poland;Freshwater fish;Carp;FCG;Grass carp(=White amur);671670;Live weight;3058890
2023;PL;Poland;Freshwater fish;Carp;FCP;Common carp;17697370;Live weight;81693730
2023;PL;Poland;Freshwater fish;Other freshwater fish;FID;Orfe(=Ide);11350;Live weight;40310
2023;PL;Poland;Freshwater fish;Other freshwater fish;FPE;European perch;5770;Live weight;26640
2023;PL;Poland;Freshwater fish;Pike;FPI;Northern pike;262320;Live weight;1850050
2023;PL;Poland;Freshwater fish;Pike-perch;FPP;Pike-perch;42930;Live weight;449740
2023;PL;Poland;Freshwater fish;Other freshwater fish;FRF;Freshwater fishes nei;4630;Live weight;30290
2023;PL;Poland;Freshwater fish;Other freshwater fish;FRO;Roach;47530;Live weight;121590
2023;PL;Poland;Freshwater fish;Other freshwater fish;FRX;Roaches nei;660;Live weight;1020
2023;PL;Poland;Freshwater fish;Other freshwater fish;FTE;Tench;254730;Live weight;1397700
2023;PL;Poland;Salmonids;Other salmonids;PLN;European whitefish;9200;Live weight;68430
2023;PL;Poland;Freshwater fish;Freshwater catfish;SOM;Wels(=Som)catfish;135310;Live weight;1022120
2023;PL;Poland;Freshwater fish;Other freshwater fish;STU;Sturgeons nei;852930;Live weight;7180340
2023;PL;Poland;Freshwater fish;Carp;SVC;Silver carp;65130;Live weight;207270
2023;PL;Poland;Salmonids;Trout;SVF;Brook trout;274080;Live weight;1530930
2023;PL;Poland;Salmonids;Trout;TRO;Trouts nei;9260;Live weight;62520
2023;PL;Poland;Salmonids;Trout;TRR;Rainbow trout;18281020;Live weight;77157010
2023;PL;Poland;Salmonids;Trout;TRS;Sea trout;20110;Live weight;203660
2023;PT;Portugal;Tuna and tuna-like species;Tuna, bluefin;BFT;Atlantic bluefin tuna;109970;Live weight;1078200
2023;PT;Portugal;Bivalves and other molluscs and aquatic invertebrates;Molluscs and aquatic invertebrates, other;BOY;Purple dye murex;120;Live weight;1700
2023;PT;Portugal;Other marine fish;Seabass, European;BSS;European seabass;1249310;Live weight;10130070
2023;PT;Portugal;Bivalves and other molluscs and aquatic invertebrates;Clam;CLJ;Japanese carpet shell;6260;Live weight;23300
2023;PT;Portugal;Bivalves and other molluscs and aquatic invertebrates;Clam;COC;Common edible cockle;92090;Live weight;202720
2023;PT;Portugal;Bivalves and other molluscs and aquatic invertebrates;Clam;CTG;Grooved carpet shell;5876520;Live weight;123319810
2023;PT;Portugal;Freshwater fish;Eel;ELE;European eel;600;Live weight;10000
2023;PT;Portugal;Other marine fish;Other marine fish;MGS; ;2700;Live weight;7960
2023;PT;Portugal;Bivalves and other molluscs and aquatic invertebrates;Mussel Mytilus spp;MSM;Mediterranean mussel;1317220;Live weight;1238190
2023;PT;Portugal;Bivalves and other molluscs and aquatic invertebrates;Mussel Mytilus spp;MUS;Blue mussel;2390;Live weight;5670
2023;PT;Portugal;Bivalves and other molluscs and aquatic invertebrates;Mussel Mytilus spp;MYV;Mytilus mussels nei;568600;Live weight;417650
2023;PT;Portugal;Flatfish;Sole, other;OAL;Senegalese sole;634360;Live weight;11463900
2023;PT;Portugal;Bivalves and other molluscs and aquatic invertebrates;Oyster;OST;Flat and cupped oysters nei;730610;Live weight;2659520
2023;PT;Portugal;Bivalves and other molluscs and aquatic invertebrates;Oyster;OYF;European flat oyster;15000;Live weight;120000
2023;PT;Portugal;Bivalves and other molluscs and aquatic invertebrates;Oyster;OYG;Pacific cupped oyster;1688050;Live weight;7354030
2023;PT;Portugal;Crustaceans;Shrimp, miscellaneous;PVR;Atlantic ditch shrimp;17010;Live weight;51100
2023;PT;Portugal;Bivalves and other molluscs and aquatic invertebrates;Clam;RAE;European razor clam;4830;Live weight;28720
2023;PT;Portugal;Other marine fish;Seabream, gilthead;SBG;Gilthead seabream;2320030;Live weight;14967030
2023;PT;Portugal;Flatfish;Sole, common;SOL;Common sole;1640;Live weight;25910
2023;PT;Portugal;Other marine fish;Seabream, other;SWA;White seabream;900;Live weight;4690
2023;PT;Portugal;Miscellaneous aquatic products;Seaweed and other algae;SWX;Seaweeds nei;10;Live weight;1640
2023;PT;Portugal;Salmonids;Trout;TRR;Rainbow trout;173800;Live weight;629090
2023;PT;Portugal;Salmonids;Trout;TRS;Sea trout;10360;Live weight;53040
2023;PT;Portugal;Flatfish;Turbot;TUR;Turbot;3253700;Live weight;36738160
2023;PT;Portugal;Bivalves and other molluscs and aquatic invertebrates;Clam;VNA;Golden carpet shell;2540;Live weight;2620
2023;PT;Portugal;Bivalves and other molluscs and aquatic invertebrates;Clam;VUC;Corrugated venus;209130;Live weight;1057480
2023;RO;Romania;Freshwater fish;Carp;BIC;Bighead carp;1881000;Live weight;4182790
2023;RO;Romania;Freshwater fish;Freshwater catfish;CLZ;North African catfish;71000;Live weight;287060
2023;RO;Romania;Freshwater fish;Carp;FCC;Crucian carp;875000;Live weight;2122630
2023;RO;Romania;Freshwater fish;Carp;FCG;Grass carp(=White amur);146000;Live weight;649320
2023;RO;Romania;Freshwater fish;Carp;FCP;Common carp;3061000;Live weight;13613520
2023;RO;Romania;Freshwater fish;Pike;FPI;Northern pike;27000;Live weight;163750
2023;RO;Romania;Freshwater fish;Pike-perch;FPP;Pike-perch;40000;Live weight;242590
2023;RO;Romania;Freshwater fish;Other freshwater fish;FRF;Freshwater fishes nei;140000;Live weight;283020
2023;RO;Romania;Freshwater fish;Freshwater catfish;SOM;Wels(=Som)catfish;104000;Live weight;504580
2023;RO;Romania;Freshwater fish;Other freshwater fish;STU;Sturgeons nei;225000;Live weight;2183270
2023;RO;Romania;Freshwater fish;Carp;SVC;Silver carp;1165000;Live weight;2355110
2023;RO;Romania;Salmonids;Trout;TRR;Rainbow trout;3527000;Live weight;21390020
2023;SK;Slovakia;Freshwater fish;Freshwater catfish;CLZ;North African catfish;980490;Live weight;2132190
2023;SK;Slovakia;Freshwater fish;Carp;FCP;Common carp;589080;Live weight;1924380
2023;SK;Slovakia;Freshwater fish;Other freshwater fish;FRF;Freshwater fishes nei;136050;Live weight;735750
2023;SK;Slovakia;Salmonids;Trout;TRR;Rainbow trout;1062590;Live weight;4161840
2023;SI;Slovenia;Other marine fish;Seabass, European;BSS;European seabass;60000;Live weight;461990
2023;SI;Slovenia;Freshwater fish;Carp;FCP;Common carp;121810;Live weight;448260
2023;SI;Slovenia;Freshwater fish;Other freshwater fish;FRF;Freshwater fishes nei;93030;Live weight;345130
2023;SI;Slovenia;Bivalves and other molluscs and aquatic invertebrates;Mussel Mytilus spp;MSM;Mediterranean mussel;187720;Live weight;251540
2023;SI;Slovenia;Other marine fish;Seabream, gilthead;SBG;Gilthead seabream;45000;Live weight;341990
2023;SI;Slovenia;Salmonids;Trout;TRR;Rainbow trout;586860;Live weight;3368600
2023;SI;Slovenia;Bivalves and other molluscs and aquatic invertebrates;Clam;VEV;Warty venus;14000;Live weight;128800
2023;ES;Spain;Other marine fish;Other marine fish;AMB;Greater amberjack;43990;Live weight;747690
2023;ES;Spain;Freshwater fish;Other freshwater fish;APB;Siberian sturgeon;36490;Live weight;222840
2023;ES;Spain;Tuna and tuna-like species;Tuna, bluefin;BFT;Atlantic bluefin tuna;10652850;Live weight;171195850
2023;ES;Spain;Other marine fish;Seabass, European;BSS;European seabass;24413290;Live weight;199767300
2023;ES;Spain;Bivalves and other molluscs and aquatic invertebrates;Clam;CLJ;Japanese carpet shell;863530;Live weight;10606450
2023;ES;Spain;Bivalves and other molluscs and aquatic invertebrates;Clam;COC;Common edible cockle;129450;Live weight;1362950
2023;ES;Spain;Bivalves and other molluscs and aquatic invertebrates;Clam;CTG;Grooved carpet shell;17140;Live weight;644960
2023;ES;Spain;Freshwater fish;Other freshwater fish;FTE;Tench;7110;Live weight;51720
2023;ES;Spain;Crustaceans;Shrimp, warmwater;KUP;Kuruma prawn;36490;Live weight;1156340
2023;ES;Spain;Other marine fish;Other marine fish;MGC;Thinlip grey mullet;13790;Live weight;48640
2023;ES;Spain;Other marine fish;Other marine fish;MGR;Meagre;7611170;Live weight;33168790
2023;ES;Spain;Other marine fish;Other marine fish;MGS; ;39920;Live weight;241480
2023;ES;Spain;Bivalves and other molluscs and aquatic invertebrates;Molluscs and aquatic invertebrates, other;MOL;Marine molluscs nei;28180;Live weight;169210
2023;ES;Spain;Bivalves and other molluscs and aquatic invertebrates;Mussel Mytilus spp;MSM;Mediterranean mussel;155741100;Live weight;125510800
2023;ES;Spain;Other marine fish;Other marine fish;MZZ;Marine fishes nei;452150;Live weight;6412560
2023;ES;Spain;Flatfish;Sole, other;OAL;Senegalese sole;713470;Live weight;8971520
2023;ES;Spain;Bivalves and other molluscs and aquatic invertebrates;Oyster;OYF;European flat oyster;245920;Live weight;1648300
2023;ES;Spain;Bivalves and other molluscs and aquatic invertebrates;Oyster;OYG;Pacific cupped oyster;1192770;Live weight;4265740
2023;ES;Spain;Crustaceans;Shrimp, miscellaneous;PVR;Atlantic ditch shrimp;309710;Live weight;1529500
2023;ES;Spain;Other marine fish;Seabream, gilthead;SBG;Gilthead seabream;13206010;Live weight;68559280
2023;ES;Spain;Other marine fish;Seabass, other;SPU;Spotted seabass;200;Live weight;310
2023;ES;Spain;Freshwater fish;Other freshwater fish;STU;Sturgeons nei;29140;Live weight;187820
2023;ES;Spain;Other marine fish;Seabream, other;SWA;White seabream;900;Live weight;1640
2023;ES;Spain;Miscellaneous aquatic products;Seaweed and other algae;SWX;Seaweeds nei;25740;Live weight;2284130
2023;ES;Spain;Crustaceans;Shrimp, warmwater;TGS;Caramote prawn;680;Live weight;19790
2023;ES;Spain;Salmonids;Trout;TRR;Rainbow trout;17514980;Live weight;78434150
2023;ES;Spain;Flatfish;Turbot;TUR;Turbot;9394650;Live weight;83510900
2023;ES;Spain;Miscellaneous aquatic products;Seaweed and other algae;ULL;Spirulina platensis;2350;Live weight;296590
2023;ES;Spain;Bivalves and other molluscs and aquatic invertebrates;Clam;VUC;Corrugated venus;30360;Live weight;648600
2023;SE;Sweden;Crustaceans;Freshwater crayfish;AYS;Euro-American crayfishes nei;200;Live weight;6260
2023;SE;Sweden;Freshwater fish;Eel;ELE;European eel;52000;Live weight;511900
2023;SE;Sweden;Freshwater fish;Other freshwater fish;FRF;Freshwater fishes nei;1222000;Live weight;8201510
2023;SE;Sweden;Bivalves and other molluscs and aquatic invertebrates;Mussel Mytilus spp;MUS;Blue mussel;1684000;Live weight;2493990
2023;SE;Sweden;Salmonids;Trout;TRR;Rainbow trout;8467000;Live weight;36318520
2023;AT;Austria;Crustaceans;Shrimp, warmwater;PEN;Penaeus shrimps nei;28950;Live weight;1740820
2023;AT;Austria;Freshwater fish;Other freshwater fish;QEU;Perches;5890;Live weight;65560
2023;AT;Austria;Salmonids;Other salmonids;SLX;Salmonoids nei;5890;Live weight;51320
2023;AT;Austria;Freshwater fish;Freshwater catfish;SOM;Wels(=Som)catfish;36500;Live weight;352730
2023;AT;Austria;Freshwater fish;Other freshwater fish;SRE;Rudd;1850;Live weight;12070
2023;AT;Austria;Freshwater fish;Other freshwater fish;STU;Sturgeons nei;16730;Live weight;266210
2023;AT;Austria;Freshwater fish;Carp;SVC;Silver carp;9010;Live weight;9700
2023;AT;Austria;Salmonids;Trout;SVF;Brook trout;678960;Live weight;5671550
2023;AT;Austria;Salmonids;Other salmonids;TLV;Grayling;2150;Live weight;39600
2023;AT;Austria;Salmonids;Trout;TRR;Rainbow trout;1919760;Live weight;15917960
2023;AT;Austria;Salmonids;Trout;TRS;Sea trout;554230;Live weight;4452760
2023;AT;Austria;Salmonids;Other salmonids;WHF;Whitefishes nei;2550;Live weight;32770
2023;BE;Belgium;Freshwater fish;Other freshwater fish;FRF;Freshwater fishes nei;261000;Live weight;1832170
2023;BG;Bulgaria;Freshwater fish;Other freshwater fish;APR;Sterlet sturgeon;1820;Live weight;13090
2023;BG;Bulgaria;Crustaceans;Freshwater crayfish;AAS;Noble crayfish;370;Live weight;1870
2023;BG;Bulgaria;Freshwater fish;Other freshwater fish;ALR;Bleak;310;Live weight;530
2023;AT;Austria;Salmonids;Other salmonids;ACH;Arctic char;263580;Live weight;3265390
2023;AT;Austria;Freshwater fish;Freshwater catfish;CLZ;North African catfish;494310;Live weight;2941040
2023;AT;Austria;Crustaceans;Freshwater crayfish;EWA;European crayfishes nei;1110;Live weight;27610
2023;AT;Austria;Freshwater fish;Other freshwater fish;FBU;Burbot;1100;Live weight;18710
2023;AT;Austria;Freshwater fish;Carp;FCG;Grass carp(=White amur);42500;Live weight;302430
2023;HR;Croatia;Freshwater fish;Carp;FCP;Common carp;2294280;Live weight;9326250
2023;HR;Croatia;Freshwater fish;Pike;FPI;Northern pike;6750;Live weight;52750
2023;HR;Croatia;Freshwater fish;Pike-perch;FPP;Pike-perch;4670;Live weight;48120
2023;HR;Croatia;Freshwater fish;Other freshwater fish;FRF;Freshwater fishes nei;93570;Live weight;235150
2023;HR;Croatia;Bivalves and other molluscs and aquatic invertebrates;Mussel Mytilus spp;MSM;Mediterranean mussel;937990;Live weight;1966020
2023;HR;Croatia;Other marine fish;Other marine fish;MZZ;Marine fishes nei;1442320;Live weight;10380360
2023;HR;Croatia;Bivalves and other molluscs and aquatic invertebrates;Oyster;OYF;European flat oyster;93430;Live weight;1132350
2023;HR;Croatia;Other marine fish;Seabream, gilthead;SBG;Gilthead seabream;8922280;Live weight;63151860
2023;HR;Croatia;Freshwater fish;Freshwater catfish;SOM;Wels(=Som)catfish;59870;Live weight;388660
2023;HR;Croatia;Freshwater fish;Carp;SVC;Silver carp;215430;Live weight;255500
2023;HR;Croatia;Salmonids;Trout;TRR;Rainbow trout;418070;Live weight;1937350
2023;HR;Croatia;Salmonids;Trout;TRS;Sea trout;20200;Live weight;162290
2023;CY;Cyprus;Freshwater fish;Other freshwater fish;APB;Siberian sturgeon;1300;Live weight;22370
2023;CY;Cyprus;Other marine fish;Seabass, European;BSS;European seabass;1854000;Live weight;15421570
2023;CY;Cyprus;Other marine fish;Other marine fish;MGR;Meagre;107200;Live weight;604180
2023;CY;Cyprus;Crustaceans;Shrimp, warmwater;PNI;Indian white prawn;9400;Live weight;130680
2023;CY;Cyprus;Other marine fish;Seabream, other;REV;Japanese seabream;16200;Live weight;166440
2023;CY;Cyprus;Other marine fish;Seabream, gilthead;SBG;Gilthead seabream;3651000;Live weight;22241890
2023;CY;Cyprus;Salmonids;Trout;TRR;Rainbow trout;61100;Live weight;524540
2023;CZ;Czechia;Freshwater fish;Carp;BIC;Bighead carp;228000;Live weight;275450
2023;CZ;Czechia;Freshwater fish;Eel;ELE;European eel;200;Live weight;670
2023;CZ;Czechia;Freshwater fish;Carp;FCG;Grass carp(=White amur);496000;Live weight;1426040
2023;CZ;Czechia;Freshwater fish;Carp;FCP;Common carp;15903000;Live weight;41076940
2023;CZ;Czechia;Freshwater fish;Other freshwater fish;FPE;European perch;24000;Live weight;72390
2023;CZ;Czechia;Freshwater fish;Pike;FPI;Northern pike;125000;Live weight;911510
2023;CZ;Czechia;Freshwater fish;Pike-perch;FPP;Pike-perch;62000;Live weight;816890
2023;CZ;Czechia;Freshwater fish;Other freshwater fish;FRF;Freshwater fishes nei;758000;Live weight;1769510
2023;CZ;Czechia;Freshwater fish;Other freshwater fish;FTE;Tench;150000;Live weight;569080
2023;CZ;Czechia;Salmonids;Other salmonids;PLN;European whitefish;2000;Live weight;8170
2023;CZ;Czechia;Freshwater fish;Freshwater catfish;SOM;Wels(=Som)catfish;86000;Live weight;448470
2023;CZ;Czechia;Freshwater fish;Carp;SVC;Silver carp;122000;Live weight;121980
2023;CZ;Czechia;Salmonids;Trout;SVF;Brook trout;221000;Live weight;1088200
2023;CZ;Czechia;Salmonids;Trout;TRR;Rainbow trout;436100;Live weight;2031480
2023;DK;Denmark;Miscellaneous aquatic products;Seaweed and other algae;LQX;Sea belt;13800;Live weight;67110
2023;DK;Denmark;Salmonids;Trout;TRO;Trouts nei;1233900;Live weight;8055810
2023;DK;Denmark;Salmonids;Trout;TRR;Rainbow trout;21959630;Live weight;93086710
2023;EE;Estonia;Crustaceans;Freshwater crayfish;AAS;Noble crayfish;490;Live weight;30160
2023;EE;Estonia;Salmonids;Other salmonids;ACH;Arctic char;3000;Live weight;18000
2023;EE;Estonia;Freshwater fish;Eel;ELE;European eel;36590;Live weight;469700
2023;EE;Estonia;Freshwater fish;Other freshwater fish;FRF;Freshwater fishes nei;69250;Live weight;340610
2023;EE;Estonia;Freshwater fish;Other freshwater fish;STU;Sturgeons nei;27360;Live weight;384660
2023;EE;Estonia;Salmonids;Trout;TRR;Rainbow trout;784780;Live weight;4494840
2023;FI;Finland;Other marine fish;Other marine fish;FIN;Finfishes nei;87900;Live weight;992920
2023;FI;Finland;Salmonids;Other salmonids;PLN;European whitefish;654500;Live weight;6847380
2023;FI;Finland;Salmonids;Trout;TRR;Rainbow trout;14426100;Live weight;77540290
2023;FR;France;Other marine fish;Seabass, European;BSS;European seabass;2340340;Live weight;23136890
2023;FR;France;Bivalves and other molluscs and aquatic invertebrates;Clam;CLJ;Japanese carpet shell;506010;Live weight;4747770
2023;FR;France;Bivalves and other molluscs and aquatic invertebrates;Clam;CLX;Clams, etc. nei;130380;Live weight;1123790
2023;FR;France;Bivalves and other molluscs and aquatic invertebrates;Clam;COC;Common edible cockle;693840;Live weight;2482730
2023;FR;France;Freshwater fish;Carp;FCG;Grass carp(=White amur);26120;Live weight;171470
2023;FR;France;Freshwater fish;Carp;FCP;Common carp;2005710;Live weight;8642970
2023;FR;France;Freshwater fish;Other freshwater fish;FPE;European perch;172030;Live weight;630600
2023;FR;France;Freshwater fish;Pike;FPI;Northern pike;243150;Live weight;1162630
2023;FR;France;Freshwater fish;Pike-perch;FPP;Pike-perch;195670;Live weight;782490
2023;FR;France;Freshwater fish;Other freshwater fish;FRF;Freshwater fishes nei;1653570;Live weight;10432120
2023;FR;France;Freshwater fish;Other freshwater fish;FRX;Roaches nei;964750;Live weight;4727300
2023;FR;France;Freshwater fish;Other freshwater fish;FTE;Tench;295930;Live weight;1472150
2023;FR;France;Crustaceans;Shrimp, warmwater;KUP;Kuruma prawn;113550;Live weight;4247760
2023;FR;France;Freshwater fish;Other freshwater fish;MPS;Largemouth black bass;118550;Live weight;524890
2023;FR;France;Bivalves and other molluscs and aquatic invertebrates;Mussel Mytilus spp;MSM;Mediterranean mussel;2429600;Live weight;6379200
2023;FR;France;Bivalves and other molluscs and aquatic invertebrates;Mussel Mytilus spp;MUS;Blue mussel;52101450;Live weight;129461460
2023;FR;France;Other marine fish;Other marine fish;MZZ;Marine fishes nei;1400370;Live weight;15830640
2023;FR;France;Bivalves and other molluscs and aquatic invertebrates;Oyster;OYF;European flat oyster;1086580;Live weight;7941480
2023;FR;France;Bivalves and other molluscs and aquatic invertebrates;Oyster;OYG;Pacific cupped oyster;89323040;Live weight;506770330
2023;AT;Austria;Freshwater fish;Carp;FCP;Common carp;557320;Live weight;2816820
2023;AT;Austria;Freshwater fish;Other freshwater fish;FCY;Cyprinids nei;1610;Live weight;11310
2023;AT;Austria;Freshwater fish;Pike;FPI;Northern pike;6140;Live weight;100310
2023;AT;Austria;Freshwater fish;Pike-perch;FPP;Pike-perch;24960;Live weight;466270
2023;AT;Austria;Freshwater fish;Other freshwater fish;FRO;Roach;3600;Live weight;18950
2023;AT;Austria;Freshwater fish;Other freshwater fish;FTE;Tench;5130;Live weight;50840
2023;AT;Austria;Salmonids;Salmon;HUC;Huchen;10290;Live weight;180790
2023;AT;Austria;Salmonids;Trout;ONA;Golden trout;9730;Live weight;139460
2023;BG;Bulgaria;Freshwater fish;Other freshwater fish;APB;Siberian sturgeon;15040;Live weight;96890
2023;BG;Bulgaria;Freshwater fish;Other freshwater fish;APG;Danube sturgeon(=Osetr);170610;Live weight;1084300
2023;BG;Bulgaria;Freshwater fish;Carp;BIC;Bighead carp;613490;Live weight;953580
2023;BG;Bulgaria;Freshwater fish;Other freshwater fish;BKC;Black carp;130;Live weight;430
2023;BG;Bulgaria;Freshwater fish;Other freshwater fish;CGO;Goldfish;186780;Live weight;199600
2023;BG;Bulgaria;Freshwater fish;Freshwater catfish;CLZ;North African catfish;63610;Live weight;556480
2023;BG;Bulgaria;Crustaceans;Freshwater crayfish;CRD;Danube crayfish;700;Live weight;2490
2023;BG;Bulgaria;Freshwater fish;Other freshwater fish;FBM;Freshwater bream;2140;Live weight;2200
2023;BG;Bulgaria;Freshwater fish;Carp;FCC;Crucian carp;1000;Live weight;1350
2023;BG;Bulgaria;Freshwater fish;Carp;FCG;Grass carp(=White amur);113510;Live weight;346480
2023;BG;Bulgaria;Freshwater fish;Carp;FCP;Common carp;2780830;Live weight;9156630
2023;BG;Bulgaria;Freshwater fish;Other freshwater fish;FPE;European perch;220;Live weight;360
2023;BG;Bulgaria;Freshwater fish;Pike;FPI;Northern pike;3610;Live weight;13970
2022;AT;Austria;Crustaceans;Shrimp, warmwater;PEN;Penaeus shrimps nei;22420;Live weight;1261532
2022;EL;Greece;Bivalves and other molluscs and aquatic invertebrates;Mussel Mytilus spp;MSM;Mediterranean mussel;10283900;Live weight;5816574
2022;EL;Greece;Other marine fish;Other marine fish;MUF;Flathead grey mullet;254100;Live weight;569082
2022;EL;Greece;Other marine fish;Other marine fish;MZZ;Marine fishes nei;200000;Live weight;1720080
2022;EL;Greece;Crustaceans;Shrimp, warmwater;GIT;Giant tiger prawn;35000;Live weight;350016
2022;EL;Greece;Other marine fish;Seabream, other;RPG;Red porgy;4560900;Live weight;42556846
2022;EL;Greece;Other marine fish;Seabream, gilthead;SBG;Gilthead seabream;70256400;Live weight;403376473
2022;EL;Greece;Flatfish;Sole, common;SOL;Common sole;600;Live weight;3598
2022;ES;Spain;Flatfish;Sole, other;OAL;Senegalese sole;1191650;Live weight;15260987
2022;ES;Spain;Bivalves and other molluscs and aquatic invertebrates;Oyster;OYF;European flat oyster;278280;Live weight;1537046
2022;ES;Spain;Bivalves and other molluscs and aquatic invertebrates;Oyster;OYG;Pacific cupped oyster;1172910;Live weight;3810243
2022;ES;Spain;Crustaceans;Shrimp, warmwater;PNV;Whiteleg shrimp;50000;Live weight;1250058
2022;ES;Spain;Crustaceans;Shrimp, miscellaneous;PVR;Atlantic ditch shrimp;346640;Live weight;1736160
2022;ES;Spain;Bivalves and other molluscs and aquatic invertebrates;Scallop;QSC;Queen scallop;6930;Live weight;33550
2022;ES;Spain;Other marine fish;Seabream, gilthead;SBG;Gilthead seabream;9037950;Live weight;48694888
2022;ES;Spain;Other marine fish;Seabass, other;SPU;Spotted seabass;390;Live weight;690
2022;ES;Spain;Freshwater fish;Other freshwater fish;STU;Sturgeons nei;28500;Live weight;211138
2022;ES;Spain;Other marine fish;Seabream, other;SWA;White seabream;1130;Live weight;1905
2022;ES;Spain;Miscellaneous aquatic products;Seaweed and other algae;SWX;Seaweeds nei;33470;Live weight;1851425
2022;ES;Spain;Crustaceans;Shrimp, warmwater;TGS;Caramote prawn;550;Live weight;15960
2022;ES;Spain;Salmonids;Trout;TRR;Rainbow trout;16465490;Live weight;62840872
2022;ES;Spain;Flatfish;Turbot;TUR;Turbot;8702110;Live weight;76003446
2022;ES;Spain;Miscellaneous aquatic products;Seaweed and other algae;ULL;Spirulina platensis;1820;Live weight;247054
2022;ES;Spain;Bivalves and other molluscs and aquatic invertebrates;Clam;VUC;Corrugated venus;75310;Live weight;1196470
2022;FI;Finland;Other marine fish;Other marine fish;FIN;Finfishes nei;228400;Live weight;1723506
2022;FI;Finland;Salmonids;Other salmonids;PLN;European whitefish;799300;Live weight;8445404
2022;FI;Finland;Salmonids;Trout;TRR;Rainbow trout;15252800;Live weight;83295541
2022;FR;France;Other marine fish;Seabass, European;BSS;European seabass;2257970;Live weight;21194983
2022;FR;France;Bivalves and other molluscs and aquatic invertebrates;Clam;CLJ;Japanese carpet shell;740370;Live weight;7094605
2022;FR;France;Bivalves and other molluscs and aquatic invertebrates;Clam;CLX;Clams, etc. nei;467090;Live weight;2364092
2022;FR;France;Bivalves and other molluscs and aquatic invertebrates;Clam;COC;Common edible cockle;1011480;Live weight;3470047
2022;FR;France;Freshwater fish;Carp;FCG;Grass carp(=White amur);15780;Live weight;81648
2022;FR;France;Freshwater fish;Carp;FCP;Common carp;1338130;Live weight;5444442
2022;FR;France;Freshwater fish;Other freshwater fish;FPE;European perch;45980;Live weight;254928
2022;FR;France;Freshwater fish;Pike;FPI;Northern pike;165190;Live weight;846358
2022;FR;France;Freshwater fish;Pike-perch;FPP;Pike-perch;69950;Live weight;359804
2022;FR;France;Freshwater fish;Other freshwater fish;FRF;Freshwater fishes nei;470550;Live weight;3020626
2022;FR;France;Freshwater fish;Other freshwater fish;FRX;Roaches nei;794530;Live weight;4022830
2022;FR;France;Freshwater fish;Other freshwater fish;FTE;Tench;249530;Live weight;1270137
2022;FR;France;Crustaceans;Shrimp, warmwater;KUP;Kuruma prawn;90700;Live weight;2200081
2022;LT;Lithuania;Freshwater fish;Other freshwater fish;STU;Sturgeons nei;196810;Live weight;1663590
2022;LT;Lithuania;Salmonids;Trout;TRR;Rainbow trout;221230;Live weight;954527
2022;LV;Latvia;Freshwater fish;Freshwater catfish;CLZ;North African catfish;58000;Live weight;180032
2022;LV;Latvia;Freshwater fish;Carp;FCC;Crucian carp;12600;Live weight;13532
2022;LV;Latvia;Freshwater fish;Pike;FPI;Northern pike;1200;Live weight;4342
2022;LV;Latvia;Freshwater fish;Other freshwater fish;FRF;Freshwater fishes nei;633800;Live weight;1836119
2022;LV;Latvia;Freshwater fish;Other freshwater fish;FTE;Tench;3900;Live weight;14465
2022;LV;Latvia;Salmonids;Other salmonids;SLZ;Salmonids nei;114600;Live weight;864428
2022;LV;Latvia;Freshwater fish;Other freshwater fish;STU;Sturgeons nei;45800;Live weight;390445
2022;MT;Malta;Tuna and tuna-like species;Tuna, bluefin;BFT;Atlantic bluefin tuna;15815920;Live weight;310170154
2022;MT;Malta;Other marine fish;Seabass, European;BSS;European seabass;138840;Live weight;1084127
2022;MT;Malta;Other marine fish;Seabream, gilthead;SBG;Gilthead seabream;2095780;Live weight;9179758
2022;NL;Netherlands;Freshwater fish;Freshwater catfish;CLZ;North African catfish;2400000;Live weight;4900800
2022;NL;Netherlands;Freshwater fish;Eel;ELE;European eel;2000000;Live weight;25000000
2022;NL;Netherlands;Bivalves and other molluscs and aquatic invertebrates;Mussel Mytilus spp;MUS;Blue mussel;29613000;Live weight;51239663
2022;NL;Netherlands;Other marine fish;Other marine fish;MZZ;Marine fishes nei;1610000;Live weight;23500060
2022;NL;Netherlands;Bivalves and other molluscs and aquatic invertebrates;Oyster;OYC;Cupped oysters nei;2130730;Live weight;5054090
2022;NL;Netherlands;Bivalves and other molluscs and aquatic invertebrates;Oyster;OYF;European flat oyster;140060;Live weight;994706
2022;PL;Poland;Freshwater fish;Other freshwater fish;ASU;Asp;1190;Live weight;6567
2022;PL;Poland;Crustaceans;Freshwater crayfish;AYS;Euro-American crayfishes nei;30;Live weight;768
2022;PL;Poland;Freshwater fish;Carp;BIC;Bighead carp;386460;Live weight;874490
2022;PL;Poland;Salmonids;Other salmonids;CHR;Chars nei;1211020;Live weight;5132987
2022;PL;Poland;Freshwater fish;Freshwater catfish;CLZ;North African catfish;424410;Live weight;1259724
2022;PL;Poland;Freshwater fish;Carp;CWG;Prussian carp;236260;Live weight;468893
2022;PL;Poland;Freshwater fish;Eel;ELE;European eel;32070;Live weight;410828
2022;PL;Poland;Freshwater fish;Other freshwater fish;FBM;Freshwater bream;4570;Live weight;13117
2022;PL;Poland;Freshwater fish;Other freshwater fish;FBU;Burbot;1000;Live weight;5975
2022;PL;Poland;Freshwater fish;Carp;FCG;Grass carp(=White amur);629360;Live weight;2657854
2022;PL;Poland;Freshwater fish;Carp;FCP;Common carp;16698180;Live weight;76449034
2022;PL;Poland;Freshwater fish;Other freshwater fish;FID;Orfe(=Ide);12990;Live weight;39486
2022;PL;Poland;Freshwater fish;Other freshwater fish;FPE;European perch;7170;Live weight;27676
2022;PL;Poland;Freshwater fish;Pike;FPI;Northern pike;224400;Live weight;1500419
2022;PL;Poland;Freshwater fish;Pike-perch;FPP;Pike-perch;33040;Live weight;307169
2022;PL;Poland;Freshwater fish;Other freshwater fish;FRF;Freshwater fishes nei;34110;Live weight;11382
2022;PL;Poland;Freshwater fish;Other freshwater fish;FRO;Roach;11510;Live weight;29388
2022;PL;Poland;Freshwater fish;Other freshwater fish;FRX;Roaches nei;400;Live weight;598
2022;PL;Poland;Freshwater fish;Other freshwater fish;FSI;Freshwater siluroids nei;2980;Live weight;6054
2022;PL;Poland;Freshwater fish;Other freshwater fish;FTE;Tench;207320;Live weight;984536
2022;PL;Poland;Salmonids;Other salmonids;PLN;European whitefish;3080;Live weight;21527
2022;PL;Poland;Salmonids;Salmon;SAL;Atlantic salmon;208530;Live weight;1330096
2022;PL;Poland;Freshwater fish;Freshwater catfish;SOM;Wels(=Som)catfish;77910;Live weight;541336
2022;PL;Poland;Freshwater fish;Other freshwater fish;STU;Sturgeons nei;756140;Live weight;4601786
2022;PL;Poland;Freshwater fish;Carp;SVC;Silver carp;52580;Live weight;136713
2022;PL;Poland;Salmonids;Trout;SVF;Brook trout;341130;Live weight;1562216
2022;PL;Poland;Salmonids;Other salmonids;TLV;Grayling;5000;Live weight;32010
2022;PL;Poland;Salmonids;Trout;TRO;Trouts nei;29760;Live weight;126235
2022;PL;Poland;Salmonids;Trout;TRR;Rainbow trout;20552830;Live weight;87169855
2022;PL;Poland;Salmonids;Trout;TRS;Sea trout;16080;Live weight;120102
2022;PT;Portugal;Bivalves and other molluscs and aquatic invertebrates;Molluscs and aquatic invertebrates, other;BOY;Purple dye murex;80;Live weight;1194
2022;PT;Portugal;Other marine fish;Seabass, European;BSS;European seabass;1480950;Live weight;10409495
2022;PT;Portugal;Bivalves and other molluscs and aquatic invertebrates;Clam;CLJ;Japanese carpet shell;8500;Live weight;43350
2022;PT;Portugal;Bivalves and other molluscs and aquatic invertebrates;Clam;COC;Common edible cockle;126120;Live weight;280390
2022;PT;Portugal;Bivalves and other molluscs and aquatic invertebrates;Clam;CTG;Grooved carpet shell;4232370;Live weight;82871241
2022;PT;Portugal;Freshwater fish;Eel;ELE;European eel;500;Live weight;9418
2022;PT;Portugal;Other marine fish;Other marine fish;MGS; ;2230;Live weight;6994
2022;PT;Portugal;Bivalves and other molluscs and aquatic invertebrates;Mussel Mytilus spp;MSM;Mediterranean mussel;2672000;Live weight;2511680
2022;PT;Portugal;Bivalves and other molluscs and aquatic invertebrates;Mussel Mytilus spp;MUS;Blue mussel;18550;Live weight;64596
2022;PT;Portugal;Bivalves and other molluscs and aquatic invertebrates;Mussel Mytilus spp;MYV;Mytilus mussels nei;498660;Live weight;289002
2022;PT;Portugal;Flatfish;Sole, other;OAL;Senegalese sole;211710;Live weight;6829099
2022;PT;Portugal;Bivalves and other molluscs and aquatic invertebrates;Oyster;OST;Flat and cupped oysters nei;713820;Live weight;2929120
2022;PT;Portugal;Bivalves and other molluscs and aquatic invertebrates;Oyster;OYF;European flat oyster;58220;Live weight;356840
2022;PT;Portugal;Bivalves and other molluscs and aquatic invertebrates;Oyster;OYG;Pacific cupped oyster;1692870;Live weight;7241196
2022;PT;Portugal;Crustaceans;Shrimp, miscellaneous;PVR;Atlantic ditch shrimp;16400;Live weight;41950
2022;PT;Portugal;Bivalves and other molluscs and aquatic invertebrates;Clam;RAE;European razor clam;3940;Live weight;21100
2022;PT;Portugal;Other marine fish;Seabream, gilthead;SBG;Gilthead seabream;3351990;Live weight;19082962
2022;PT;Portugal;Flatfish;Sole, common;SOL;Common sole;1270;Live weight;20299
2022;PT;Portugal;Other marine fish;Seabream, other;SWA;White seabream;350;Live weight;1967
2022;PT;Portugal;Miscellaneous aquatic products;Seaweed and other algae;SWX;Seaweeds nei;200;Live weight;30600
2022;PT;Portugal;Salmonids;Trout;TRR;Rainbow trout;408100;Live weight;1315272
2022;PT;Portugal;Salmonids;Trout;TRS;Sea trout;5000;Live weight;20625
2022;PT;Portugal;Flatfish;Turbot;TUR;Turbot;3074070;Live weight;33375270
2022;PT;Portugal;Bivalves and other molluscs and aquatic invertebrates;Clam;VNA;Golden carpet shell;2710;Live weight;4317
2022;PT;Portugal;Bivalves and other molluscs and aquatic invertebrates;Clam;VUC;Corrugated venus;102590;Live weight;775148
2022;RO;Romania;Freshwater fish;Carp;BIC;Bighead carp;2253000;Live weight;4568775
2022;RO;Romania;Freshwater fish;Freshwater catfish;CLZ;North African catfish;46000;Live weight;158579
2022;RO;Romania;Freshwater fish;Carp;FCC;Crucian carp;786000;Live weight;1593900
2022;RO;Romania;Freshwater fish;Carp;FCG;Grass carp(=White amur);141000;Live weight;571857
2022;RO;Romania;Freshwater fish;Carp;FCP;Common carp;3062000;Live weight;12418632
2022;RO;Romania;Freshwater fish;Pike;FPI;Northern pike;18000;Live weight;76653
2022;RO;Romania;Freshwater fish;Pike-perch;FPP;Pike-perch;49000;Live weight;317969
2022;RO;Romania;Freshwater fish;Other freshwater fish;FRF;Freshwater fishes nei;215000;Live weight;392391
2022;RO;Romania;Freshwater fish;Freshwater catfish;SOM;Wels(=Som)catfish;78000;Live weight;411251
2022;RO;Romania;Freshwater fish;Other freshwater fish;STU;Sturgeons nei;177000;Live weight;1974124
2022;RO;Romania;Freshwater fish;Carp;SVC;Silver carp;1280000;Live weight;2336098
2022;RO;Romania;Salmonids;Trout;TRR;Rainbow trout;3107000;Live weight;16381482
2022;SE;Sweden;Crustaceans;Freshwater crayfish;AYS;Euro-American crayfishes nei;200;Live weight;6378
2022;SE;Sweden;Freshwater fish;Other freshwater fish;FRF;Freshwater fishes nei;1431000;Live weight;10345899
2022;SE;Sweden;Bivalves and other molluscs and aquatic invertebrates;Mussel Mytilus spp;MUS;Blue mussel;2346000;Live weight;2648453
2022;SE;Sweden;Salmonids;Trout;TRR;Rainbow trout;7550000;Live weight;44660686
2022;SI;Slovenia;Other marine fish;Seabass, European;BSS;European seabass;48700;Live weight;371598
2022;SI;Slovenia;Freshwater fish;Freshwater catfish;CLZ;North African catfish;76300;Live weight;200678
2022;SI;Slovenia;Freshwater fish;Other freshwater fish;FBM;Freshwater bream;6600;Live weight;23101
2022;SI;Slovenia;Freshwater fish;Carp;FCG;Grass carp(=White amur);2200;Live weight;7591
2022;SI;Slovenia;Freshwater fish;Carp;FCP;Common carp;123600;Live weight;378216
2022;SI;Slovenia;Freshwater fish;Other freshwater fish;FCY;Cyprinids nei;800;Live weight;2000
2022;SI;Slovenia;Freshwater fish;Pike;FPI;Northern pike;5100;Live weight;62223
2022;SI;Slovenia;Freshwater fish;Pike-perch;FPP;Pike-perch;1100;Live weight;21418
2022;SI;Slovenia;Salmonids;Salmon;HUC;Huchen;4700;Live weight;69563
2022;SI;Slovenia;Freshwater fish;Other freshwater fish;FTE;Tench;2100;Live weight;14680
2022;SI;Slovenia;Freshwater fish;Carp;SVC;Silver carp;1100;Live weight;3300
2022;SI;Slovenia;Bivalves and other molluscs and aquatic invertebrates;Mussel Mytilus spp;MSM;Mediterranean mussel;520300;Live weight;452661
2022;SI;Slovenia;Other marine fish;Seabream, gilthead;SBG;Gilthead seabream;37700;Live weight;286533
2022;SI;Slovenia;Freshwater fish;Other freshwater fish;STU;Sturgeons nei;2600;Live weight;18200
2022;SI;Slovenia;Salmonids;Trout;SVF;Brook trout;51100;Live weight;486495
2022;SI;Slovenia;Salmonids;Trout;TRO;Trouts nei;2200;Live weight;71239
2022;SI;Slovenia;Salmonids;Trout;TRR;Rainbow trout;732600;Live weight;4139190
2022;SI;Slovenia;Salmonids;Trout;TRS;Sea trout;9500;Live weight;111155
2022;SI;Slovenia;Bivalves and other molluscs and aquatic invertebrates;Clam;VEV;Warty venus;15400;Live weight;141687
2022;SK;Slovakia;Freshwater fish;Carp;FCP;Common carp;537660;Live weight;1310912
2022;SK;Slovakia;Freshwater fish;Other freshwater fish;FRF;Freshwater fishes nei;1093240;Live weight;2870903
2022;SK;Slovakia;Salmonids;Trout;TRR;Rainbow trout;1049850;Live weight;3879437
2022;BE;Belgium;Freshwater fish;Other freshwater fish;FRF;Freshwater fishes nei;243000;Live weight;1739960
2022;AT;Austria;Freshwater fish;Pike;FPI;Northern pike;4850;Live weight;76499
2022;AT;Austria;Freshwater fish;Pike-perch;FPP;Pike-perch;19950;Live weight;313769
2022;EL;Greece;Freshwater fish;Other freshwater fish;STU;Sturgeons nei;12000;Live weight;96005
2022;EL;Greece;Other marine fish;Seabream, other;SWA;White seabream;7100;Live weight;23113
2022;EL;Greece;Miscellaneous aquatic products;Seaweed and other algae;SWX;Seaweeds nei;57500;Live weight;652188
2022;EL;Greece;Salmonids;Trout;TRR;Rainbow trout;2139500;Live weight;7131809
2022;ES;Spain;Freshwater fish;Other freshwater fish;APB;Siberian sturgeon;11390;Live weight;139002
2022;ES;Spain;Other marine fish;Seabass, European;BSS;European seabass;24121230;Live weight;182466792
2022;ES;Spain;Bivalves and other molluscs and aquatic invertebrates;Clam;CLJ;Japanese carpet shell;578080;Live weight;6164420
2022;ES;Spain;Bivalves and other molluscs and aquatic invertebrates;Clam;COC;Common edible cockle;189350;Live weight;1225505
2022;ES;Spain;Bivalves and other molluscs and aquatic invertebrates;Clam;CTG;Grooved carpet shell;17250;Live weight;522985
2022;ES;Spain;Freshwater fish;Eel;ELE;European eel;350000;Live weight;3850178
2022;ES;Spain;Freshwater fish;Other freshwater fish;FTE;Tench;6210;Live weight;43694
2022;ES;Spain;Other marine fish;Other marine fish;MGR;Meagre;24930;Live weight;85316
2022;ES;Spain;Other marine fish;Other marine fish;MGS; ;48670;Live weight;195677
2022;ES;Spain;Bivalves and other molluscs and aquatic invertebrates;Molluscs and aquatic invertebrates, other;MOL;Marine molluscs nei;17680;Live weight;221314
2022;ES;Spain;Bivalves and other molluscs and aquatic invertebrates;Mussel Mytilus spp;MSM;Mediterranean mussel;192195110;Live weight;155655181
2022;ES;Spain;Other marine fish;Other marine fish;MZZ;Marine fishes nei;18036640;Live weight;243465421
2022;FR;France;Freshwater fish;Other freshwater fish;MPS;Largemouth black bass;47530;Live weight;320842
2022;FR;France;Bivalves and other molluscs and aquatic invertebrates;Mussel Mytilus spp;MSM;Mediterranean mussel;3490900;Live weight;8258494
2022;FR;France;Bivalves and other molluscs and aquatic invertebrates;Mussel Mytilus spp;MUS;Blue mussel;55762800;Live weight;132165285
2022;FR;France;Other marine fish;Other marine fish;MZZ;Marine fishes nei;1022270;Live weight;10600317
2022;FR;France;Bivalves and other molluscs and aquatic invertebrates;Oyster;OYF;European flat oyster;670800;Live weight;5269601
2022;FR;France;Bivalves and other molluscs and aquatic invertebrates;Oyster;OYG;Pacific cupped oyster;80094270;Live weight;410159181
2022;FR;France;Other marine fish;Seabream, gilthead;SBG;Gilthead seabream;2033080;Live weight;18327098
2022;FR;France;Miscellaneous aquatic products;Seaweed and other algae;SIZ;Spirulina nei;222850;Live weight;8768290
2022;FR;France;Salmonids;Other salmonids;SLX;Salmonoids nei;477350;Live weight;4545369
2022;FR;France;Freshwater fish;Other freshwater fish;STU;Sturgeons nei;248650;Live weight;759568
2022;FR;France;Miscellaneous aquatic products;Seaweed and other algae;SWX;Seaweeds nei;174620;Live weight;1263533
2022;FR;France;Salmonids;Trout;TRR;Rainbow trout;31506130;Live weight;135242036
2022;FR;France;Salmonids;Trout;TRS;Sea trout;457480;Live weight;3605429
2022;FR;France;Miscellaneous aquatic products;Seaweed and other algae;UDP;Wakame;126140;Live weight;622908
2022;HR;Croatia;Tuna and tuna-like species;Tuna, bluefin;BFT;Atlantic bluefin tuna;3270690;Live weight;39199661
2022;HR;Croatia;Freshwater fish;Carp;BIC;Bighead carp;523100;Live weight;555974
2022;HR;Croatia;Other marine fish;Seabass, European;BSS;European seabass;10034410;Live weight;67687153
2022;HR;Croatia;Freshwater fish;Carp;FCG;Grass carp(=White amur);229230;Live weight;482708
2022;HR;Croatia;Freshwater fish;Carp;FCP;Common carp;2458610;Live weight;6864986
2022;HR;Croatia;Freshwater fish;Pike;FPI;Northern pike;3610;Live weight;37810
2022;HR;Croatia;Freshwater fish;Pike-perch;FPP;Pike-perch;5740;Live weight;63444
2022;HR;Croatia;Freshwater fish;Other freshwater fish;FRF;Freshwater fishes nei;45060;Live weight;67621
2022;HR;Croatia;Other marine fish;Other marine fish;MGR;Meagre;1085740;Live weight;7319396
2022;HR;Croatia;Bivalves and other molluscs and aquatic invertebrates;Mussel Mytilus spp;MSM;Mediterranean mussel;1006010;Live weight;1747249
2022;HR;Croatia;Bivalves and other molluscs and aquatic invertebrates;Oyster;OYF;European flat oyster;89630;Live weight;812089
2022;HR;Croatia;Other marine fish;Seabream, gilthead;SBG;Gilthead seabream;7505670;Live weight;49788757
2022;HR;Croatia;Freshwater fish;Freshwater catfish;SOM;Wels(=Som)catfish;61210;Live weight;341133
2022;HR;Croatia;Freshwater fish;Carp;SVC;Silver carp;366620;Live weight;356231
2022;HR;Croatia;Salmonids;Trout;TRR;Rainbow trout;498190;Live weight;1676446
2022;HR;Croatia;Salmonids;Trout;TRS;Sea trout;13850;Live weight;96872
2022;HU;Hungary;Freshwater fish;Freshwater catfish;CTO;Torpedo-shaped catfishes nei;4557540;Live weight;8747245
2022;HU;Hungary;Freshwater fish;Carp;FCG;Grass carp(=White amur);406560;Live weight;1348664
2022;HU;Hungary;Freshwater fish;Carp;FCP;Common carp;11351740;Live weight;36176796
2022;HU;Hungary;Freshwater fish;Pike;FPI;Northern pike;18580;Live weight;162814
2022;HU;Hungary;Freshwater fish;Pike-perch;FPP;Pike-perch;22660;Live weight;294123
2022;HU;Hungary;Freshwater fish;Other freshwater fish;FRF;Freshwater fishes nei;1101590;Live weight;2032275
2022;HU;Hungary;Freshwater fish;Other freshwater fish;FTE;Tench;5380;Live weight;36422
2022;HU;Hungary;Freshwater fish;Carp;HXP;Carps nei;848170;Live weight;927748
2022;HU;Hungary;Freshwater fish;Freshwater catfish;SOM;Wels(=Som)catfish;209430;Live weight;1321476
2022;HU;Hungary;Freshwater fish;Other freshwater fish;STU;Sturgeons nei;123970;Live weight;1959207
2022;HU;Hungary;Salmonids;Trout;TRR;Rainbow trout;61220;Live weight;295376
2022;IE;Ireland;Bivalves and other molluscs and aquatic invertebrates;Mussel Mytilus spp;MUS;Blue mussel;18910000;Live weight;14889800
2022;IE;Ireland;Bivalves and other molluscs and aquatic invertebrates;Oyster;OYF;European flat oyster;399000;Live weight;2353302
2022;IE;Ireland;Bivalves and other molluscs and aquatic invertebrates;Oyster;OYG;Pacific cupped oyster;7847000;Live weight;39996159
2022;IE;Ireland;Salmonids;Salmon;SAL;Atlantic salmon;11916000;Live weight;101119176
2022;IE;Ireland;Miscellaneous aquatic products;Seaweed and other algae;SWX;Seaweeds nei;493000;Live weight;396372
2022;IE;Ireland;Salmonids;Trout;TRR;Rainbow trout;398000;Live weight;407154
2022;IT;Italy;Salmonids;Other salmonids;ACH;Arctic char;95000;Live weight;549219
2022;IT;Italy;Other marine fish;Seabass, European;BSS;European seabass;4972100;Live weight;40057780
2022;IT;Italy;Freshwater fish;Freshwater catfish;CAF;Catfishes nei;350000;Live weight;1922200
2022;IT;Italy;Salmonids;Other salmonids;CHR;Chars nei;34000;Live weight;162921
2022;IT;Italy;Bivalves and other molluscs and aquatic invertebrates;Clam;CLJ;Japanese carpet shell;21000000;Live weight;252000000
2022;IT;Italy;Freshwater fish;Eel;ELE;European eel;550000;Live weight;7057500
2022;IT;Italy;Freshwater fish;Other freshwater fish;FCY;Cyprinids nei;600000;Live weight;4800000
2022;IT;Italy;Other marine fish;Other marine fish;MGR;Meagre;246000;Live weight;1743998
2022;IT;Italy;Bivalves and other molluscs and aquatic invertebrates;Mussel Mytilus spp;MSM;Mediterranean mussel;60500000;Live weight;60500000
2022;IT;Italy;Other marine fish;Other marine fish;MUL;Mullets nei;2500000;Live weight;14750000
2022;IT;Italy;Bivalves and other molluscs and aquatic invertebrates;Oyster;OYF;European flat oyster;5150;Live weight;36015
2022;IT;Italy;Bivalves and other molluscs and aquatic invertebrates;Oyster;OYG;Pacific cupped oyster;480000;Live weight;3840000
2022;IT;Italy;Other marine fish;Other marine fish;RDM;Red drum;182000;Live weight;1774500
2022;IT;Italy;Other marine fish;Seabream, gilthead;SBG;Gilthead seabream;7927700;Live weight;59938552
2022;IT;Italy;Freshwater fish;Other freshwater fish;STU;Sturgeons nei;950000;Live weight;4750000
2022;IT;Italy;Salmonids;Trout;SVF;Brook trout;850000;Live weight;3912550
2022;IT;Italy;Salmonids;Trout;TRR;Rainbow trout;29000000;Live weight;95236000
2022;AT;Austria;Freshwater fish;Other freshwater fish;FCY;Cyprinids nei;1660;Live weight;4684
2022;AT;Austria;Freshwater fish;Other freshwater fish;FRO;Roach;3610;Live weight;18721
2022;AT;Austria;Freshwater fish;Other freshwater fish;FTE;Tench;4690;Live weight;39455
2022;AT;Austria;Salmonids;Salmon;HUC;Huchen;5580;Live weight;109763
2022;AT;Austria;Salmonids;Trout;ONA;Golden trout;520;Live weight;6771
2022;IT;Italy;Flatfish;Turbot;TUR;Turbot;5000;Live weight;90000
2022;LT;Lithuania;Freshwater fish;Carp;BIC;Bighead carp;109590;Live weight;424979
2022;LT;Lithuania;Freshwater fish;Freshwater catfish;CLZ;North African catfish;884460;Live weight;3058162
2022;LT;Lithuania;Freshwater fish;Carp;FCC;Crucian carp;32840;Live weight;90925
2022;LT;Lithuania;Freshwater fish;Carp;FCG;Grass carp(=White amur);26310;Live weight;144504
2022;LT;Lithuania;Freshwater fish;Carp;FCP;Common carp;2811470;Live weight;10850840
2022;LT;Lithuania;Freshwater fish;Pike;FPI;Northern pike;13540;Live weight;72624
2022;LT;Lithuania;Freshwater fish;Other freshwater fish;FRF;Freshwater fishes nei;139790;Live weight;1234808
2022;LT;Lithuania;Freshwater fish;Other freshwater fish;FTE;Tench;14620;Live weight;104624
2022;AT;Austria;Salmonids;Other salmonids;ACH;Arctic char;280160;Live weight;3269124
2022;AT;Austria;Freshwater fish;Freshwater catfish;CLZ;North African catfish;430880;Live weight;2408564
2022;AT;Austria;Crustaceans;Freshwater crayfish;EWA;European crayfishes nei;510;Live weight;12454
2022;AT;Austria;Freshwater fish;Carp;FCG;Grass carp(=White amur);32940;Live weight;201772
2022;AT;Austria;Freshwater fish;Carp;FCP;Common carp;559820;Live weight;2639974
2022;AT;Austria;Freshwater fish;Other freshwater fish;QEU;Perches;2750;Live weight;29850
2022;AT;Austria;Salmonids;Other salmonids;SLX;Salmonoids nei;1590;Live weight;25688
2022;AT;Austria;Freshwater fish;Freshwater catfish;SOM;Wels(=Som)catfish;39860;Live weight;366854
2022;AT;Austria;Freshwater fish;Other freshwater fish;SRE;Rudd;3530;Live weight;19152
2022;AT;Austria;Freshwater fish;Other freshwater fish;STU;Sturgeons nei;15270;Live weight;224423
2022;AT;Austria;Freshwater fish;Carp;SVC;Silver carp;10080;Live weight;92457
2022;AT;Austria;Salmonids;Trout;SVF;Brook trout;660940;Live weight;5219229
2022;AT;Austria;Salmonids;Trout;TRR;Rainbow trout;1691320;Live weight;12613534
2022;AT;Austria;Salmonids;Trout;TRS;Sea trout;511110;Live weight;4076532
2022;BG;Bulgaria;Freshwater fish;Other freshwater fish;APR;Sterlet sturgeon;240;Live weight;2270
2022;BG;Bulgaria;Crustaceans;Freshwater crayfish;AAS;Noble crayfish;200;Live weight;818
2022;BG;Bulgaria;Freshwater fish;Other freshwater fish;ALR;Bleak;1410;Live weight;1471
2022;BG;Bulgaria;Freshwater fish;Other freshwater fish;APB;Siberian sturgeon;29370;Live weight;217745
2022;BG;Bulgaria;Freshwater fish;Other freshwater fish;APG;Danube sturgeon(=Osetr);127330;Live weight;793615
2022;BG;Bulgaria;Freshwater fish;Carp;BIC;Bighead carp;631490;Live weight;845947
2022;BG;Bulgaria;Freshwater fish;Other freshwater fish;BKC;Black carp;40;Live weight;108
2022;AT;Austria;Freshwater fish;Carp;BIC;Bighead carp;690;Live weight;4276
2022;AT;Austria;Salmonids;Other salmonids;CHR;Chars nei;414020;Live weight;4599818
2022;CZ;Czechia;Freshwater fish;Carp;FCP;Common carp;16437000;Live weight;40142641
2022;CZ;Czechia;Freshwater fish;Other freshwater fish;FPE;European perch;24000;Live weight;70341
2022;CZ;Czechia;Freshwater fish;Pike;FPI;Northern pike;116000;Live weight;805381
2022;CZ;Czechia;Freshwater fish;Pike-perch;FPP;Pike-perch;57000;Live weight;756037
2022;CZ;Czechia;Freshwater fish;Other freshwater fish;FRF;Freshwater fishes nei;940000;Live weight;1871461
2022;CZ;Czechia;Freshwater fish;Other freshwater fish;FTE;Tench;150000;Live weight;541773
2022;CZ;Czechia;Salmonids;Other salmonids;PLN;European whitefish;5000;Live weight;15876
2022;CZ;Czechia;Freshwater fish;Freshwater catfish;SOM;Wels(=Som)catfish;78000;Live weight;451710
2022;CZ;Czechia;Freshwater fish;Carp;SVC;Silver carp;72800;Live weight;105300
2022;CZ;Czechia;Salmonids;Trout;SVF;Brook trout;257000;Live weight;1064451
2022;CZ;Czechia;Salmonids;Trout;TRR;Rainbow trout;438000;Live weight;1867789
2022;DE;Germany;Crustaceans;Freshwater crayfish;AAS;Noble crayfish;700;Live weight;32421
2022;DE;Germany;Freshwater fish;Carp;BIC;Bighead carp;2800;Live weight;14448
2022;DE;Germany;Freshwater fish;Freshwater catfish;CLZ;North African catfish;493000;Live weight;2013412
2022;DE;Germany;Freshwater fish;Carp;CWG;Prussian carp;31400;Live weight;69991
2022;DE;Germany;Freshwater fish;Eel;ELE;European eel;1158000;Live weight;17417124
2022;DE;Germany;Freshwater fish;Other freshwater fish;FBM;Freshwater bream;2300;Live weight;12047
2022;DE;Germany;Freshwater fish;Carp;FCC;Crucian carp;2700;Live weight;13983
2022;DE;Germany;Freshwater fish;Carp;FCG;Grass carp(=White amur);106300;Live weight;496527
2022;DE;Germany;Freshwater fish;Carp;FCP;Common carp;4131000;Live weight;12889315
2022;DE;Germany;Freshwater fish;Pike;FPI;Northern pike;43000;Live weight;335845
2022;DE;Germany;Freshwater fish;Pike-perch;FPP;Pike-perch;100000;Live weight;1027047
2022;DE;Germany;Freshwater fish;Other freshwater fish;FTE;Tench;88900;Live weight;575628
2022;DE;Germany;Salmonids;Other salmonids;CHR;Chars nei;2128000;Live weight;15556399
2022;DE;Germany;Freshwater fish;Other freshwater fish;STU;Sturgeons nei;131000;Live weight;1369013
2022;DE;Germany;Freshwater fish;Other freshwater fish;FRF;Freshwater fishes nei;470000;Live weight;1880086
2022;DE;Germany;Freshwater fish;Tilapia;TLP;Tilapias nei;1000;Live weight;3500
2022;DE;Germany;Bivalves and other molluscs and aquatic invertebrates;Mussel Mytilus spp;MUS;Blue mussel;8631000;Live weight;12515528
2022;DE;Germany;Bivalves and other molluscs and aquatic invertebrates;Oyster;OYG;Pacific cupped oyster;50000;Live weight;450021
2022;DE;Germany;Crustaceans;Shrimp, warmwater;PNV;Whiteleg shrimp;31000;Live weight;465022
2022;DE;Germany;Freshwater fish;Freshwater catfish;SOM;Wels(=Som)catfish;136000;Live weight;843239
2022;DE;Germany;Salmonids;Trout;SVF;Brook trout;395000;Live weight;2887583
2022;DE;Germany;Salmonids;Other salmonids;TLV;Grayling;1200;Live weight;37456
2022;DE;Germany;Salmonids;Trout;TRR;Rainbow trout;7938000;Live weight;36516486
2022;DE;Germany;Salmonids;Trout;TRS;Sea trout;620000;Live weight;3943382
2022;DK;Denmark;Other marine fish;Other marine fish;AMX;Amberjacks nei;377400;Live weight;4811716
2022;DK;Denmark;Freshwater fish;Other freshwater fish;APU;Sturgeon;1740;Live weight;30801
2022;DK;Denmark;Salmonids;Other salmonids;CHR;Chars nei;214050;Live weight;1154467
2022;DK;Denmark;Freshwater fish;Eel;ELE;European eel;450630;Live weight;3930783
2022;DK;Denmark;Freshwater fish;Pike-perch;FPP;Pike-perch;338890;Live weight;2502286
2022;DK;Denmark;Miscellaneous aquatic products;Seaweed and other algae;LQX;Sea belt;7500;Live weight;18621
2022;DK;Denmark;Freshwater fish;Other freshwater fish;FSI;Freshwater siluroids nei;2200000;Live weight;8857648
2022;DK;Denmark;Salmonids;Trout;TRS;Sea trout;51000;Live weight;616009
2022;DK;Denmark;Bivalves and other molluscs and aquatic invertebrates;Mussel Mytilus spp;MUS;Blue mussel;8522200;Live weight;5082314
2022;DK;Denmark;Freshwater fish;Other freshwater fish;SBH;Striped bass, hybrid;60000;Live weight;590510
2022;DK;Denmark;Salmonids;Trout;SVF;Brook trout;1800;Live weight;131008
2022;DK;Denmark;Salmonids;Trout;TRO;Trouts nei;1173990;Live weight;7161566
2022;DK;Denmark;Salmonids;Trout;TRR;Rainbow trout;25052320;Live weight;101652958
2022;DK;Denmark;Salmonids;Salmon;SAL;Atlantic salmon;1165000;Live weight;5784984
2022;EE;Estonia;Crustaceans;Freshwater crayfish;AAS;Noble crayfish;570;Live weight;27280
2022;EE;Estonia;Salmonids;Other salmonids;ACH;Arctic char;6200;Live weight;30600
2022;EE;Estonia;Freshwater fish;Other freshwater fish;FRF;Freshwater fishes nei;93014;Live weight;855024
2022;EE;Estonia;Freshwater fish;Carp;FCP;Common carp;16409;Live weight;65015
2022;EE;Estonia;Freshwater fish;Other freshwater fish;STU;Sturgeons nei;13314;Live weight;96305
2022;EE;Estonia;Salmonids;Trout;TRR;Rainbow trout;677510;Live weight;3854406
2022;EL;Greece;Other marine fish;Other marine fish;AMB;Greater amberjack;170000;Live weight;1615075
2022;EL;Greece;Other marine fish;Seabass, European;BSS;European seabass;47068100;Live weight;342382773
2022;EL;Greece;Other marine fish;Other marine fish;COB;Shi drum;80000;Live weight;408019
2022;EL;Greece;Crustaceans;Crab;CRA;Marine crabs nei;118800;Live weight;146362
2022;EL;Greece;Freshwater fish;Eel;ELE;European eel;369054;Live weight;2592644
2022;EL;Greece;Freshwater fish;Carp;FCP;Common carp;7600;Live weight;21758
2022;EL;Greece;Crustaceans;Shrimp, warmwater;KUP;Kuruma prawn;700;Live weight;4975
2022;EL;Greece;Other marine fish;Other marine fish;MGR;Meagre;5697000;Live weight;42139570
2022;EL;Greece;Bivalves and other molluscs and aquatic invertebrates;Molluscs and aquatic invertebrates, other;MOL;Marine molluscs nei;15000;Live weight;84004
2022;BG;Bulgaria;Freshwater fish;Other freshwater fish;CGO;Goldfish;221910;Live weight;204233
2022;BG;Bulgaria;Freshwater fish;Freshwater catfish;CLZ;North African catfish;219480;Live weight;1650757
2022;BG;Bulgaria;Crustaceans;Freshwater crayfish;CRD;Danube crayfish;910;Live weight;2969
2022;BG;Bulgaria;Freshwater fish;Other freshwater fish;FBM;Freshwater bream;2530;Live weight;1669
2022;BG;Bulgaria;Freshwater fish;Carp;FCC;Crucian carp;50;Live weight;41
2022;BG;Bulgaria;Freshwater fish;Carp;FCG;Grass carp(=White amur);101930;Live weight;290290
2022;BG;Bulgaria;Freshwater fish;Carp;FCP;Common carp;2434350;Live weight;7244052
2022;BG;Bulgaria;Freshwater fish;Other freshwater fish;FPE;European perch;70;Live weight;87
2022;BG;Bulgaria;Freshwater fish;Pike;FPI;Northern pike;3760;Live weight;12400
2022;BG;Bulgaria;Freshwater fish;Pike-perch;FPP;Pike-perch;17930;Live weight;69857
2022;BG;Bulgaria;Freshwater fish;Other freshwater fish;HUH;Beluga;7830;Live weight;51044
2022;BG;Bulgaria;Freshwater fish;Freshwater catfish;ITP;Channel catfish;7300;Live weight;18737
2022;BG;Bulgaria;Bivalves and other molluscs and aquatic invertebrates;Mussel Mytilus spp;MSM;Mediterranean mussel;1419700;Live weight;1509856
2022;BG;Bulgaria;Freshwater fish;Other freshwater fish;NUC;Danube bleak;250;Live weight;383
2022;BG;Bulgaria;Freshwater fish;Other freshwater fish;PAM;Mississippi paddlefish;6260;Live weight;31303
2022;BG;Bulgaria;Crustaceans;Shrimp, warmwater;PNV;Whiteleg shrimp;22510;Live weight;400526
2022;BG;Bulgaria;Miscellaneous aquatic products;Seaweed and other algae;SIZ;Spirulina nei;5170;Live weight;86969
2022;BG;Bulgaria;Freshwater fish;Freshwater catfish;SOM;Wels(=Som)catfish;70310;Live weight;320310
2022;BG;Bulgaria;Freshwater fish;Other freshwater fish;SRE;Rudd;120;Live weight;66
2022;BG;Bulgaria;Freshwater fish;Other freshwater fish;STU;Sturgeons nei;25410;Live weight;190335
2022;BG;Bulgaria;Freshwater fish;Carp;SVC;Silver carp;240140;Live weight;384312
2022;BG;Bulgaria;Salmonids;Trout;SVF;Brook trout;590;Live weight;2990
2022;BG;Bulgaria;Salmonids;Trout;TRR;Rainbow trout;3452570;Live weight;16399619
2022;BG;Bulgaria;Salmonids;Trout;TRS;Sea trout;12680;Live weight;65092
2022;CY;Cyprus;Freshwater fish;Other freshwater fish;APB;Siberian sturgeon;4800;Live weight;72432
2022;CY;Cyprus;Other marine fish;Seabass, European;BSS;European seabass;1959000;Live weight;14743434
2022;CY;Cyprus;Other marine fish;Other marine fish;MGR;Meagre;57900;Live weight;341321
2022;CY;Cyprus;Crustaceans;Shrimp, warmwater;PNI;Indian white prawn;11500;Live weight;161253
2022;CY;Cyprus;Other marine fish;Seabream, gilthead;SBG;Gilthead seabream;5496000;Live weight;32096640
2022;CY;Cyprus;Salmonids;Trout;TRR;Rainbow trout;64700;Live weight;521676
2022;CZ;Czechia;Freshwater fish;Carp;BIC;Bighead carp;136200;Live weight;144150
2022;CZ;Czechia;Freshwater fish;Carp;FCG;Grass carp(=White amur);548000;Live weight;1383050
2021;LT;Lithuania;Freshwater fish;Other freshwater fish;STU;Sturgeons nei;154118;Live weight;924550
2021;BE;Belgium;Freshwater fish;Other freshwater fish;FRF;Freshwater fishes nei;223000;Live weight;1447320
2021;LT;Lithuania;Freshwater fish;Freshwater catfish;CLZ;North African catfish;846938;Live weight;2750780
2021;AT;Austria;Salmonids;Trout;TRR;Rainbow trout;1735662;Live weight;11948297
2021;LT;Lithuania;Freshwater fish;Carp;FCP;Common carp;3391655;Live weight;9585339
2021;AT;Austria;Salmonids;Trout;SVF;Brook trout;685393;Live weight;5024788
2021;LV;Latvia;Freshwater fish;Pike;FPI;Northern pike;3000;Live weight;12630
2021;AT;Austria;Freshwater fish;Carp;FCP;Common carp;616703;Live weight;2551699
2021;LV;Latvia;Freshwater fish;Other freshwater fish;FTE;Tench;3100;Live weight;11253
2021;AT;Austria;Salmonids;Trout;TRS;Sea trout;503397;Live weight;3672636
2021;LV;Latvia;Freshwater fish;Pike-perch;FPP;Pike-perch;5400;Live weight;30942
2021;AT;Austria;Freshwater fish;Freshwater catfish;CLZ;North African catfish;494378;Live weight;1907004
2021;LV;Latvia;Freshwater fish;Carp;FCC;Crucian carp;6600;Live weight;10824
2021;AT;Austria;Salmonids;Other salmonids;CHR;Chars nei;394940;Live weight;3390792
2021;LV;Latvia;Freshwater fish;Other freshwater fish;FRF;Freshwater fishes nei;14100;Live weight;69132
2021;AT;Austria;Salmonids;Other salmonids;ACH;Arctic char;280732;Live weight;2953882
2021;LV;Latvia;Freshwater fish;Other freshwater fish;STU;Sturgeons nei;55400;Live weight;347358
2021;AT;Austria;Freshwater fish;Freshwater catfish;SOM;Wels(=Som)catfish;45869;Live weight;369956
2021;LV;Latvia;Freshwater fish;Freshwater catfish;CLZ;North African catfish;68300;Live weight;224297
2021;AT;Austria;Crustaceans;Freshwater crayfish;EWA;European crayfishes nei;466;Live weight;9762
2021;LV;Latvia;Salmonids;Other salmonids;ACH;Arctic char;91200;Live weight;642048
2021;IT;Italy;Other marine fish;Seabass, European;BSS;European seabass;7281900;Live weight;59291848
2021;LV;Latvia;Salmonids;Trout;TRR;Rainbow trout;91900;Live weight;470528
2021;IT;Italy;Freshwater fish;Other freshwater fish;STU;Sturgeons nei;1252600;Live weight;6263000
2021;LV;Latvia;Freshwater fish;Carp;FCP;Common carp;562900;Live weight;1345331
2021;IT;Italy;Salmonids;Trout;SVF;Brook trout;881600;Live weight;4031324
2021;MT;Malta;Other marine fish;Seabass, European;BSS;European seabass;221033;Live weight;1301220
2021;IT;Italy;Freshwater fish;Eel;ELE;European eel;443100;Live weight;5543410
2021;MT;Malta;Other marine fish;Seabream, gilthead;SBG;Gilthead seabream;2640442;Live weight;10342300
2021;IT;Italy;Salmonids;Trout;TRO;Trouts nei;382800;Live weight;2881417
2021;MT;Malta;Tuna and tuna-like species;Tuna, bluefin;BFT;Atlantic bluefin tuna;13548774;Live weight;198564053
2021;IT;Italy;Other marine fish;Other marine fish;MUL;Mullets nei;376100;Live weight;2197826
2021;NL;Netherlands;Bivalves and other molluscs and aquatic invertebrates;Oyster;OYF;European flat oyster;221615;Live weight;1922472
2021;IT;Italy;Bivalves and other molluscs and aquatic invertebrates;Oyster;OYG;Pacific cupped oyster;345500;Live weight;2715778
2021;NL;Netherlands;Other marine fish;Other marine fish;MZZ;Marine fishes nei;1210000;Live weight;11900000
2021;IT;Italy;Freshwater fish;Carp;FCP;Common carp;198700;Live weight;975520
2021;NL;Netherlands;Bivalves and other molluscs and aquatic invertebrates;Oyster;OYC;Cupped oysters nei;1847700;Live weight;4179234
2021;IT;Italy;Salmonids;Trout;TRS;Sea trout;169300;Live weight;661413
2021;NL;Netherlands;Freshwater fish;Eel;ELE;European eel;1950000;Live weight;18525000
2021;IT;Italy;Other marine fish;Other marine fish;MGS; ;153200;Live weight;860752
2021;NL;Netherlands;Freshwater fish;Freshwater catfish;CLZ;North African catfish;2450000;Live weight;4900000
2021;IT;Italy;Crustaceans;Shrimp, warmwater;KUP;Kuruma prawn;151100;Live weight;1482291
2021;NL;Netherlands;Bivalves and other molluscs and aquatic invertebrates;Mussel Mytilus spp;MUS;Blue mussel;32847600;Live weight;65366724
2021;IT;Italy;Other marine fish;Other marine fish;MGR;Meagre;123000;Live weight;928000
2021;PL;Poland;Crustaceans;Freshwater crayfish;AYS;Euro-American crayfishes nei;1000;Live weight;12001
2021;IT;Italy;Freshwater fish;Other freshwater fish;SBH;Striped bass, hybrid;117400;Live weight;789750
2021;PL;Poland;Freshwater fish;Freshwater catfish;SOM;Wels(=Som)catfish;109000;Live weight;457816
2021;IT;Italy;Salmonids;Other salmonids;ACH;Arctic char;96000;Live weight;555000
2021;PL;Poland;Freshwater fish;Pike;FPI;Northern pike;160000;Live weight;960033
2021;IT;Italy;Freshwater fish;Freshwater catfish;ITP;Channel catfish;86400;Live weight;334880
2021;PL;Poland;Freshwater fish;Other freshwater fish;FTE;Tench;160000;Live weight;512017
2021;IT;Italy;Freshwater fish;Other freshwater fish;MPS;Largemouth black bass;85800;Live weight;592400
2021;PL;Poland;Freshwater fish;Freshwater catfish;CLZ;North African catfish;200000;Live weight;520018
2021;IT;Italy;Freshwater fish;Other freshwater fish;ITM;Black bullhead;50100;Live weight;310800
2021;PL;Poland;Freshwater fish;Carp;BIC;Bighead carp;311000;Live weight;933032
2021;IT;Italy;Salmonids;Other salmonids;CHR;Chars nei;34100;Live weight;163400
2021;PL;Poland;Freshwater fish;Other freshwater fish;FCY;Cyprinids nei;550000;Live weight;1650057
2021;IT;Italy;Flatfish;Turbot;TUR;Turbot;30000;Live weight;540000
2021;PL;Poland;Freshwater fish;Carp;FCG;Grass carp(=White amur);625000;Live weight;1875064
2021;IT;Italy;Bivalves and other molluscs and aquatic invertebrates;Clam;CTG;Grooved carpet shell;29200;Live weight;433700
2021;PL;Poland;Freshwater fish;Carp;SVC;Silver carp;625000;Live weight;1875064
2021;IT;Italy;Salmonids;Other salmonids;WHF;Whitefishes nei;24000;Live weight;156000
2021;PL;Poland;Freshwater fish;Other freshwater fish;STU;Sturgeons nei;933000;Live weight;4665159
2021;IT;Italy;Freshwater fish;Other freshwater fish;FTE;Tench;24000;Live weight;182800
2021;PL;Poland;Salmonids;Other salmonids;SLX;Salmonoids nei;1200000;Live weight;4800163
2021;IT;Italy;Freshwater fish;Other freshwater fish;FCY;Cyprinids nei;23100;Live weight;130900
2021;PL;Poland;Freshwater fish;Other freshwater fish;FRF;Freshwater fishes nei;3235000;Live weight;12293419
2021;IT;Italy;Crustaceans;Shrimp, miscellaneous;CPR;Common prawn;18800;Live weight;185394
2021;PL;Poland;Freshwater fish;Carp;FCP;Common carp;17380000;Live weight;52141777
2021;IT;Italy;Salmonids;Other salmonids;TLV;Grayling;14000;Live weight;130500
2021;PL;Poland;Salmonids;Trout;TRR;Rainbow trout;19298000;Live weight;77194631
2021;IT;Italy;Salmonids;Other salmonids;PLN;European whitefish;12000;Live weight;67200
2021;PT;Portugal;Bivalves and other molluscs and aquatic invertebrates;Molluscs and aquatic invertebrates, other;KRJ;Knobbed triton;10;Live weight;50
2021;IT;Italy;Other marine fish;Seabream, other;SWA;White seabream;9600;Live weight;114000
2021;PT;Portugal;Freshwater fish;Eel;ELE;European eel;70;Live weight;838
2021;IT;Italy;Other marine fish;Seabream, other;SBX;Porgies, seabreams nei;9400;Live weight;85250
2021;PT;Portugal;Other marine fish;Seabream, other;SWA;White seabream;190;Live weight;1120
2021;IT;Italy;Flatfish;Sole, common;SOL;Common sole;8400;Live weight;125150
2021;PT;Portugal;Bivalves and other molluscs and aquatic invertebrates;Oyster;OYF;European flat oyster;990;Live weight;5603
2021;IT;Italy;Bivalves and other molluscs and aquatic invertebrates;Oyster;OYF;European flat oyster;4900;Live weight;29452
2021;PT;Portugal;Other marine fish;Other marine fish;MGS; ;2260;Live weight;6125
2021;IT;Italy;Freshwater fish;Carp;FCC;Crucian carp;3100;Live weight;10230
2021;PT;Portugal;Bivalves and other molluscs and aquatic invertebrates;Molluscs and aquatic invertebrates, other;BOY;Purple dye murex;2380;Live weight;39862
2021;IT;Italy;Freshwater fish;Other freshwater fish;FPE;European perch;1000;Live weight;6500
2021;PT;Portugal;Crustaceans;Shrimp, miscellaneous;PVR;Atlantic ditch shrimp;2770;Live weight;8310
2021;IT;Italy;Other marine fish;Seabream, other;SHR;Sharpsnout seabream;300;Live weight;3000
2021;PT;Portugal;Bivalves and other molluscs and aquatic invertebrates;Mussel Mytilus spp;MUS;Blue mussel;2890;Live weight;7617
2021;IE;Ireland;Bivalves and other molluscs and aquatic invertebrates;Mussel Mytilus spp;MUS;Blue mussel;17440000;Live weight;17095560
2021;PT;Portugal;Bivalves and other molluscs and aquatic invertebrates;Clam;CLJ;Japanese carpet shell;10430;Live weight;40512
2021;IE;Ireland;Salmonids;Salmon;SAL;Atlantic salmon;13214000;Live weight;106108420
2021;PT;Portugal;Bivalves and other molluscs and aquatic invertebrates;Clam;RAE;European razor clam;12780;Live weight;83779
2021;IE;Ireland;Bivalves and other molluscs and aquatic invertebrates;Oyster;OYG;Pacific cupped oyster;7580000;Live weight;36747840
2021;PT;Portugal;Bivalves and other molluscs and aquatic invertebrates;Clam;VNA;Golden carpet shell;13790;Live weight;58377
2021;IE;Ireland;Salmonids;Trout;TRR;Rainbow trout;537000;Live weight;1761897
2021;PT;Portugal;Flatfish;Sole, common;SOL;Common sole;29220;Live weight;353514
2021;IE;Ireland;Bivalves and other molluscs and aquatic invertebrates;Oyster;OYF;European flat oyster;440000;Live weight;2035440
2021;PT;Portugal;Flatfish;Sole, other;OAL;Senegalese sole;156960;Live weight;4073286
2021;IE;Ireland;Miscellaneous aquatic products;Seaweed and other algae;SWX;Seaweeds nei;173000;Live weight;467100
2021;PT;Portugal;Bivalves and other molluscs and aquatic invertebrates;Clam;COC;Common edible cockle;237950;Live weight;481774
2021;HU;Hungary;Freshwater fish;Carp;FCP;Common carp;11308758;Live weight;25234314
2021;PT;Portugal;Salmonids;Trout;TRR;Rainbow trout;245000;Live weight;705600
2021;HU;Hungary;Freshwater fish;Freshwater catfish;CTO;Torpedo-shaped catfishes nei;4108048;Live weight;7253136
2021;PT;Portugal;Bivalves and other molluscs and aquatic invertebrates;Mussel Mytilus spp;MYV;Mytilus mussels nei;439010;Live weight;2461920
2021;HU;Hungary;Freshwater fish;Carp;HXP;Carps nei;930224;Live weight;941848
2021;PT;Portugal;Bivalves and other molluscs and aquatic invertebrates;Oyster;OYC;Cupped oysters nei;680650;Live weight;2434916
2021;HU;Hungary;Freshwater fish;Other freshwater fish;FRF;Freshwater fishes nei;731889;Live weight;1452014
2021;PT;Portugal;Other marine fish;Seabass, European;BSS;European seabass;946310;Live weight;7283959
2021;HU;Hungary;Freshwater fish;Carp;FCG;Grass carp(=White amur);465355;Live weight;961810
2021;PT;Portugal;Bivalves and other molluscs and aquatic invertebrates;Oyster;OYG;Pacific cupped oyster;1415450;Live weight;7035932
2021;HU;Hungary;Freshwater fish;Freshwater catfish;SOM;Wels(=Som)catfish;216029;Live weight;1196680
2021;PT;Portugal;Bivalves and other molluscs and aquatic invertebrates;Mussel Mytilus spp;MSM;Mediterranean mussel;1441000;Live weight;2449700
2021;HU;Hungary;Salmonids;Trout;TRR;Rainbow trout;73500;Live weight;511704
2021;PT;Portugal;Other marine fish;Seabream, gilthead;SBG;Gilthead seabream;3304170;Live weight;17811995
2021;HU;Hungary;Freshwater fish;Other freshwater fish;STU;Sturgeons nei;70730;Live weight;734683
2021;PT;Portugal;Flatfish;Turbot;TUR;Turbot;3405060;Live weight;27762578
2021;HU;Hungary;Freshwater fish;Pike-perch;FPP;Pike-perch;24933;Live weight;276856
2021;PT;Portugal;Bivalves and other molluscs and aquatic invertebrates;Clam;CTG;Grooved carpet shell;5212400;Live weight;84867695
2021;HU;Hungary;Freshwater fish;Pike;FPI;Northern pike;22734;Live weight;186618
2021;RO;Romania;Freshwater fish;Pike;FPI;Northern pike;19000;Live weight;57909
2021;HU;Hungary;Freshwater fish;Other freshwater fish;FTE;Tench;3429;Live weight;20946
2021;RO;Romania;Freshwater fish;Freshwater catfish;SOM;Wels(=Som)catfish;64000;Live weight;260083
2021;HR;Croatia;Other marine fish;Seabass, European;BSS;European seabass;9038900;Live weight;53833944
2021;RO;Romania;Freshwater fish;Pike-perch;FPP;Pike-perch;67000;Live weight;272275
2021;HR;Croatia;Other marine fish;Seabream, gilthead;SBG;Gilthead seabream;7519300;Live weight;45433261
2021;RO;Romania;Freshwater fish;Other freshwater fish;STU;Sturgeons nei;137000;Live weight;1252667
2021;HR;Croatia;Tuna and tuna-like species;Tuna, bluefin;BFT;Atlantic bluefin tuna;4372000;Live weight;46276972
2021;RO;Romania;Freshwater fish;Other freshwater fish;FRF;Freshwater fishes nei;146000;Live weight;148329
2021;HR;Croatia;Freshwater fish;Carp;FCP;Common carp;2737600;Live weight;6259809
2021;RO;Romania;Freshwater fish;Freshwater catfish;CLZ;North African catfish;188000;Live weight;572996
2021;HR;Croatia;Other marine fish;Other marine fish;MGR;Meagre;999200;Live weight;6156938
2021;RO;Romania;Freshwater fish;Carp;FCG;Grass carp(=White amur);198000;Live weight;804633
2021;HR;Croatia;Bivalves and other molluscs and aquatic invertebrates;Mussel Mytilus spp;MSM;Mediterranean mussel;822300;Live weight;1093183
2021;RO;Romania;Freshwater fish;Carp;FCC;Crucian carp;977000;Live weight;992584
2021;HR;Croatia;Freshwater fish;Carp;BIC;Bighead carp;414200;Live weight;340299
2021;RO;Romania;Freshwater fish;Carp;SVC;Silver carp;1431000;Live weight;2616885
2021;HR;Croatia;Salmonids;Trout;TRR;Rainbow trout;335400;Live weight;1313586
2021;RO;Romania;Freshwater fish;Carp;BIC;Bighead carp;2509000;Live weight;4588235
2021;HR;Croatia;Freshwater fish;Carp;FCG;Grass carp(=White amur);266200;Live weight;495095
2021;RO;Romania;Salmonids;Trout;TRR;Rainbow trout;2747000;Live weight;11163263
2021;HR;Croatia;Freshwater fish;Carp;SVC;Silver carp;212100;Live weight;178205
2021;RO;Romania;Freshwater fish;Carp;FCP;Common carp;3231000;Live weight;13130143
2021;HR;Croatia;Bivalves and other molluscs and aquatic invertebrates;Oyster;OYF;European flat oyster;38200;Live weight;506671
2021;SE;Sweden;Freshwater fish;Eel;ELE;European eel;93000;Live weight;611051
2021;HR;Croatia;Freshwater fish;Freshwater catfish;SOM;Wels(=Som)catfish;31800;Live weight;167580
2021;SE;Sweden;Salmonids;Other salmonids;ACH;Arctic char;1270000;Live weight;4632521
2021;HR;Croatia;Freshwater fish;Other freshwater fish;FRF;Freshwater fishes nei;21900;Live weight;44516
2021;SE;Sweden;Bivalves and other molluscs and aquatic invertebrates;Mussel Mytilus spp;MUS;Blue mussel;3457000;Live weight;2964506
2021;HR;Croatia;Salmonids;Trout;TRS;Sea trout;14900;Live weight;81789
2021;SE;Sweden;Salmonids;Trout;TRR;Rainbow trout;10426000;Live weight;2408832
2021;HR;Croatia;Freshwater fish;Pike-perch;FPP;Pike-perch;3800;Live weight;34448
2021;SI;Slovenia;Freshwater fish;Pike-perch;FPP;Pike-perch;1200;Live weight;21360
2021;HR;Croatia;Freshwater fish;Pike;FPI;Northern pike;2900;Live weight;27238
2021;SI;Slovenia;Freshwater fish;Carp;HXP;Carps nei;1200;Live weight;2184
2021;FR;France;Bivalves and other molluscs and aquatic invertebrates;Oyster;OYG;Pacific cupped oyster;79733368;Live weight;396376098
2021;SI;Slovenia;Freshwater fish;Other freshwater fish;STU;Sturgeons nei;1900;Live weight;11400
2021;FR;France;Bivalves and other molluscs and aquatic invertebrates;Mussel Mytilus spp;MUS;Blue mussel;62641027;Live weight;141669694
2021;SI;Slovenia;Freshwater fish;Carp;FCG;Grass carp(=White amur);3700;Live weight;10064
2021;FR;France;Salmonids;Trout;TRR;Rainbow trout;33977520;Live weight;135800446
2021;SI;Slovenia;Salmonids;Trout;TRO;Trouts nei;3700;Live weight;66970
2021;FR;France;Bivalves and other molluscs and aquatic invertebrates;Mussel Mytilus spp;MSM;Mediterranean mussel;3680274;Live weight;7839285
2021;SI;Slovenia;Freshwater fish;Carp;FCC;Crucian carp;6000;Live weight;13260
2021;FR;France;Other marine fish;Seabass, European;BSS;European seabass;2615118;Live weight;22016163
2021;SI;Slovenia;Freshwater fish;Pike;FPI;Northern pike;6400;Live weight;64000
2021;FR;France;Other marine fish;Seabream, gilthead;SBG;Gilthead seabream;1886627;Live weight;15765894
2021;SI;Slovenia;Salmonids;Salmon;HUC;Huchen;6700;Live weight;58491
2021;FR;France;Freshwater fish;Carp;FCP;Common carp;1269776;Live weight;5040319
2021;SI;Slovenia;Freshwater fish;Other freshwater fish;FBM;Freshwater bream;7100;Live weight;19099
2021;FR;France;Other marine fish;Other marine fish;MZZ;Marine fishes nei;1222493;Live weight;11123044
2021;SI;Slovenia;Freshwater fish;Other freshwater fish;FCY;Cyprinids nei;8800;Live weight;20592
2021;FR;France;Bivalves and other molluscs and aquatic invertebrates;Oyster;OYF;European flat oyster;1177401;Live weight;7432660
2021;SI;Slovenia;Bivalves and other molluscs and aquatic invertebrates;Clam;VEV;Warty venus;11900;Live weight;113883
2021;FR;France;Bivalves and other molluscs and aquatic invertebrates;Clam;COC;Common edible cockle;1006146;Live weight;3227688
2021;SI;Slovenia;Salmonids;Trout;TRS;Sea trout;16100;Live weight;106582
2021;FR;France;Bivalves and other molluscs and aquatic invertebrates;Clam;CLJ;Japanese carpet shell;940849;Live weight;7293525
2021;SI;Slovenia;Salmonids;Trout;SVF;Brook trout;35700;Live weight;278460
2021;FR;France;Freshwater fish;Other freshwater fish;FRX;Roaches nei;832365;Live weight;3810373
2021;SI;Slovenia;Other marine fish;Seabass, European;BSS;European seabass;37700;Live weight;188500
2021;FR;France;Salmonids;Trout;TRS;Sea trout;446960;Live weight;3419963
2021;SI;Slovenia;Other marine fish;Seabream, gilthead;SBG;Gilthead seabream;42900;Live weight;214500
2021;FR;France;Salmonids;Other salmonids;SLX;Salmonoids nei;293120;Live weight;2654863
2021;SI;Slovenia;Freshwater fish;Freshwater catfish;CTO;Torpedo-shaped catfishes nei;87000;Live weight;185310
2021;FR;France;Freshwater fish;Other freshwater fish;FRF;Freshwater fishes nei;245052;Live weight;1673183
2021;SI;Slovenia;Freshwater fish;Carp;FCP;Common carp;126400;Live weight;295776
2021;FR;France;Freshwater fish;Other freshwater fish;STU;Sturgeons nei;244700;Live weight;1926950
2021;SI;Slovenia;Bivalves and other molluscs and aquatic invertebrates;Mussel Mytilus spp;MSM;Mediterranean mussel;418500;Live weight;259470
2021;FR;France;Freshwater fish;Other freshwater fish;FTE;Tench;222089;Live weight;1002612
2021;SI;Slovenia;Salmonids;Trout;TRR;Rainbow trout;869000;Live weight;4197270
2021;FR;France;Miscellaneous aquatic products;Seaweed and other algae;SIZ;Spirulina nei;205961;Live weight;6977893
2021;SK;Slovakia;Freshwater fish;Pike-perch;FPP;Pike-perch;2000;Live weight;26341
2021;FR;France;Bivalves and other molluscs and aquatic invertebrates;Clam;CLX;Clams, etc. nei;195333;Live weight;1719829
2021;SK;Slovakia;Freshwater fish;Pike;FPI;Northern pike;4000;Live weight;28081
2021;FR;France;Freshwater fish;Pike;FPI;Northern pike;163991;Live weight;837912
2021;SK;Slovakia;Salmonids;Trout;SVF;Brook trout;5000;Live weight;18750
2021;FR;France;Miscellaneous aquatic products;Seaweed and other algae;UDP;Wakame;77631;Live weight;323808
2021;SK;Slovakia;Salmonids;Trout;TRS;Sea trout;5000;Live weight;31251
2021;FR;France;Freshwater fish;Pike-perch;FPP;Pike-perch;59661;Live weight;336953
2021;SK;Slovakia;Freshwater fish;Freshwater catfish;SOM;Wels(=Som)catfish;8000;Live weight;86403
2021;FR;France;Crustaceans;Shrimp, warmwater;KUP;Kuruma prawn;57978;Live weight;1215984
2021;SK;Slovakia;Freshwater fish;Carp;SVC;Silver carp;10000;Live weight;12601
2021;FR;France;Freshwater fish;Other freshwater fish;MPS;Largemouth black bass;53885;Live weight;309074
2021;SK;Slovakia;Freshwater fish;Carp;FCG;Grass carp(=White amur);30000;Live weight;69603
2021;FR;France;Freshwater fish;Other freshwater fish;FPE;European perch;53038;Live weight;272582
2021;SK;Slovakia;Freshwater fish;Other freshwater fish;CGO;Goldfish;50000;Live weight;31501
2021;FR;France;Miscellaneous aquatic products;Seaweed and other algae;SWX;Seaweeds nei;48948;Live weight;755117
2021;SK;Slovakia;Freshwater fish;Carp;FCP;Common carp;336250;Live weight;880756
2021;FR;France;Freshwater fish;Carp;FCG;Grass carp(=White amur);42695;Live weight;211783
2021;SK;Slovakia;Freshwater fish;Freshwater catfish;CLZ;North African catfish;700000;Live weight;1484051
2021;FI;Finland;Salmonids;Trout;TRR;Rainbow trout;13550700;Live weight;58484821
2021;SK;Slovakia;Salmonids;Trout;TRR;Rainbow trout;1201690;Live weight;4056505
2021;FI;Finland;Salmonids;Other salmonids;PLN;European whitefish;688800;Live weight;6329383
2021;DK;Denmark;Salmonids;Salmon;SAL;Atlantic salmon;1668000;Live weight;8261747
2021;FI;Finland;Other marine fish;Other marine fish;FIN;Finfishes nei;159900;Live weight;920065
2021;BG;Bulgaria;Salmonids;Trout;SVF;Brook trout;1935;Live weight;10002
2021;ES;Spain;Bivalves and other molluscs and aquatic invertebrates;Mussel Mytilus spp;MSM;Mediterranean mussel;203225747;Live weight;137417106
2021;BG;Bulgaria;Freshwater fish;Other freshwater fish;ALR;Bleak;2506;Live weight;2037
2021;ES;Spain;Other marine fish;Seabass, European;BSS;European seabass;23037390;Live weight;152869469
2021;BG;Bulgaria;Freshwater fish;Other freshwater fish;APR;Sterlet sturgeon;3705;Live weight;33625
2021;ES;Spain;Salmonids;Trout;TRR;Rainbow trout;18055562;Live weight;61733651
2021;BG;Bulgaria;Freshwater fish;Other freshwater fish;FBM;Freshwater bream;4131;Live weight;2513
2021;ES;Spain;Other marine fish;Other marine fish;MZZ;Marine fishes nei;17491122;Live weight;177113702
2021;BG;Bulgaria;Freshwater fish;Pike;FPI;Northern pike;4357;Live weight;11050
2021;ES;Spain;Flatfish;Turbot;TUR;Turbot;8538140;Live weight;70175470
2021;BG;Bulgaria;Miscellaneous aquatic products;Seaweed and other algae;SIZ;Spirulina nei;7392;Live weight;113008
2021;ES;Spain;Other marine fish;Seabream, gilthead;SBG;Gilthead seabream;1515787;Live weight;11447095
2021;BG;Bulgaria;Freshwater fish;Freshwater catfish;ITP;Channel catfish;8445;Live weight;17531
2021;ES;Spain;Bivalves and other molluscs and aquatic invertebrates;Oyster;OYG;Pacific cupped oyster;1177569;Live weight;3411249
2021;BG;Bulgaria;Salmonids;Trout;TRS;Sea trout;14159;Live weight;67834
2021;ES;Spain;Bivalves and other molluscs and aquatic invertebrates;Clam;CLJ;Japanese carpet shell;1037301;Live weight;11072553
2021;BG;Bulgaria;Freshwater fish;Other freshwater fish;PAM;Mississippi paddlefish;14256;Live weight;89874
2021;ES;Spain;Flatfish;Sole, other;OAL;Senegalese sole;962238;Live weight;10946564
2021;BG;Bulgaria;Freshwater fish;Pike-perch;FPP;Pike-perch;14496;Live weight;39727
2021;ES;Spain;Bivalves and other molluscs and aquatic invertebrates;Clam;COC;Common edible cockle;554564;Live weight;2844747
2021;BG;Bulgaria;Freshwater fish;Other freshwater fish;HUH;Beluga;18655;Live weight;123235
2021;ES;Spain;Bivalves and other molluscs and aquatic invertebrates;Oyster;OYF;European flat oyster;254345;Live weight;1387496
2021;BG;Bulgaria;Crustaceans;Shrimp, warmwater;PNV;Whiteleg shrimp;23418;Live weight;427219
2021;ES;Spain;Crustaceans;Shrimp, miscellaneous;PVR;Atlantic ditch shrimp;206286;Live weight;639384
2021;BG;Bulgaria;Freshwater fish;Other freshwater fish;APB;Siberian sturgeon;42500;Live weight;318131
2021;ES;Spain;Other marine fish;Other marine fish;AMB;Greater amberjack;139516;Live weight;1516956
2021;BG;Bulgaria;Freshwater fish;Freshwater catfish;SOM;Wels(=Som)catfish;46800;Live weight;168938
2021;ES;Spain;Freshwater fish;Other freshwater fish;STU;Sturgeons nei;138420;Live weight;1048633
2021;BG;Bulgaria;Freshwater fish;Other freshwater fish;STU;Sturgeons nei;71820;Live weight;456082
2021;ES;Spain;Other marine fish;Other marine fish;MGS; ;58062;Live weight;214339
2021;BG;Bulgaria;Freshwater fish;Carp;FCG;Grass carp(=White amur);93116;Live weight;216626
2021;ES;Spain;Bivalves and other molluscs and aquatic invertebrates;Clam;CTG;Grooved carpet shell;54898;Live weight;1606666
2021;BG;Bulgaria;Freshwater fish;Carp;SVC;Silver carp;97947;Live weight;91146
2021;ES;Spain;Bivalves and other molluscs and aquatic invertebrates;Clam;VUC;Corrugated venus;49370;Live weight;945139
2021;BG;Bulgaria;Freshwater fish;Other freshwater fish;APG;Danube sturgeon(=Osetr);115390;Live weight;656067
2021;ES;Spain;Crustaceans;Shrimp, warmwater;KUP;Kuruma prawn;19745;Live weight;578530
2021;BG;Bulgaria;Freshwater fish;Other freshwater fish;CGO;Goldfish;183178;Live weight;126439
2021;ES;Spain;Miscellaneous aquatic products;Seaweed and other algae;SWG;Green seaweeds;11590;Live weight;954251
2021;BG;Bulgaria;Freshwater fish;Freshwater catfish;CLZ;North African catfish;214373;Live weight;1221043
2021;ES;Spain;Bivalves and other molluscs and aquatic invertebrates;Molluscs and aquatic invertebrates, other;MOL;Marine molluscs nei;8290;Live weight;243190
2021;BG;Bulgaria;Freshwater fish;Carp;BIC;Bighead carp;890258;Live weight;1010519
2021;ES;Spain;Freshwater fish;Other freshwater fish;FTE;Tench;6890;Live weight;29636
2021;BG;Bulgaria;Bivalves and other molluscs and aquatic invertebrates;Mussel Mytilus spp;MSM;Mediterranean mussel;2225288;Live weight;1797707
2021;ES;Spain;Bivalves and other molluscs and aquatic invertebrates;Scallop;QSC;Queen scallop;5219;Live weight;26392
2021;BG;Bulgaria;Freshwater fish;Carp;FCP;Common carp;2455833;Live weight;6077427
2021;ES;Spain;Other marine fish;Other marine fish;MGR;Meagre;4254;Live weight;27067
2021;BG;Bulgaria;Salmonids;Trout;TRR;Rainbow trout;4168060;Live weight;17262136
2021;ES;Spain;Other marine fish;Seabream, other;SWA;White seabream;4154;Live weight;8047
2021;CY;Cyprus;Freshwater fish;Other freshwater fish;APB;Siberian sturgeon;4000;Live weight;66000
2021;ES;Spain;Miscellaneous aquatic products;Seaweed and other algae;ULL;Spirulina platensis;2459;Live weight;283835
2021;CY;Cyprus;Other marine fish;Other marine fish;MGR;Meagre;12800;Live weight;92915
2021;ES;Spain;Crustaceans;Shrimp, warmwater;TGS;Caramote prawn;2160;Live weight;52456
2021;CY;Cyprus;Crustaceans;Shrimp, warmwater;PNI;Indian white prawn;16700;Live weight;176636
2021;ES;Spain;Other marine fish;Seabass, other;SPU;Spotted seabass;1459;Live weight;2806
2021;CY;Cyprus;Salmonids;Trout;TRR;Rainbow trout;51800;Live weight;414504
2021;ES;Spain;Miscellaneous aquatic products;Seaweed and other algae;SWX;Seaweeds nei;1270;Live weight;8067
2021;CY;Cyprus;Other marine fish;Seabass, European;BSS;European seabass;2680000;Live weight;18012280
2021;ES;Spain;Groundfish;Grenadier;CKJ;Popeye grenadier;1000;Live weight;4000
2021;CY;Cyprus;Other marine fish;Seabream, gilthead;SBG;Gilthead seabream;5097000;Live weight;26290326
2021;EL;Greece;Other marine fish;Seabream, gilthead;SBG;Gilthead seabream;67058400;Live weight;294632264
2021;CZ;Czechia;Salmonids;Other salmonids;PLN;European whitefish;2000;Live weight;6708
2021;EL;Greece;Other marine fish;Seabass, European;BSS;European seabass;51231800;Live weight;275286684
2021;CZ;Czechia;Freshwater fish;Other freshwater fish;FPE;European perch;26000;Live weight;65913
2021;EL;Greece;Bivalves and other molluscs and aquatic invertebrates;Mussel Mytilus spp;MSM;Mediterranean mussel;13508293;Live weight;4991449
2021;IT;Italy;Other marine fish;Seabream, gilthead;SBG;Gilthead seabream;8031000;Live weight;52024296
2021;BG;Bulgaria;Freshwater fish;Other freshwater fish;APE;Starry sturgeon;1800;Live weight;10980
2021;IT;Italy;Bivalves and other molluscs and aquatic invertebrates;Clam;CLJ;Japanese carpet shell;23053200;Live weight;211809090
2021;BG;Bulgaria;Crustaceans;Freshwater crayfish;CRD;Danube crayfish;1211;Live weight;2012
2021;IT;Italy;Salmonids;Trout;TRR;Rainbow trout;40441100;Live weight;134928272
2021;BG;Bulgaria;Freshwater fish;Other freshwater fish;FPE;European perch;369;Live weight;528
2021;IT;Italy;Bivalves and other molluscs and aquatic invertebrates;Mussel Mytilus spp;MSM;Mediterranean mussel;61921400;Live weight;55698114
2021;BG;Bulgaria;Freshwater fish;Other freshwater fish;BKC;Black carp;262;Live weight;706
2021;LT;Lithuania;Freshwater fish;Other freshwater fish;FTE;Tench;11500;Live weight;50731
2021;BG;Bulgaria;Freshwater fish;Carp;FCC;Crucian carp;160;Live weight;164
2021;LT;Lithuania;Freshwater fish;Pike;FPI;Northern pike;16991;Live weight;72115
2021;BG;Bulgaria;Freshwater fish;Other freshwater fish;FTE;Tench;80;Live weight;208
2021;LT;Lithuania;Freshwater fish;Carp;FCC;Crucian carp;21587;Live weight;57035
2021;BG;Bulgaria;Freshwater fish;Other freshwater fish;SRE;Rudd;49;Live weight;23
2021;LT;Lithuania;Freshwater fish;Carp;FCG;Grass carp(=White amur);23459;Live weight;116199
2021;EL;Greece;Flatfish;Sole, common;SOL;Common sole;2400;Live weight;10067
2021;LT;Lithuania;Freshwater fish;Carp;BIC;Bighead carp;81995;Live weight;305460
2021;EL;Greece;Other marine fish;Seabream, other;SHR;Sharpsnout seabream;21900;Live weight;137585
2021;LT;Lithuania;Salmonids;Trout;TRR;Rainbow trout;128265;Live weight;628489
2021;EL;Greece;Bivalves and other molluscs and aquatic invertebrates;Molluscs and aquatic invertebrates, other;MOL;Marine molluscs nei;23200;Live weight;74569
2021;LT;Lithuania;Freshwater fish;Other freshwater fish;FRF;Freshwater fishes nei;138022;Live weight;736534
2021;EL;Greece;Other marine fish;Other marine fish;MZZ;Marine fishes nei;142900;Live weight;280230
2021;EL;Greece;Crustaceans;Crab;CRA;Marine crabs nei;143300;Live weight;194639
2021;EL;Greece;Other marine fish;Other marine fish;AMB;Greater amberjack;172000;Live weight;1696716
2021;EL;Greece;Freshwater fish;Eel;ELE;European eel;297500;Live weight;2991065
2021;EL;Greece;Other marine fish;Other marine fish;MUF;Flathead grey mullet;390600;Live weight;759831
2021;EL;Greece;Salmonids;Trout;TRR;Rainbow trout;1911200;Live weight;6165041
2021;EL;Greece;Other marine fish;Other marine fish;MGR;Meagre;4200600;Live weight;22136616
2021;EL;Greece;Other marine fish;Seabream, other;RPG;Red porgy;4589600;Live weight;31499420
2021;AT;Austria;Freshwater fish;Carp;BIC;Bighead carp;602;Live weight;2991
2021;AT;Austria;Freshwater fish;Other freshwater fish;SRE;Rudd;950;Live weight;4630
2021;AT;Austria;Salmonids;Trout;ONA;Golden trout;965;Live weight;14414
2021;AT;Austria;Salmonids;Other salmonids;SLX;Salmonoids nei;1820;Live weight;25400
2021;AT;Austria;Freshwater fish;Other freshwater fish;FCY;Cyprinids nei;1847;Live weight;10261
2021;AT;Austria;Freshwater fish;Other freshwater fish;FRO;Roach;4780;Live weight;17997
2021;CZ;Czechia;Freshwater fish;Pike-perch;FPP;Pike-perch;66000;Live weight;738768
2021;CZ;Czechia;Freshwater fish;Freshwater catfish;SOM;Wels(=Som)catfish;84000;Live weight;422621
2021;CZ;Czechia;Freshwater fish;Carp;SVC;Silver carp;106000;Live weight;107488
2021;CZ;Czechia;Freshwater fish;Pike;FPI;Northern pike;116000;Live weight;701248
2021;CZ;Czechia;Freshwater fish;Other freshwater fish;FTE;Tench;139000;Live weight;460803
2021;CZ;Czechia;Freshwater fish;Carp;BIC;Bighead carp;292000;Live weight;284711
2021;CZ;Czechia;Salmonids;Trout;SVF;Brook trout;309000;Live weight;1182059
2021;CZ;Czechia;Freshwater fish;Carp;FCG;Grass carp(=White amur);695000;Live weight;1414197
2021;CZ;Czechia;Salmonids;Trout;TRR;Rainbow trout;761000;Live weight;3090281
2021;CZ;Czechia;Freshwater fish;Other freshwater fish;FRF;Freshwater fishes nei;779000;Live weight;1718584
2021;CZ;Czechia;Freshwater fish;Carp;FCP;Common carp;17616000;Live weight;34368315
2021;DE;Germany;Crustaceans;Freshwater crayfish;AAS;Noble crayfish;800;Live weight;25184
2021;DE;Germany;Salmonids;Other salmonids;TLV;Grayling;1400;Live weight;17227
2021;DE;Germany;Freshwater fish;Other freshwater fish;FBM;Freshwater bream;4400;Live weight;14665
2021;DE;Germany;Freshwater fish;Carp;FCC;Crucian carp;9500;Live weight;35416
2021;DE;Germany;Freshwater fish;Carp;BIC;Bighead carp;12500;Live weight;30013
2021;DE;Germany;Freshwater fish;Other freshwater fish;SRE;Rudd;16200;Live weight;87723
2021;DE;Germany;Freshwater fish;Tilapia;TLN;Nile tilapia;26000;Live weight;91003
2021;AT;Austria;Freshwater fish;Pike-perch;FPP;Pike-perch;22755;Live weight;356477
2021;AT;Austria;Freshwater fish;Other freshwater fish;STU;Sturgeons nei;13382;Live weight;201112
2021;AT;Austria;Freshwater fish;Carp;SVC;Silver carp;11741;Live weight;10520
2021;AT;Austria;Salmonids;Salmon;HUC;Huchen;8243;Live weight;148353
2021;AT;Austria;Freshwater fish;Pike;FPI;Northern pike;5495;Live weight;80899
2021;AT;Austria;Freshwater fish;Other freshwater fish;FTE;Tench;5334;Live weight;39213
2021;AT;Austria;Crustaceans;Shrimp, warmwater;PEN;Penaeus shrimps nei;44925;Live weight;2470875
2021;AT;Austria;Freshwater fish;Carp;FCG;Grass carp(=White amur);37654;Live weight;171954
2021;DE;Germany;Crustaceans;Shrimp, warmwater;PNV;Whiteleg shrimp;42200;Live weight;1776704
2021;DE;Germany;Freshwater fish;Pike;FPI;Northern pike;49000;Live weight;392013
2021;DE;Germany;Bivalves and other molluscs and aquatic invertebrates;Oyster;OYG;Pacific cupped oyster;50000;Live weight;450015
2021;DE;Germany;Freshwater fish;Carp;CWG;Prussian carp;60100;Live weight;102651
2021;DE;Germany;Freshwater fish;Pike-perch;FPP;Pike-perch;84000;Live weight;857669
2021;DE;Germany;Freshwater fish;Other freshwater fish;FTE;Tench;125200;Live weight;676330
2021;DE;Germany;Freshwater fish;Freshwater catfish;SOM;Wels(=Som)catfish;136000;Live weight;787467
2021;DE;Germany;Freshwater fish;Other freshwater fish;APB;Siberian sturgeon;148100;Live weight;1429906
2021;DE;Germany;Freshwater fish;Carp;FCG;Grass carp(=White amur);168300;Live weight;573903
2021;DE;Germany;Salmonids;Trout;SVF;Brook trout;398000;Live weight;2459724
2021;DE;Germany;Salmonids;Trout;TRS;Sea trout;615000;Live weight;3505619
2021;DE;Germany;Freshwater fish;Freshwater catfish;CLZ;North African catfish;807000;Live weight;5423225
2021;DE;Germany;Freshwater fish;Eel;ELE;European eel;1160000;Live weight;15092115
2021;DE;Germany;Salmonids;Other salmonids;CHR;Chars nei;1714000;Live weight;10592881
2021;DE;Germany;Freshwater fish;Carp;FCP;Common carp;4610000;Live weight;11479291
2021;DE;Germany;Salmonids;Trout;TRR;Rainbow trout;7712000;Live weight;33625466
2021;DE;Germany;Bivalves and other molluscs and aquatic invertebrates;Mussel Mytilus spp;MUS;Blue mussel;14215700;Live weight;32326502
2021;DK;Denmark;Freshwater fish;Other freshwater fish;APG;Danube sturgeon(=Osetr);1800;Live weight;32679
2021;DK;Denmark;Freshwater fish;Other freshwater fish;FPE;European perch;8200;Live weight;126819
2021;DK;Denmark;Miscellaneous aquatic products;Seaweed and other algae;LQX;Sea belt;9400;Live weight;23387
2021;DK;Denmark;Salmonids;Other salmonids;ACH;Arctic char;14000;Live weight;65898
2021;DK;Denmark;Freshwater fish;Other freshwater fish;SBH;Striped bass, hybrid;14290;Live weight;105772
2021;DK;Denmark;Salmonids;Trout;SVF;Brook trout;20750;Live weight;110493
2021;DK;Denmark;Salmonids;Other salmonids;CHR;Chars nei;168950;Live weight;1083546
2021;DK;Denmark;Freshwater fish;Pike-perch;FPP;Pike-perch;290210;Live weight;1168675
2021;DK;Denmark;Other marine fish;Other marine fish;YTC;Yellowtail amberjack;386370;Live weight;4936679
2021;DK;Denmark;Freshwater fish;Eel;ELE;European eel;1158620;Live weight;10173484
2021;DK;Denmark;Salmonids;Trout;TRO;Trouts nei;1682440;Live weight;8030557
2021;DK;Denmark;Bivalves and other molluscs and aquatic invertebrates;Mussel Mytilus spp;MUS;Blue mussel;6956190;Live weight;5390416
2021;DK;Denmark;Salmonids;Trout;TRR;Rainbow trout;24928470;Live weight;84211188
2021;EE;Estonia;Crustaceans;Freshwater crayfish;AAS;Noble crayfish;733;Live weight;20340
2021;EE;Estonia;Freshwater fish;Other freshwater fish;STU;Sturgeons nei;14575;Live weight;98136
2021;EE;Estonia;Freshwater fish;Other freshwater fish;FRF;Freshwater fishes nei;122281;Live weight;762693
2021;EE;Estonia;Salmonids;Trout;TRR;Rainbow trout;711871;Live weight;3442072
2021;EL;Greece;Crustaceans;Shrimp, warmwater;KUP;Kuruma prawn;500;Live weight;3078
2020;DE;Germany;Salmonids;Other salmonids;ACH;Arctic char;70000;Live weight;531440
2020;DE;Germany;Freshwater fish;Pike-perch;FPP;Pike-perch;55400;Live weight;805738
2020;DE;Germany;Bivalves and other molluscs and aquatic invertebrates;Oyster;OYG;Pacific cupped oyster;50000;Live weight;393977
2020;DE;Germany;Crustaceans;Shrimp, warmwater;PNV;Whiteleg shrimp;38300;Live weight;1500977
2020;DE;Germany;Freshwater fish;Pike;FPI;Northern pike;38000;Live weight;247759
2020;DE;Germany;Freshwater fish;Tilapia;TLP;Tilapias nei;15000;Live weight;52504
2020;DE;Germany;Freshwater fish;Other freshwater fish;SRE;Rudd;14700;Live weight;73382
2020;DE;Germany;Freshwater fish;Carp;BIC;Bighead carp;7800;Live weight;17722
2020;DE;Germany;Freshwater fish;Carp;FCC;Crucian carp;6100;Live weight;19398
2020;DE;Germany;Freshwater fish;Other freshwater fish;FBM;Freshwater bream;3700;Live weight;12473
2020;DE;Germany;Salmonids;Other salmonids;TLV;Grayling;2000;Live weight;32670
2020;DE;Germany;Crustaceans;Freshwater crayfish;AAS;Noble crayfish;700;Live weight;39114
2020;CZ;Czechia;Freshwater fish;Carp;FCP;Common carp;17370000;Live weight;30201171
2020;CZ;Czechia;Freshwater fish;Other freshwater fish;FRF;Freshwater fishes nei;731000;Live weight;1855037
2020;CZ;Czechia;Salmonids;Trout;TRR;Rainbow trout;699000;Live weight;2715290
2020;CZ;Czechia;Freshwater fish;Carp;FCG;Grass carp(=White amur);611000;Live weight;1210811
2020;CZ;Czechia;Freshwater fish;Carp;BIC;Bighead carp;296000;Live weight;212625
2020;CZ;Czechia;Salmonids;Trout;SVF;Brook trout;224000;Live weight;770214
2020;CZ;Czechia;Freshwater fish;Freshwater catfish;CLZ;North African catfish;210000;Live weight;435668
2020;CZ;Czechia;Freshwater fish;Other freshwater fish;FTE;Tench;135000;Live weight;403137
2020;IT;Italy;Salmonids;Other salmonids;ACH;Arctic char;98500;Live weight;527500
2020;IT;Italy;Freshwater fish;Other freshwater fish;MPS;Largemouth black bass;87000;Live weight;601600
2020;IT;Italy;Other marine fish;Other marine fish;MGR;Meagre;70500;Live weight;592750
2020;IT;Italy;Freshwater fish;Freshwater catfish;ITP;Channel catfish;55700;Live weight;227580
2020;IT;Italy;Freshwater fish;Other freshwater fish;FCY;Cyprinids nei;39100;Live weight;180900
2020;IT;Italy;Salmonids;Other salmonids;WHF;Whitefishes nei;36000;Live weight;206000
2020;IT;Italy;Other marine fish;Seabream, other;SBX;Porgies, seabreams nei;21600;Live weight;194000
2020;IT;Italy;Freshwater fish;Other freshwater fish;ITM;Black bullhead;14300;Live weight;102500
2020;IT;Italy;Freshwater fish;Other freshwater fish;FTE;Tench;13500;Live weight;102000
2020;IT;Italy;Salmonids;Other salmonids;TLV;Grayling;9600;Live weight;98000
2020;IT;Italy;Flatfish;Sole, common;SOL;Common sole;8600;Live weight;97250
2020;IT;Italy;Freshwater fish;Carp;FCC;Crucian carp;3300;Live weight;9900
2020;IT;Italy;Crustaceans;Shrimp, warmwater;KUP;Kuruma prawn;1400;Live weight;41998
2020;IT;Italy;Salmonids;Other salmonids;CHR;Chars nei;1100;Live weight;11200
2020;IT;Italy;Other marine fish;Seabream, other;SWA;White seabream;1000;Live weight;12500
2020;IT;Italy;Freshwater fish;Other freshwater fish;FPE;European perch;500;Live weight;6250
2020;IT;Italy;Crustaceans;Shrimp, miscellaneous;CPR;Common prawn;500;Live weight;5500
2020;IE;Ireland;Bivalves and other molluscs and aquatic invertebrates;Mussel Mytilus spp;MUS;Blue mussel;14729000;Live weight;13270792
2020;IE;Ireland;Salmonids;Salmon;SAL;Atlantic salmon;12870000;Live weight;118944540
2020;IE;Ireland;Bivalves and other molluscs and aquatic invertebrates;Oyster;OYG;Pacific cupped oyster;6672000;Live weight;27441936
2020;IE;Ireland;Salmonids;Trout;TRR;Rainbow trout;604000;Live weight;1882668
2020;IE;Ireland;Bivalves and other molluscs and aquatic invertebrates;Oyster;OYF;European flat oyster;233000;Live weight;853945
2020;IE;Ireland;Miscellaneous aquatic products;Seaweed and other algae;SWX;Seaweeds nei;44000;Live weight;44000
2020;IE;Ireland;Bivalves and other molluscs and aquatic invertebrates;Molluscs and aquatic invertebrates, other;INV;Aquatic invertebrates nei;30700;Live weight;229636
2020;HU;Hungary;Freshwater fish;Carp;FCP;Common carp;11909114;Live weight;23394416
2020;HU;Hungary;Freshwater fish;Freshwater catfish;CTO;Torpedo-shaped catfishes nei;3824612;Live weight;6522257
2020;HU;Hungary;Freshwater fish;Freshwater catfish;XHC;Hetero-Clarias catfish, hybrid;3824610;Live weight;6512178
2020;HU;Hungary;Freshwater fish;Carp;HXP;Carps nei;909533;Live weight;823435
2020;HU;Hungary;Freshwater fish;Other freshwater fish;FRF;Freshwater fishes nei;833949;Live weight;1040690
2020;HU;Hungary;Freshwater fish;Carp;FCG;Grass carp(=White amur);477022;Live weight;852868
2020;HU;Hungary;Freshwater fish;Freshwater catfish;SOM;Wels(=Som)catfish;256728;Live weight;1309039
2020;HU;Hungary;Salmonids;Trout;TRR;Rainbow trout;94955;Live weight;348191
2020;HU;Hungary;Freshwater fish;Pike-perch;FPP;Pike-perch;37777;Live weight;288234
2020;HU;Hungary;Freshwater fish;Pike;FPI;Northern pike;28034;Live weight;165690
2020;HU;Hungary;Freshwater fish;Other freshwater fish;STU;Sturgeons nei;7019;Live weight;63945
2020;HU;Hungary;Freshwater fish;Other freshwater fish;FTE;Tench;6375;Live weight;33123
2020;HR;Croatia;Other marine fish;Seabream, gilthead;SBG;Gilthead seabream;7779890;Live weight;46215543
2020;HR;Croatia;Other marine fish;Seabass, European;BSS;European seabass;6754050;Live weight;40765849
2020;HR;Croatia;Tuna and tuna-like species;Tuna, bluefin;BFT;Atlantic bluefin tuna;3323030;Live weight;35219251
2020;HR;Croatia;Freshwater fish;Carp;FCP;Common carp;1690900;Live weight;3766528
2020;HR;Croatia;Other marine fish;Other marine fish;MGR;Meagre;618140;Live weight;3719549
2020;HR;Croatia;Bivalves and other molluscs and aquatic invertebrates;Mussel Mytilus spp;MSM;Mediterranean mussel;502810;Live weight;657527
2020;HR;Croatia;Salmonids;Trout;TRR;Rainbow trout;379200;Live weight;1458369
2020;HR;Croatia;Freshwater fish;Carp;BIC;Bighead carp;325800;Live weight;257540
2020;HR;Croatia;Freshwater fish;Carp;SVC;Silver carp;161500;Live weight;124150
2020;HR;Croatia;Freshwater fish;Carp;FCG;Grass carp(=White amur);132500;Live weight;257744
2020;HR;Croatia;Freshwater fish;Other freshwater fish;FRF;Freshwater fishes nei;32100;Live weight;31370
2020;HR;Croatia;Freshwater fish;Freshwater catfish;SOM;Wels(=Som)catfish;31700;Live weight;157091
2020;HR;Croatia;Bivalves and other molluscs and aquatic invertebrates;Oyster;OYF;European flat oyster;14370;Live weight;161731
2020;HR;Croatia;Salmonids;Trout;TRS;Sea trout;12400;Live weight;72983
2020;HR;Croatia;Freshwater fish;Pike-perch;FPP;Pike-perch;5900;Live weight;46621
2020;HR;Croatia;Freshwater fish;Other freshwater fish;FBM;Freshwater bream;3500;Live weight;6964
2020;HR;Croatia;Freshwater fish;Pike;FPI;Northern pike;2300;Live weight;19681
2020;HR;Croatia;Freshwater fish;Other freshwater fish;APR;Sterlet sturgeon;660;Live weight;3992
2020;HR;Croatia;Freshwater fish;Other freshwater fish;FTE;Tench;600;Live weight;4465
2020;HR;Croatia;Freshwater fish;Other freshwater fish;MPS;Largemouth black bass;70;Live weight;928
2020;FR;France;Bivalves and other molluscs and aquatic invertebrates;Oyster;OYG;Pacific cupped oyster;79503123;Live weight;350236782
2020;FR;France;Bivalves and other molluscs and aquatic invertebrates;Mussel Mytilus spp;MUS;Blue mussel;55389534;Live weight;125645125
2020;FR;France;Salmonids;Trout;TRR;Rainbow trout;36719920;Live weight;134511076
2020;FR;France;Bivalves and other molluscs and aquatic invertebrates;Mussel Mytilus spp;MSM;Mediterranean mussel;5829957;Live weight;12114026
2020;FR;France;Other marine fish;Seabass, European;BSS;European seabass;2376016;Live weight;19730750
2020;FR;France;Other marine fish;Seabream, gilthead;SBG;Gilthead seabream;2006258;Live weight;16773692
2020;FR;France;Freshwater fish;Carp;FCP;Common carp;1409205;Live weight;5225495
2020;FR;France;Bivalves and other molluscs and aquatic invertebrates;Oyster;OYF;European flat oyster;1280261;Live weight;6748212
2020;FR;France;Other marine fish;Other marine fish;MZZ;Marine fishes nei;978986;Live weight;10096163
2020;FR;France;Bivalves and other molluscs and aquatic invertebrates;Clam;CLJ;Japanese carpet shell;919006;Live weight;7490592
2020;FR;France;Bivalves and other molluscs and aquatic invertebrates;Clam;COC;Common edible cockle;807747;Live weight;2666749
2020;FR;France;Freshwater fish;Other freshwater fish;FRX;Roaches nei;753401;Live weight;3450391
2020;FR;France;Other marine fish;Other marine fish;MGR;Meagre;501010;Live weight;3753750
2020;FR;France;Salmonids;Trout;TRS;Sea trout;480080;Live weight;3715979
2020;FR;France;Freshwater fish;Other freshwater fish;STU;Sturgeons nei;404410;Live weight;2618726
2020;FR;France;Salmonids;Other salmonids;SLX;Salmonoids nei;294840;Live weight;2482720
2020;FR;France;Freshwater fish;Other freshwater fish;FTE;Tench;238010;Live weight;1055245
2020;FR;France;Miscellaneous aquatic products;Seaweed and other algae;SIZ;Spirulina nei;222610;Live weight;7270883
2020;FR;France;Bivalves and other molluscs and aquatic invertebrates;Clam;CLX;Clams, etc. nei;219097;Live weight;1850530
2020;FR;France;Freshwater fish;Other freshwater fish;FRF;Freshwater fishes nei;204457;Live weight;1006287
2020;FR;France;Freshwater fish;Pike;FPI;Northern pike;168500;Live weight;799440
2020;FR;France;Miscellaneous aquatic products;Seaweed and other algae;UDP;Wakame;69749;Live weight;381570
2020;FR;France;Crustaceans;Shrimp, warmwater;KUP;Kuruma prawn;62061;Live weight;1434807
2020;FR;France;Freshwater fish;Other freshwater fish;FPE;European perch;54277;Live weight;240687
2020;FR;France;Freshwater fish;Pike-perch;FPP;Pike-perch;54234;Live weight;255920
2020;FR;France;Miscellaneous aquatic products;Seaweed and other algae;SWX;Seaweeds nei;50901;Live weight;533592
2020;FR;France;Freshwater fish;Other freshwater fish;MPS;Largemouth black bass;37278;Live weight;213745
2020;FR;France;Freshwater fish;Carp;FCG;Grass carp(=White amur);16702;Live weight;103996
2020;FR;France;Bivalves and other molluscs and aquatic invertebrates;Abalone;HLT;Tuberculate abalone;7000;Live weight;91928
2020;FR;France;Miscellaneous aquatic products;Other products;FGI;European green frog;5000;Live weight;87550
2020;FI;Finland;Salmonids;Trout;TRR;Rainbow trout;14293300;Live weight;51605960
2020;FI;Finland;Salmonids;Other salmonids;PLN;European whitefish;575700;Live weight;5347102
2020;FI;Finland;Other marine fish;Other marine fish;FIN;Finfishes nei;184000;Live weight;1093751
2020;ES;Spain;Bivalves and other molluscs and aquatic invertebrates;Mussel Mytilus spp;MSM;Mediterranean mussel;204466120;Live weight;105612576
2020;ES;Spain;Other marine fish;Seabass, European;BSS;European seabass;22764900;Live weight;144139835
2020;ES;Spain;Salmonids;Trout;TRR;Rainbow trout;15805720;Live weight;52000622
2020;ES;Spain;Tuna and tuna-like species;Tuna, bluefin;BFT;Atlantic bluefin tuna;8913390;Live weight;133156706
2020;ES;Spain;Flatfish;Turbot;TUR;Turbot;6962770;Live weight;48136984
2020;ES;Spain;Other marine fish;Seabream, gilthead;SBG;Gilthead seabream;6458120;Live weight;36084600
2020;ES;Spain;Other marine fish;Other marine fish;MGR;Meagre;4414720;Live weight;21215873
2020;ES;Spain;Crustaceans;Freshwater crayfish;RCW;Red swamp crawfish;3000000;Live weight;2999991
2020;ES;Spain;Flatfish;Sole, other;OAL;Senegalese sole;1322560;Live weight;14486802
2020;ES;Spain;Bivalves and other molluscs and aquatic invertebrates;Oyster;OYG;Pacific cupped oyster;830800;Live weight;2541739
2020;ES;Spain;Bivalves and other molluscs and aquatic invertebrates;Clam;CLJ;Japanese carpet shell;786140;Live weight;7385913
2020;ES;Spain;Freshwater fish;Eel;ELE;European eel;300000;Live weight;2699991
2020;ES;Spain;Bivalves and other molluscs and aquatic invertebrates;Oyster;OYF;European flat oyster;257780;Live weight;1325533
2020;ES;Spain;Crustaceans;Shrimp, miscellaneous;PVR;Atlantic ditch shrimp;243440;Live weight;735195
2020;ES;Spain;Bivalves and other molluscs and aquatic invertebrates;Clam;COC;Common edible cockle;220310;Live weight;1392830
2020;ES;Spain;Bivalves and other molluscs and aquatic invertebrates;Clam;VUC;Corrugated venus;131450;Live weight;2341079
2020;ES;Spain;Freshwater fish;Other freshwater fish;APB;Siberian sturgeon;118920;Live weight;836106
2020;ES;Spain;Bivalves and other molluscs and aquatic invertebrates;Clam;CTG;Grooved carpet shell;50070;Live weight;1253126
2020;ES;Spain;Other marine fish;Other marine fish;MUL;Mullets nei;45580;Live weight;117545
2020;ES;Spain;Freshwater fish;Other freshwater fish;AAA;Adriatic sturgeon;30480;Live weight;292891
2020;ES;Spain;Crustaceans;Shrimp, warmwater;GIT;Giant tiger prawn;22040;Live weight;631947
2020;ES;Spain;Other marine fish;Other marine fish;AMB;Greater amberjack;15000;Live weight;157503
2020;ES;Spain;Bivalves and other molluscs and aquatic invertebrates;Clam;CLR;Atl.jackknife(=Atl.razor clam);6330;Live weight;219296
2020;ES;Spain;Freshwater fish;Other freshwater fish;FTE;Tench;6180;Live weight;29400
2020;ES;Spain;Miscellaneous aquatic products;Seaweed and other algae;ULL;Spirulina platensis;3420;Live weight;529218
2020;ES;Spain;Other marine fish;Seabream, other;SWA;White seabream;2480;Live weight;5087
2020;ES;Spain;Crustaceans;Crab;SCR;Spinous spider crab;2000;Live weight;50000
2020;ES;Spain;Crustaceans;Crab;JDV;Common spider crab;1150;Live weight;24660
2020;ES;Spain;Other marine fish;Seabass, other;SPU;Spotted seabass;770;Live weight;1480
2020;ES;Spain;Miscellaneous aquatic products;Seaweed and other algae;SWX;Seaweeds nei;710;Live weight;1228123
2020;ES;Spain;Crustaceans;Shrimp, warmwater;TGS;Caramote prawn;500;Live weight;11574
2020;ES;Spain;Freshwater fish;Other freshwater fish;APG;Danube sturgeon(=Osetr);460;Live weight;3327
2020;ES;Spain;Miscellaneous aquatic products;Seaweed and other algae;GLS;Gracilaria seaweeds;320;Live weight;2247
2020;EL;Greece;Other marine fish;Seabream, gilthead;SBG;Gilthead seabream;61754500;Live weight;287784940
2020;EL;Greece;Other marine fish;Seabass, European;BSS;European seabass;40205000;Live weight;204149600
2020;EL;Greece;Bivalves and other molluscs and aquatic invertebrates;Mussel Mytilus spp;MSM;Mediterranean mussel;18956800;Live weight;6091615
2020;EL;Greece;Other marine fish;Other marine fish;MGR;Meagre;3288000;Live weight;17077076
2020;EL;Greece;Other marine fish;Seabream, other;RPG;Red porgy;3283400;Live weight;24242984
2020;EL;Greece;Salmonids;Trout;TRR;Rainbow trout;1935700;Live weight;6268598
2020;CZ;Czechia;Freshwater fish;Pike;FPI;Northern pike;104000;Live weight;572935
2020;CZ;Czechia;Freshwater fish;Carp;SVC;Silver carp;88000;Live weight;66528
2020;CZ;Czechia;Freshwater fish;Freshwater catfish;SOM;Wels(=Som)catfish;73000;Live weight;335324
2020;CZ;Czechia;Freshwater fish;Pike-perch;FPP;Pike-perch;54000;Live weight;559289
2020;CZ;Czechia;Freshwater fish;Other freshwater fish;FPE;European perch;13000;Live weight;29484
2020;CZ;Czechia;Salmonids;Other salmonids;PLN;European whitefish;4000;Live weight;11189
2020;CY;Cyprus;Other marine fish;Seabream, gilthead;SBG;Gilthead seabream;4367000;Live weight;19992126
2020;CY;Cyprus;Other marine fish;Seabass, European;BSS;European seabass;2924000;Live weight;16546916
2020;CY;Cyprus;Salmonids;Trout;TRR;Rainbow trout;33026;Live weight;255588
2020;CY;Cyprus;Crustaceans;Shrimp, warmwater;PNI;Indian white prawn;16050;Live weight;175507
2020;CY;Cyprus;Freshwater fish;Other freshwater fish;APB;Siberian sturgeon;2623;Live weight;53428
2020;BG;Bulgaria;Salmonids;Trout;TRR;Rainbow trout;3318331;Live weight;13759927
2020;BG;Bulgaria;Freshwater fish;Carp;FCP;Common carp;2543258;Live weight;5851652
2020;BG;Bulgaria;Bivalves and other molluscs and aquatic invertebrates;Mussel Mytilus spp;MSM;Mediterranean mussel;1233123;Live weight;970963
2020;BG;Bulgaria;Freshwater fish;Carp;BIC;Bighead carp;953679;Live weight;955727
2020;BG;Bulgaria;Freshwater fish;Other freshwater fish;APG;Danube sturgeon(=Osetr);142794;Live weight;721344
2020;BG;Bulgaria;Freshwater fish;Other freshwater fish;CGO;Goldfish;136815;Live weight;83944
2020;BG;Bulgaria;Freshwater fish;Freshwater catfish;CLZ;North African catfish;112009;Live weight;748521
2020;BG;Bulgaria;Freshwater fish;Carp;SVC;Silver carp;87066;Live weight;79240
2020;BG;Bulgaria;Freshwater fish;Carp;FCG;Grass carp(=White amur);73699;Live weight;147715
2020;BG;Bulgaria;Freshwater fish;Freshwater catfish;SOM;Wels(=Som)catfish;71558;Live weight;233063
2020;BG;Bulgaria;Freshwater fish;Freshwater catfish;ITP;Channel catfish;69137;Live weight;150236
2020;BG;Bulgaria;Freshwater fish;Pike-perch;FPP;Pike-perch;25517;Live weight;62625
2020;BG;Bulgaria;Salmonids;Salmon;COH;Coho(=Silver)salmon;18667;Live weight;147080
2020;BG;Bulgaria;Freshwater fish;Other freshwater fish;HUH;Beluga;15892;Live weight;99051
2020;BG;Bulgaria;Freshwater fish;Other freshwater fish;STU;Sturgeons nei;12494;Live weight;79980
2020;BG;Bulgaria;Salmonids;Trout;TRS;Sea trout;11071;Live weight;52474
2020;BG;Bulgaria;Freshwater fish;Other freshwater fish;FTE;Tench;8748;Live weight;22767
2020;BG;Bulgaria;Freshwater fish;Pike;FPI;Northern pike;7902;Live weight;18060
2020;BG;Bulgaria;Freshwater fish;Other freshwater fish;ALR;Bleak;4086;Live weight;3343
2020;BG;Bulgaria;Freshwater fish;Other freshwater fish;FBM;Freshwater bream;3892;Live weight;2249
2020;BG;Bulgaria;Bivalves and other molluscs and aquatic invertebrates;Oyster;OYG;Pacific cupped oyster;2570;Live weight;27530
2020;AT;Austria;Salmonids;Trout;TRS;Sea trout;484134;Live weight;3323857
2020;AT;Austria;Salmonids;Other salmonids;CHR;Chars nei;365233;Live weight;3536842
2020;AT;Austria;Salmonids;Other salmonids;ACH;Arctic char;268713;Live weight;2870306
2020;AT;Austria;Freshwater fish;Carp;FCG;Grass carp(=White amur);31894;Live weight;177170
2020;AT;Austria;Freshwater fish;Pike-perch;FPP;Pike-perch;16598;Live weight;275888
2020;AT;Austria;Freshwater fish;Carp;SVC;Silver carp;14568;Live weight;10642
2020;AT;Austria;Freshwater fish;Freshwater catfish;SOM;Wels(=Som)catfish;12355;Live weight;132419
2020;AT;Austria;Freshwater fish;Other freshwater fish;STU;Sturgeons nei;12153;Live weight;161373
2020;AT;Austria;Salmonids;Salmon;HUC;Huchen;9310;Live weight;162268
2020;AT;Austria;Freshwater fish;Other freshwater fish;FRO;Roach;7370;Live weight;35940
2020;AT;Austria;Freshwater fish;Other freshwater fish;FTE;Tench;6239;Live weight;45419
2020;AT;Austria;Freshwater fish;Pike;FPI;Northern pike;5386;Live weight;78815
2020;SK;Slovakia;Salmonids;Trout;TRR;Rainbow trout;747480;Live weight;2394848
2020;SK;Slovakia;Freshwater fish;Freshwater catfish;CLZ;North African catfish;697790;Live weight;1480724
2020;SK;Slovakia;Freshwater fish;Carp;FCP;Common carp;593100;Live weight;1186544
2020;SK;Slovakia;Freshwater fish;Other freshwater fish;FRF;Freshwater fishes nei;113300;Live weight;433989
2020;SK;Slovakia;Freshwater fish;Carp;FCG;Grass carp(=White amur);33000;Live weight;76563
2020;SK;Slovakia;Freshwater fish;Carp;SVC;Silver carp;13000;Live weight;16381
2020;SK;Slovakia;Freshwater fish;Freshwater catfish;SOM;Wels(=Som)catfish;8000;Live weight;86403
2020;SK;Slovakia;Salmonids;Trout;SVF;Brook trout;6400;Live weight;23998
2020;SK;Slovakia;Salmonids;Trout;TRS;Sea trout;6000;Live weight;37498
2020;SK;Slovakia;Freshwater fish;Pike;FPI;Northern pike;4800;Live weight;33698
2020;SK;Slovakia;Freshwater fish;Pike-perch;FPP;Pike-perch;2800;Live weight;36876
2020;SI;Slovenia;Salmonids;Trout;TRR;Rainbow trout;863800;Live weight;3766168
2020;SI;Slovenia;Bivalves and other molluscs and aquatic invertebrates;Mussel Mytilus spp;MSM;Mediterranean mussel;383200;Live weight;272072
2020;SI;Slovenia;Freshwater fish;Carp;FCP;Common carp;132500;Live weight;306075
2020;SI;Slovenia;Other marine fish;Seabass, European;BSS;European seabass;108600;Live weight;250000
2020;SI;Slovenia;Freshwater fish;Other freshwater fish;FRF;Freshwater fishes nei;88300;Live weight;229583
2020;SI;Slovenia;Freshwater fish;Freshwater catfish;CTO;Torpedo-shaped catfishes nei;74700;Live weight;0
2020;SI;Slovenia;Other marine fish;Other marine fish;DIA;Diadromous fishes nei;70400;Live weight;337918
2020;SI;Slovenia;Other marine fish;Other marine fish;MZZ;Marine fishes nei;50000;Live weight;250000
2020;SI;Slovenia;Other marine fish;Seabream, gilthead;SBG;Gilthead seabream;43400;Live weight;0
2020;SI;Slovenia;Salmonids;Trout;SVF;Brook trout;43100;Live weight;0
2020;SI;Slovenia;Bivalves and other molluscs and aquatic invertebrates;Clam;VEV;Warty venus;22000;Live weight;202840
2020;SI;Slovenia;Salmonids;Salmon;HUC;Huchen;11100;Live weight;0
2020;SI;Slovenia;Salmonids;Trout;TRS;Sea trout;9400;Live weight;0
2020;SI;Slovenia;Freshwater fish;Carp;FCC;Crucian carp;6400;Live weight;0
2020;SI;Slovenia;Freshwater fish;Pike;FPI;Northern pike;5800;Live weight;0
2020;SI;Slovenia;Freshwater fish;Carp;HXP;Carps nei;3600;Live weight;0
2020;SI;Slovenia;Freshwater fish;Carp;FCG;Grass carp(=White amur);3200;Live weight;0
2020;SI;Slovenia;Freshwater fish;Other freshwater fish;FCY;Cyprinids nei;3200;Live weight;7392
2020;SI;Slovenia;Salmonids;Trout;TRO;Trouts nei;2900;Live weight;0
2020;SI;Slovenia;Salmonids;Other salmonids;SLZ;Salmonids nei;2900;Live weight;52198
2020;SI;Slovenia;Freshwater fish;Other freshwater fish;STU;Sturgeons nei;2600;Live weight;0
2020;SI;Slovenia;Freshwater fish;Other freshwater fish;FBM;Freshwater bream;1900;Live weight;0
2020;SI;Slovenia;Freshwater fish;Pike-perch;FPP;Pike-perch;1400;Live weight;0
2020;SI;Slovenia;Salmonids;Other salmonids;TLV;Grayling;1300;Live weight;0
2020;SE;Sweden;Salmonids;Trout;TRR;Rainbow trout;8649000;Live weight;29299271
2020;SE;Sweden;Bivalves and other molluscs and aquatic invertebrates;Mussel Mytilus spp;MUS;Blue mussel;2297000;Live weight;1336382
2020;SE;Sweden;Salmonids;Other salmonids;ACH;Arctic char;1050000;Live weight;3705364
2020;SE;Sweden;Freshwater fish;Eel;ELE;European eel;93000;Live weight;587193
2020;SE;Sweden;Crustaceans;Freshwater crayfish;AYS;Euro-American crayfishes nei;300;Live weight;10558
2020;RO;Romania;Freshwater fish;Carp;FCP;Common carp;3647000;Live weight;15075543
2020;RO;Romania;Salmonids;Trout;TRR;Rainbow trout;2636000;Live weight;10896389
2020;RO;Romania;Freshwater fish;Carp;BIC;Bighead carp;2237000;Live weight;4623525
2020;RO;Romania;Freshwater fish;Carp;SVC;Silver carp;1743000;Live weight;3602505
2020;RO;Romania;Freshwater fish;Carp;FCC;Crucian carp;1120000;Live weight;2314863
2020;RO;Romania;Freshwater fish;Other freshwater fish;FBM;Freshwater bream;180000;Live weight;185659
2020;RO;Romania;Freshwater fish;Carp;FCG;Grass carp(=White amur);178000;Live weight;551847
2020;RO;Romania;Freshwater fish;Other freshwater fish;STU;Sturgeons nei;84000;Live weight;694459
2020;RO;Romania;Freshwater fish;Pike-perch;FPP;Pike-perch;70000;Live weight;289358
2020;RO;Romania;Freshwater fish;Freshwater catfish;SOM;Wels(=Som)catfish;62000;Live weight;256288
2020;RO;Romania;Freshwater fish;Freshwater catfish;CLZ;North African catfish;54000;Live weight;167099
2020;RO;Romania;Freshwater fish;Other freshwater fish;FRX;Roaches nei;30000;Live weight;50560
2020;RO;Romania;Freshwater fish;Other freshwater fish;FCY;Cyprinids nei;20000;Live weight;28883
2020;RO;Romania;Freshwater fish;Pike;FPI;Northern pike;16000;Live weight;49604
2020;RO;Romania;Freshwater fish;Other freshwater fish;PAM;Mississippi paddlefish;1000;Live weight;3239
2020;PT;Portugal;Bivalves and other molluscs and aquatic invertebrates;Clam;CTG;Grooved carpet shell;3596870;Live weight;50638704
2020;PT;Portugal;Other marine fish;Other marine fish;MZZ;Marine fishes nei;3557930;Live weight;23909210
2020;PT;Portugal;Flatfish;Turbot;TUR;Turbot;3464370;Live weight;17552820
2020;PT;Portugal;Other marine fish;Seabream, gilthead;SBG;Gilthead seabream;1997180;Live weight;10782989
2020;PT;Portugal;Bivalves and other molluscs and aquatic invertebrates;Oyster;OYG;Pacific cupped oyster;1136160;Live weight;4730982
2020;PT;Portugal;Other marine fish;Seabass, European;BSS;European seabass;824080;Live weight;5683144
2020;PT;Portugal;Bivalves and other molluscs and aquatic invertebrates;Mussel Mytilus spp;MSM;Mediterranean mussel;681650;Live weight;913411
2020;PT;Portugal;Salmonids;Trout;TRR;Rainbow trout;607000;Live weight;2267257
2020;PT;Portugal;Bivalves and other molluscs and aquatic invertebrates;Oyster;OYC;Cupped oysters nei;407220;Live weight;1375938
2020;PT;Portugal;Bivalves and other molluscs and aquatic invertebrates;Clam;COC;Common edible cockle;364560;Live weight;591555
2020;PT;Portugal;Bivalves and other molluscs and aquatic invertebrates;Mussel Mytilus spp;MYV;Mytilus mussels nei;329290;Live weight;349301
2020;PT;Portugal;Flatfish;Sole, other;OAL;Senegalese sole;149500;Live weight;2208115
2020;PT;Portugal;Bivalves and other molluscs and aquatic invertebrates;Clam;CLJ;Japanese carpet shell;33820;Live weight;92845
2020;PT;Portugal;Bivalves and other molluscs and aquatic invertebrates;Clam;CLV;Venus clams nei;18830;Live weight;146058
2020;PT;Portugal;Bivalves and other molluscs and aquatic invertebrates;Clam;RAE;European razor clam;13530;Live weight;94239
2020;PT;Portugal;Bivalves and other molluscs and aquatic invertebrates;Clam;VNA;Golden carpet shell;7120;Live weight;19361
2020;PT;Portugal;Bivalves and other molluscs and aquatic invertebrates;Oyster;OYF;European flat oyster;5660;Live weight;24859
2020;PT;Portugal;Salmonids;Trout;TRS;Sea trout;4830;Live weight;24047
2020;PT;Portugal;Crustaceans;Shrimp, miscellaneous;PVR;Atlantic ditch shrimp;1920;Live weight;6029
2020;PT;Portugal;Bivalves and other molluscs and aquatic invertebrates;Mussel Mytilus spp;MUS;Blue mussel;1310;Live weight;2425
2020;PT;Portugal;Flatfish;Sole, common;SOL;Common sole;1180;Live weight;18408
2020;PT;Portugal;Other marine fish;Other marine fish;MGS; ;970;Live weight;3591
2020;PT;Portugal;Other marine fish;Seabream, other;SWA;White seabream;370;Live weight;1961
2020;PT;Portugal;Bivalves and other molluscs and aquatic invertebrates;Molluscs and aquatic invertebrates, other;BOY;Purple dye murex;130;Live weight;2683
2020;PT;Portugal;Freshwater fish;Eel;ELE;European eel;130;Live weight;1102
2020;PL;Poland;Freshwater fish;Carp;FCP;Common carp;19732875;Live weight;41431684
2020;PL;Poland;Salmonids;Trout;TRR;Rainbow trout;19401805;Live weight;56954657
2020;PL;Poland;Salmonids;Other salmonids;CHR;Chars nei;1590514;Live weight;6128782
2020;PL;Poland;Freshwater fish;Other freshwater fish;STU;Sturgeons nei;879312;Live weight;4576003
2020;PL;Poland;Freshwater fish;Carp;BIC;Bighead carp;707429;Live weight;770605
2020;PL;Poland;Freshwater fish;Carp;FCG;Grass carp(=White amur);688925;Live weight;1529501
2020;PL;Poland;Freshwater fish;Other freshwater fish;FCY;Cyprinids nei;550000;Live weight;1649991
2020;PL;Poland;Salmonids;Trout;SVF;Brook trout;526745;Live weight;1888161
2020;PL;Poland;Freshwater fish;Freshwater catfish;CLZ;North African catfish;522663;Live weight;1604448
2020;PL;Poland;Salmonids;Salmon;SAL;Atlantic salmon;473452;Live weight;2979454
2020;PL;Poland;Freshwater fish;Carp;CWG;Prussian carp;188639;Live weight;266420
2020;PL;Poland;Freshwater fish;Pike;FPI;Northern pike;178050;Live weight;863204
2020;PL;Poland;Freshwater fish;Other freshwater fish;FTE;Tench;159911;Live weight;533545
2020;PL;Poland;Freshwater fish;Freshwater catfish;SOM;Wels(=Som)catfish;131270;Live weight;625890
2020;PL;Poland;Freshwater fish;Carp;SVC;Silver carp;79018;Live weight;103078
2020;PL;Poland;Freshwater fish;Other freshwater fish;FRF;Freshwater fishes nei;37711;Live weight;9846
2020;PL;Poland;Freshwater fish;Pike-perch;FPP;Pike-perch;29973;Live weight;226657
2020;PL;Poland;Salmonids;Trout;TRO;Trouts nei;18103;Live weight;73486
2020;PL;Poland;Freshwater fish;Eel;ELE;European eel;15925;Live weight;302283
2020;PL;Poland;Salmonids;Trout;TRS;Sea trout;15240;Live weight;68735
2020;PL;Poland;Freshwater fish;Other freshwater fish;FRO;Roach;13043;Live weight;18285
2020;PL;Poland;Freshwater fish;Other freshwater fish;FSI;Freshwater siluroids nei;7720;Live weight;11416
2020;PL;Poland;Freshwater fish;Other freshwater fish;FID;Orfe(=Ide);7350;Live weight;17788
2020;PL;Poland;Salmonids;Other salmonids;PLN;European whitefish;4442;Live weight;25594
2020;PL;Poland;Freshwater fish;Other freshwater fish;FPE;European perch;3497;Live weight;10271
2020;PL;Poland;Freshwater fish;Other freshwater fish;FBM;Freshwater bream;1637;Live weight;2826
2020;PL;Poland;Salmonids;Other salmonids;TLV;Grayling;1000;Live weight;6752
2020;PL;Poland;Freshwater fish;Other freshwater fish;FRX;Roaches nei;600;Live weight;405
2020;PL;Poland;Freshwater fish;Other freshwater fish;ALR;Bleak;550;Live weight;236
2020;PL;Poland;Salmonids;Other salmonids;FVE;Vendace;160;Live weight;1274
2020;PL;Poland;Crustaceans;Freshwater crayfish;AYS;Euro-American crayfishes nei;100;Live weight;2701
2020;PL;Poland;Freshwater fish;Other freshwater fish;LUH;Chub;87;Live weight;215
2020;PL;Poland;Freshwater fish;Other freshwater fish;FBU;Burbot;64;Live weight;165
2020;PL;Poland;Freshwater fish;Other freshwater fish;ASU;Asp;16;Live weight;41
2020;PL;Poland;Freshwater fish;Other freshwater fish;ABK;White bream;5;Live weight;4
2020;NL;Netherlands;Bivalves and other molluscs and aquatic invertebrates;Mussel Mytilus spp;MUS;Blue mussel;32419600;Live weight;44756555
2020;NL;Netherlands;Freshwater fish;Freshwater catfish;CLZ;North African catfish;2450000;Live weight;4410000
2020;NL;Netherlands;Bivalves and other molluscs and aquatic invertebrates;Oyster;OYC;Cupped oysters nei;2206000;Live weight;7761121
2020;NL;Netherlands;Freshwater fish;Eel;ELE;European eel;2035000;Live weight;17297500
2020;NL;Netherlands;Other marine fish;Other marine fish;MZZ;Marine fishes nei;212000;Live weight;2510001
2020;NL;Netherlands;Freshwater fish;Other freshwater fish;STU;Sturgeons nei;150000;Live weight;2699991
2020;NL;Netherlands;Bivalves and other molluscs and aquatic invertebrates;Oyster;OYF;European flat oyster;145000;Live weight;963714
2020;NL;Netherlands;Other marine fish;Other marine fish;YTC;Yellowtail amberjack;110000;Live weight;1100000
2020;NL;Netherlands;Freshwater fish;Pike-perch;FPP;Pike-perch;100000;Live weight;1211994
2020;NL;Netherlands;Flatfish;Turbot;TUR;Turbot;100000;Live weight;1000000
2020;NL;Netherlands;Bivalves and other molluscs and aquatic invertebrates;Molluscs and aquatic invertebrates, other;WOR;Marine worms;100000;Live weight;500000
2020;NL;Netherlands;Freshwater fish;Other freshwater fish;FRF;Freshwater fishes nei;70000;Live weight;848398
2020;NL;Netherlands;Salmonids;Trout;TRR;Rainbow trout;50000;Live weight;250000
2020;NL;Netherlands;Flatfish;Sole, other;SOX;Soles nei;20000;Live weight;200000
2020;MT;Malta;Tuna and tuna-like species;Tuna, bluefin;BFT;Atlantic bluefin tuna;17092913;Live weight;204229782
2020;MT;Malta;Other marine fish;Seabream, gilthead;SBG;Gilthead seabream;2597945;Live weight;10397653
2020;MT;Malta;Other marine fish;Seabass, European;BSS;European seabass;135576;Live weight;813730
2020;MT;Malta;Other marine fish;Other marine fish;MZZ;Marine fishes nei;3000;Live weight;5600
2020;LV;Latvia;Freshwater fish;Carp;FCP;Common carp;540800;Live weight;1243840
2020;LV;Latvia;Salmonids;Trout;TRR;Rainbow trout;60700;Live weight;287839
2020;LV;Latvia;Freshwater fish;Other freshwater fish;STU;Sturgeons nei;38400;Live weight;364800
2020;LV;Latvia;Freshwater fish;Other freshwater fish;FRF;Freshwater fishes nei;30900;Live weight;120356
2020;LV;Latvia;Salmonids;Other salmonids;ACH;Arctic char;24300;Live weight;182153
2020;LV;Latvia;Freshwater fish;Other freshwater fish;FTE;Tench;21400;Live weight;20715
2020;LV;Latvia;Freshwater fish;Pike;FPI;Northern pike;3900;Live weight;10335
2020;LV;Latvia;Freshwater fish;Carp;FCC;Crucian carp;3400;Live weight;5114
2020;LV;Latvia;Freshwater fish;Pike-perch;FPP;Pike-perch;2600;Live weight;13260
2020;LV;Latvia;Freshwater fish;Freshwater catfish;SOM;Wels(=Som)catfish;1000;Live weight;3416
2020;LT;Lithuania;Freshwater fish;Carp;FCP;Common carp;2844120;Live weight;7540018
2020;LT;Lithuania;Freshwater fish;Freshwater catfish;CLZ;North African catfish;472890;Live weight;1445303
2020;LT;Lithuania;Freshwater fish;Other freshwater fish;FRF;Freshwater fishes nei;175660;Live weight;1141691
2020;LT;Lithuania;Salmonids;Trout;TRR;Rainbow trout;127440;Live weight;532867
2020;LT;Lithuania;Freshwater fish;Carp;BIC;Bighead carp;119920;Live weight;409963
2020;LT;Lithuania;Freshwater fish;Other freshwater fish;STU;Sturgeons nei;81420;Live weight;455411
2020;LT;Lithuania;Freshwater fish;Carp;FCC;Crucian carp;63720;Live weight;90779
2020;LT;Lithuania;Freshwater fish;Carp;FCG;Grass carp(=White amur);49500;Live weight;179655
2020;LT;Lithuania;Freshwater fish;Pike;FPI;Northern pike;25160;Live weight;124821
2020;LT;Lithuania;Freshwater fish;Other freshwater fish;FTE;Tench;14940;Live weight;116060
2020;LT;Lithuania;Freshwater fish;Pike-perch;FPP;Pike-perch;300;Live weight;6426
2020;IT;Italy;Bivalves and other molluscs and aquatic invertebrates;Mussel Mytilus spp;MSM;Mediterranean mussel;50337650;Live weight;44075093
2020;IT;Italy;Salmonids;Trout;TRR;Rainbow trout;33230800;Live weight;98824652
2020;IT;Italy;Bivalves and other molluscs and aquatic invertebrates;Clam;CLJ;Japanese carpet shell;24336980;Live weight;140578403
2020;IT;Italy;Other marine fish;Seabream, gilthead;SBG;Gilthead seabream;6201034;Live weight;46185199
2020;IT;Italy;Other marine fish;Seabass, European;BSS;European seabass;4693228;Live weight;38217568
2020;IT;Italy;Freshwater fish;Other freshwater fish;STU;Sturgeons nei;1124900;Live weight;5696093
2020;IT;Italy;Salmonids;Trout;SVF;Brook trout;699100;Live weight;3038150
2020;IT;Italy;Salmonids;Trout;TRO;Trouts nei;306600;Live weight;2624750
2020;IT;Italy;Salmonids;Trout;TRS;Sea trout;236900;Live weight;911590
2020;IT;Italy;Freshwater fish;Eel;ELE;European eel;221550;Live weight;2878520
2020;IT;Italy;Freshwater fish;Other freshwater fish;SBH;Striped bass, hybrid;192500;Live weight;1145600
2020;IT;Italy;Bivalves and other molluscs and aquatic invertebrates;Oyster;OYG;Pacific cupped oyster;181540;Live weight;955384
2020;IT;Italy;Other marine fish;Other marine fish;MUL;Mullets nei;142877;Live weight;1089854
2020;IT;Italy;Freshwater fish;Carp;FCP;Common carp;138700;Live weight;650000
2020;IT;Italy;Other marine fish;Other marine fish;MGS; ;121200;Live weight;821775
2020;IT;Italy;Bivalves and other molluscs and aquatic invertebrates;Clam;CTG;Grooved carpet shell;115800;Live weight;990220
2020;AT;Austria;Freshwater fish;Other freshwater fish;FPE;European perch;385;Live weight;5239
2020;BG;Bulgaria;Salmonids;Trout;SVF;Brook trout;2505;Live weight;12552
2020;BG;Bulgaria;Freshwater fish;Other freshwater fish;PAM;Mississippi paddlefish;2468;Live weight;6953
2020;BG;Bulgaria;Miscellaneous aquatic products;Seaweed and other algae;SIZ;Spirulina nei;1558;Live weight;23818
2020;BG;Bulgaria;Crustaceans;Freshwater crayfish;CRD;Danube crayfish;1313;Live weight;2618
2020;BG;Bulgaria;Freshwater fish;Other freshwater fish;APB;Siberian sturgeon;1031;Live weight;7217
2020;BG;Bulgaria;Freshwater fish;Other freshwater fish;APE;Starry sturgeon;910;Live weight;5570
2020;BG;Bulgaria;Freshwater fish;Other freshwater fish;FPE;European perch;533;Live weight;769
2020;BG;Bulgaria;Freshwater fish;Other freshwater fish;BKC;Black carp;428;Live weight;917
2020;BG;Bulgaria;Freshwater fish;Other freshwater fish;APR;Sterlet sturgeon;182;Live weight;2257
2020;BG;Bulgaria;Freshwater fish;Other freshwater fish;SRE;Rudd;101;Live weight;56
2020;BG;Bulgaria;Freshwater fish;Tilapia;TLN;Nile tilapia;10;Live weight;31
2020;BE;Belgium;Freshwater fish;Other freshwater fish;FRF;Freshwater fishes nei;209000;Live weight;1394030
2020;AT;Austria;Salmonids;Trout;TRR;Rainbow trout;1523542;Live weight;10295970
2020;AT;Austria;Freshwater fish;Carp;FCP;Common carp;620555;Live weight;2591273
2020;AT;Austria;Salmonids;Trout;SVF;Brook trout;617286;Live weight;4305520
2020;AT;Austria;Freshwater fish;Freshwater catfish;CLZ;North African catfish;498887;Live weight;2130695
2020;AT;Austria;Freshwater fish;Other freshwater fish;SRE;Rudd;2425;Live weight;10659
2020;AT;Austria;Freshwater fish;Carp;BIC;Bighead carp;448;Live weight;1898
2020;EL;Greece;Freshwater fish;Eel;ELE;European eel;370189;Live weight;2532278
2020;EL;Greece;Other marine fish;Other marine fish;MUF;Flathead grey mullet;311891;Live weight;736406
2020;EL;Greece;Other marine fish;Other marine fish;MZZ;Marine fishes nei;231476;Live weight;540493
2020;EL;Greece;Miscellaneous aquatic products;Seaweed and other algae;SWX;Seaweeds nei;91800;Live weight;802063
2020;EL;Greece;Other marine fish;Other marine fish;COB;Shi drum;83500;Live weight;428578
2020;EL;Greece;Crustaceans;Crab;CRA;Marine crabs nei;78400;Live weight;80352
2020;EL;Greece;Bivalves and other molluscs and aquatic invertebrates;Molluscs and aquatic invertebrates, other;MOL;Marine molluscs nei;74100;Live weight;233227
2020;EL;Greece;Other marine fish;Other marine fish;AMB;Greater amberjack;50800;Live weight;404883
2020;EL;Greece;Other marine fish;Seabream, other;SHR;Sharpsnout seabream;39000;Live weight;228921
2020;EL;Greece;Freshwater fish;Carp;FCP;Common carp;15606;Live weight;45434
2020;EL;Greece;Freshwater fish;Other freshwater fish;STU;Sturgeons nei;12400;Live weight;39817
2020;EL;Greece;Other marine fish;Seabream, other;SWA;White seabream;5000;Live weight;19804
2020;EL;Greece;Crustaceans;Shrimp, warmwater;KUP;Kuruma prawn;2900;Live weight;41964
2020;EL;Greece;Flatfish;Sole, common;SOL;Common sole;2100;Live weight;9262
2020;EE;Estonia;Salmonids;Trout;TRR;Rainbow trout;869919;Live weight;2953379
2020;EE;Estonia;Freshwater fish;Other freshwater fish;FRF;Freshwater fishes nei;168880;Live weight;1046498
2020;EE;Estonia;Freshwater fish;Other freshwater fish;STU;Sturgeons nei;50260;Live weight;293443
2020;EE;Estonia;Crustaceans;Freshwater crayfish;AAS;Noble crayfish;1093;Live weight;30732
2020;DK;Denmark;Salmonids;Trout;TRR;Rainbow trout;29403680;Live weight;96043690
2020;DK;Denmark;Bivalves and other molluscs and aquatic invertebrates;Mussel Mytilus spp;MUS;Blue mussel;5923290;Live weight;3298487
2020;DK;Denmark;Salmonids;Salmon;SAL;Atlantic salmon;3869770;Live weight;9673455
2020;DK;Denmark;Freshwater fish;Eel;ELE;European eel;1133590;Live weight;5071704
2020;DK;Denmark;Freshwater fish;Pike-perch;FPP;Pike-perch;292000;Live weight;2149230
2020;DK;Denmark;Other marine fish;Other marine fish;YTC;Yellowtail amberjack;274000;Live weight;3483462
2020;DK;Denmark;Salmonids;Other salmonids;CHR;Chars nei;187000;Live weight;892655
2020;DK;Denmark;Salmonids;Trout;SVF;Brook trout;48900;Live weight;268802
2020;DK;Denmark;Salmonids;Trout;TRS;Sea trout;26090;Live weight;123055
2020;DK;Denmark;Freshwater fish;Other freshwater fish;SBH;Striped bass, hybrid;11000;Live weight;80967
2020;DK;Denmark;Salmonids;Other salmonids;ACH;Arctic char;11000;Live weight;51523
2020;DK;Denmark;Freshwater fish;Other freshwater fish;FPE;European perch;4000;Live weight;61557
2020;DK;Denmark;Freshwater fish;Other freshwater fish;STU;Sturgeons nei;1000;Live weight;18070
2020;DE;Germany;Bivalves and other molluscs and aquatic invertebrates;Mussel Mytilus spp;MUS;Blue mussel;13430100;Live weight;33024616
2020;DE;Germany;Salmonids;Trout;TRR;Rainbow trout;7946000;Live weight;38140667
2020;DE;Germany;Freshwater fish;Carp;FCP;Common carp;4788000;Live weight;10725083
2020;DE;Germany;Salmonids;Other salmonids;CHR;Chars nei;1525000;Live weight;7060725
2020;DE;Germany;Freshwater fish;Eel;ELE;European eel;1157000;Live weight;15064087
2020;DE;Germany;Freshwater fish;Freshwater catfish;CLZ;North African catfish;1025000;Live weight;3361986
2020;DE;Germany;Freshwater fish;Other freshwater fish;FRF;Freshwater fishes nei;661000;Live weight;1652495
2020;DE;Germany;Salmonids;Trout;TRS;Sea trout;601000;Live weight;3101147
2020;DE;Germany;Salmonids;Trout;SVF;Brook trout;457000;Live weight;2504351
2020;DE;Germany;Freshwater fish;Freshwater catfish;SOM;Wels(=Som)catfish;154000;Live weight;825430
2020;DE;Germany;Freshwater fish;Other freshwater fish;STU;Sturgeons nei;149000;Live weight;1104089
2020;DE;Germany;Freshwater fish;Other freshwater fish;FTE;Tench;121300;Live weight;666786
2020;DE;Germany;Freshwater fish;Carp;CWG;Prussian carp;80500;Live weight;133067
2019;AT;Austria;Freshwater fish;Other freshwater fish;STU;Sturgeons nei;14901;Live weight;196402
2019;AT;Austria;Salmonids;Other salmonids;ACH;Arctic char;265780;Live weight;4452006
2019;AT;Austria;Freshwater fish;Other freshwater fish;SRE;Rudd;4559;Live weight;17649
2019;AT;Austria;Freshwater fish;Carp;FCG;Grass carp(=White amur);37268;Live weight;157578
2019;AT;Austria;Freshwater fish;Freshwater catfish;SOM;Wels(=Som)catfish;6870;Live weight;85094
2019;AT;Austria;Freshwater fish;Carp;FCP;Common carp;618641;Live weight;2377643
2019;AT;Austria;Salmonids;Trout;ONA;Golden trout;848;Live weight;10450
2019;AT;Austria;Freshwater fish;Other freshwater fish;FPE;European perch;390;Live weight;4671
2019;AT;Austria;Salmonids;Salmon;HUC;Huchen;9161;Live weight;152122
2019;AT;Austria;Freshwater fish;Pike;FPI;Northern pike;6526;Live weight;91732
2019;AT;Austria;Freshwater fish;Other freshwater fish;FTE;Tench;6198;Live weight;43739
2019;AT;Austria;Freshwater fish;Carp;SVC;Silver carp;18785;Live weight;45083
2019;AT;Austria;Freshwater fish;Other freshwater fish;FRO;Roach;4489;Live weight;22368
2019;AT;Austria;Salmonids;Trout;SVF;Brook trout;562350;Live weight;3829822
2019;AT;Austria;Freshwater fish;Pike-perch;FPP;Pike-perch;10437;Live weight;192084
2019;AT;Austria;Salmonids;Trout;TRR;Rainbow trout;1416669;Live weight;9601643
2019;AT;Austria;Freshwater fish;Freshwater catfish;CLZ;North African catfish;458104;Live weight;1876212
2019;AT;Austria;Salmonids;Trout;TRS;Sea trout;470934;Live weight;3181561
2019;AT;Austria;Salmonids;Other salmonids;CHR;Chars nei;328768;Live weight;3257938
2019;BE;Belgium;Freshwater fish;Other freshwater fish;FRF;Freshwater fishes nei;86000;Live weight;538347
2019;HR;Croatia;Freshwater fish;Carp;BIC;Bighead carp;344140;Live weight;322892
2019;BG;Bulgaria;Freshwater fish;Other freshwater fish;ALR;Bleak;1782;Live weight;2077
2019;HR;Croatia;Other marine fish;Seabass, European;BSS;European seabass;6089100;Live weight;35879558
2019;BG;Bulgaria;Freshwater fish;Other freshwater fish;APB;Siberian sturgeon;1671;Live weight;11842
2019;HR;Croatia;Freshwater fish;Freshwater catfish;CLZ;North African catfish;9800;Live weight;26237
2019;BG;Bulgaria;Freshwater fish;Other freshwater fish;APE;Starry sturgeon;250;Live weight;1125
2019;HR;Croatia;Freshwater fish;Other freshwater fish;FBM;Freshwater bream;2200;Live weight;4449
2019;BG;Bulgaria;Freshwater fish;Other freshwater fish;APG;Danube sturgeon(=Osetr);177252;Live weight;961573
2019;HR;Croatia;Freshwater fish;Carp;FCG;Grass carp(=White amur);121940;Live weight;214357
2019;BG;Bulgaria;Freshwater fish;Other freshwater fish;APR;Sterlet sturgeon;1164;Live weight;5398
2019;HR;Croatia;Freshwater fish;Carp;FCP;Common carp;2037335;Live weight;4778866
2019;BG;Bulgaria;Freshwater fish;Carp;BIC;Bighead carp;1381514;Live weight;1349162
2019;HR;Croatia;Freshwater fish;Pike;FPI;Northern pike;9100;Live weight;50198
2019;BG;Bulgaria;Freshwater fish;Other freshwater fish;BKC;Black carp;323;Live weight;674
2019;HR;Croatia;Freshwater fish;Pike-perch;FPP;Pike-perch;6900;Live weight;53215
2019;BG;Bulgaria;Freshwater fish;Other freshwater fish;CGO;Goldfish;245906;Live weight;163451
2019;HR;Croatia;Freshwater fish;Other freshwater fish;FRF;Freshwater fishes nei;33200;Live weight;32448
2019;BG;Bulgaria;Freshwater fish;Freshwater catfish;CLZ;North African catfish;108227;Live weight;749255
2019;HR;Croatia;Freshwater fish;Other freshwater fish;FTE;Tench;2100;Live weight;11318
2019;BG;Bulgaria;Salmonids;Salmon;COH;Coho(=Silver)salmon;12232;Live weight;79547
2019;HR;Croatia;Other marine fish;Other marine fish;MGR;Meagre;724730;Live weight;4828277
2019;BG;Bulgaria;Crustaceans;Freshwater crayfish;CRD;Danube crayfish;3306;Live weight;8705
2019;HR;Croatia;Freshwater fish;Other freshwater fish;MPS;Largemouth black bass;150;Live weight;2022
2019;BG;Bulgaria;Freshwater fish;Other freshwater fish;FBM;Freshwater bream;10458;Live weight;5401
2019;HR;Croatia;Bivalves and other molluscs and aquatic invertebrates;Mussel Mytilus spp;MSM;Mediterranean mussel;947670;Live weight;1269862
2019;BG;Bulgaria;Freshwater fish;Carp;FCG;Grass carp(=White amur);138115;Live weight;293772
2019;HR;Croatia;Bivalves and other molluscs and aquatic invertebrates;Oyster;OYF;European flat oyster;60790;Live weight;714270
2019;BG;Bulgaria;Freshwater fish;Carp;FCP;Common carp;2989426;Live weight;6633658
2019;HR;Croatia;Other marine fish;Seabream, gilthead;SBG;Gilthead seabream;6774450;Live weight;39086878
2019;BG;Bulgaria;Freshwater fish;Other freshwater fish;FPE;European perch;243;Live weight;235
2019;HR;Croatia;Freshwater fish;Freshwater catfish;SOM;Wels(=Som)catfish;19740;Live weight;103703
2019;BG;Bulgaria;Freshwater fish;Pike;FPI;Northern pike;13401;Live weight;34602
2019;HR;Croatia;Freshwater fish;Carp;SVC;Silver carp;141110;Live weight;124218
2019;BG;Bulgaria;Freshwater fish;Pike-perch;FPP;Pike-perch;25293;Live weight;63368
2019;HR;Croatia;Salmonids;Trout;TRR;Rainbow trout;364500;Live weight;1316387
2019;BG;Bulgaria;Freshwater fish;Other freshwater fish;FTE;Tench;17723;Live weight;61529
2019;HR;Croatia;Salmonids;Trout;TRS;Sea trout;7510;Live weight;53759
2019;BG;Bulgaria;Freshwater fish;Other freshwater fish;HUH;Beluga;5735;Live weight;54629
2019;HU;Hungary;Freshwater fish;Freshwater catfish;CTO;Torpedo-shaped catfishes nei;3609646;Live weight;6691105
2019;BG;Bulgaria;Freshwater fish;Freshwater catfish;ITP;Channel catfish;10572;Live weight;18811
2019;HU;Hungary;Freshwater fish;Carp;FCG;Grass carp(=White amur);424802;Live weight;808991
2019;BG;Bulgaria;Bivalves and other molluscs and aquatic invertebrates;Mussel Mytilus spp;MSM;Mediterranean mussel;2735427;Live weight;2405632
2019;HU;Hungary;Freshwater fish;Carp;FCP;Common carp;11435950;Live weight;24564617
2019;BG;Bulgaria;Bivalves and other molluscs and aquatic invertebrates;Oyster;OYG;Pacific cupped oyster;3500;Live weight;42806
2019;HU;Hungary;Freshwater fish;Pike;FPI;Northern pike;30449;Live weight;196566
2019;BG;Bulgaria;Freshwater fish;Other freshwater fish;PAM;Mississippi paddlefish;36227;Live weight;119843
2019;HU;Hungary;Freshwater fish;Pike-perch;FPP;Pike-perch;29685;Live weight;240341
2019;BG;Bulgaria;Miscellaneous aquatic products;Seaweed and other algae;SIZ;Spirulina nei;221;Live weight;3379
2019;HU;Hungary;Freshwater fish;Other freshwater fish;FRF;Freshwater fishes nei;487830;Live weight;531032
2019;BG;Bulgaria;Freshwater fish;Freshwater catfish;SOM;Wels(=Som)catfish;132085;Live weight;459914
2019;HU;Hungary;Freshwater fish;Other freshwater fish;FTE;Tench;6351;Live weight;29861
2019;BG;Bulgaria;Freshwater fish;Other freshwater fish;SRE;Rudd;1357;Live weight;708
2019;HU;Hungary;Freshwater fish;Carp;HXP;Carps nei;130120;Live weight;124600
2019;BG;Bulgaria;Freshwater fish;Other freshwater fish;STU;Sturgeons nei;11034;Live weight;67192
2019;HU;Hungary;Freshwater fish;Freshwater catfish;SOM;Wels(=Som)catfish;205651;Live weight;1119132
2019;BG;Bulgaria;Freshwater fish;Carp;SVC;Silver carp;51336;Live weight;45409
2019;HU;Hungary;Freshwater fish;Other freshwater fish;STU;Sturgeons nei;65131;Live weight;570622
2019;BG;Bulgaria;Salmonids;Trout;SVF;Brook trout;3509;Live weight;20382
2019;HU;Hungary;Freshwater fish;Carp;SVC;Silver carp;813130;Live weight;797382
2019;BG;Bulgaria;Freshwater fish;Tilapia;TLN;Nile tilapia;860;Live weight;2885
2019;HU;Hungary;Salmonids;Trout;TRR;Rainbow trout;76375;Live weight;311088
2019;BG;Bulgaria;Salmonids;Trout;TRR;Rainbow trout;3830400;Live weight;16000802
2019;IE;Ireland;Bivalves and other molluscs and aquatic invertebrates;Mussel Mytilus spp;MUS;Blue mussel;15184000;Live weight;14819694
2019;BG;Bulgaria;Salmonids;Trout;TRS;Sea trout;12327;Live weight;51116
2019;IE;Ireland;Bivalves and other molluscs and aquatic invertebrates;Oyster;OYF;European flat oyster;256000;Live weight;1241088
2019;CY;Cyprus;Freshwater fish;Other freshwater fish;APB;Siberian sturgeon;4000;Live weight;78800
2019;IE;Ireland;Bivalves and other molluscs and aquatic invertebrates;Oyster;OYG;Pacific cupped oyster;7554000;Live weight;32935440
2019;CY;Cyprus;Other marine fish;Seabass, European;BSS;European seabass;2836000;Live weight;17838440
2019;IE;Ireland;Salmonids;Salmon;SAL;Atlantic salmon;11333000;Live weight;106949521
2019;CY;Cyprus;Crustaceans;Shrimp, warmwater;PNI;Indian white prawn;21130;Live weight;230951
2019;IE;Ireland;Miscellaneous aquatic products;Seaweed and other algae;SWX;Seaweeds nei;42000;Live weight;42000
2019;CY;Cyprus;Other marine fish;Seabream, gilthead;SBG;Gilthead seabream;5168000;Live weight;25219840
2019;IE;Ireland;Salmonids;Trout;TRR;Rainbow trout;608000;Live weight;1675648
2019;CY;Cyprus;Salmonids;Trout;TRR;Rainbow trout;49970;Live weight;384769
2019;LT;Lithuania;Freshwater fish;Carp;BIC;Bighead carp;141700;Live weight;384027
2019;CZ;Czechia;Freshwater fish;Carp;BIC;Bighead carp;430000;Live weight;268134
2019;LT;Lithuania;Freshwater fish;Freshwater catfish;CLZ;North African catfish;311560;Live weight;1192262
2019;CZ;Czechia;Freshwater fish;Eel;ELE;European eel;1000;Live weight;11648
2019;LT;Lithuania;Freshwater fish;Carp;FCC;Crucian carp;51810;Live weight;82047
2019;CZ;Czechia;Freshwater fish;Carp;FCG;Grass carp(=White amur);537000;Live weight;1130425
2019;LT;Lithuania;Freshwater fish;Carp;FCG;Grass carp(=White amur);28910;Live weight;93507
2019;CZ;Czechia;Freshwater fish;Carp;FCP;Common carp;17945000;Live weight;32857303
2019;LT;Lithuania;Freshwater fish;Carp;FCP;Common carp;2741630;Live weight;7565062
2019;CZ;Czechia;Freshwater fish;Other freshwater fish;FPE;European perch;9000;Live weight;21036
2019;LT;Lithuania;Freshwater fish;Pike;FPI;Northern pike;22580;Live weight;82181
2019;CZ;Czechia;Freshwater fish;Pike;FPI;Northern pike;94000;Live weight;574912
2019;CZ;Czechia;Freshwater fish;Pike-perch;FPP;Pike-perch;62000;Live weight;630386
2019;LT;Lithuania;Freshwater fish;Pike-perch;FPP;Pike-perch;338;Live weight;6791
2019;CZ;Czechia;Freshwater fish;Other freshwater fish;FRF;Freshwater fishes nei;624000;Live weight;1698598
2019;LT;Lithuania;Freshwater fish;Other freshwater fish;FRF;Freshwater fishes nei;138660;Live weight;895384
2019;CZ;Czechia;Freshwater fish;Other freshwater fish;FTE;Tench;145000;Live weight;434944
2019;LT;Lithuania;Freshwater fish;Other freshwater fish;FTE;Tench;2440;Live weight;16861
2019;CZ;Czechia;Salmonids;Other salmonids;PLN;European whitefish;3000;Live weight;9349
2019;LT;Lithuania;Freshwater fish;Other freshwater fish;STU;Sturgeons nei;159190;Live weight;1020247
2019;CZ;Czechia;Freshwater fish;Freshwater catfish;SOM;Wels(=Som)catfish;76000;Live weight;368601
2019;LT;Lithuania;Salmonids;Trout;TRR;Rainbow trout;176720;Live weight;643657
2019;CZ;Czechia;Freshwater fish;Carp;SVC;Silver carp;127000;Live weight;108843
2019;LV;Latvia;Freshwater fish;Carp;FCC;Crucian carp;2700;Live weight;4779
2019;CZ;Czechia;Salmonids;Trout;SVF;Brook trout;287000;Live weight;1116829
2019;LV;Latvia;Freshwater fish;Carp;FCP;Common carp;512500;Live weight;1222313
2019;CZ;Czechia;Salmonids;Trout;TRR;Rainbow trout;649000;Live weight;2005765
2019;LV;Latvia;Freshwater fish;Other freshwater fish;FID;Orfe(=Ide);1700;Live weight;5195
2019;DE;Germany;Salmonids;Other salmonids;ACH;Arctic char;62200;Live weight;468428
2019;LV;Latvia;Freshwater fish;Pike;FPI;Northern pike;1660;Live weight;5079
2019;DE;Germany;Freshwater fish;Carp;BIC;Bighead carp;13700;Live weight;26797
2019;LV;Latvia;Freshwater fish;Pike-perch;FPP;Pike-perch;100;Live weight;504
2019;DE;Germany;Salmonids;Other salmonids;CHR;Chars nei;1586000;Live weight;5915645
2019;LV;Latvia;Freshwater fish;Other freshwater fish;FRF;Freshwater fishes nei;10000;Live weight;51620
2019;DE;Germany;Freshwater fish;Freshwater catfish;CLZ;North African catfish;1193000;Live weight;3173308
2019;LV;Latvia;Freshwater fish;Other freshwater fish;FTE;Tench;4700;Live weight;13278
2019;DE;Germany;Freshwater fish;Carp;CWG;Prussian carp;54800;Live weight;104284
2019;LV;Latvia;Freshwater fish;Other freshwater fish;STU;Sturgeons nei;44700;Live weight;319605
2019;DE;Germany;Freshwater fish;Eel;ELE;European eel;1202000;Live weight;15493427
2019;LV;Latvia;Salmonids;Trout;TRR;Rainbow trout;50000;Live weight;230000
2019;DE;Germany;Freshwater fish;Carp;FCC;Crucian carp;8500;Live weight;36805
2019;MT;Malta;Tuna and tuna-like species;Tuna, bluefin;BFT;Atlantic bluefin tuna;11969737;Live weight;152070448
2019;DE;Germany;Freshwater fish;Carp;FCG;Grass carp(=White amur);145300;Live weight;583815
2019;MT;Malta;Other marine fish;Seabass, European;BSS;European seabass;62224;Live weight;428586
2019;DE;Germany;Freshwater fish;Carp;FCP;Common carp;4641000;Live weight;11927099
2019;MT;Malta;Other marine fish;Other marine fish;MZZ;Marine fishes nei;8232;Live weight;54410
2019;DE;Germany;Freshwater fish;Pike;FPI;Northern pike;48000;Live weight;343192
2019;MT;Malta;Other marine fish;Seabream, gilthead;SBG;Gilthead seabream;1783245;Live weight;9358761
2019;DE;Germany;Freshwater fish;Pike-perch;FPP;Pike-perch;57000;Live weight;800262
2019;NL;Netherlands;Freshwater fish;Freshwater catfish;CLZ;North African catfish;2700000;Live weight;4860000
2019;DE;Germany;Freshwater fish;Other freshwater fish;FRF;Freshwater fishes nei;670000;Live weight;1674962
2019;NL;Netherlands;Freshwater fish;Eel;ELE;European eel;2200000;Live weight;18700000
2019;DE;Germany;Freshwater fish;Other freshwater fish;FTE;Tench;120000;Live weight;505189
2019;NL;Netherlands;Freshwater fish;Pike-perch;FPP;Pike-perch;100000;Live weight;699984
2019;DE;Germany;Bivalves and other molluscs and aquatic invertebrates;Mussel Mytilus spp;MUS;Blue mussel;22037000;Live weight;44293361
2019;NL;Netherlands;Freshwater fish;Other freshwater fish;FRF;Freshwater fishes nei;70000;Live weight;559987
2019;DE;Germany;Bivalves and other molluscs and aquatic invertebrates;Oyster;OYG;Pacific cupped oyster;80000;Live weight;643144
2019;NL;Netherlands;Bivalves and other molluscs and aquatic invertebrates;Molluscs and aquatic invertebrates, other;INV;Aquatic invertebrates nei;100000;Live weight;499988
2019;DE;Germany;Freshwater fish;Pangasius;PGS;Striped catfish;1000;Live weight;2700
2019;NL;Netherlands;Bivalves and other molluscs and aquatic invertebrates;Mussel Mytilus spp;MUS;Blue mussel;38093500;Live weight;45597920
2019;DE;Germany;Crustaceans;Shrimp, warmwater;PNV;Whiteleg shrimp;36700;Live weight;1909978
2019;NL;Netherlands;Other marine fish;Other marine fish;MZZ;Marine fishes nei;212000;Live weight;2510026
2019;DE;Germany;Freshwater fish;Freshwater catfish;SOM;Wels(=Som)catfish;120000;Live weight;649185
2019;NL;Netherlands;Bivalves and other molluscs and aquatic invertebrates;Oyster;OYC;Cupped oysters nei;2323360;Live weight;5141596
2019;DE;Germany;Freshwater fish;Other freshwater fish;SRE;Rudd;23700;Live weight;147580
2019;NL;Netherlands;Bivalves and other molluscs and aquatic invertebrates;Oyster;OYF;European flat oyster;221140;Live weight;1602602
2019;DE;Germany;Freshwater fish;Other freshwater fish;STU;Sturgeons nei;161000;Live weight;1209083
2019;NL;Netherlands;Flatfish;Sole, other;SOX;Soles nei;20000;Live weight;179996
2019;DE;Germany;Salmonids;Trout;SVF;Brook trout;348000;Live weight;2234109
2019;NL;Netherlands;Freshwater fish;Other freshwater fish;STU;Sturgeons nei;150000;Live weight;2699938
2019;DE;Germany;Freshwater fish;Tilapia;TLP;Tilapias nei;9000;Live weight;31499
2019;NL;Netherlands;Salmonids;Trout;TRR;Rainbow trout;50000;Live weight;249995
2019;DE;Germany;Salmonids;Trout;TRR;Rainbow trout;7841000;Live weight;30579204
2019;NL;Netherlands;Flatfish;Turbot;TUR;Turbot;100000;Live weight;749983
2019;DE;Germany;Salmonids;Trout;TRS;Sea trout;618000;Live weight;3355663
2019;PL;Poland;Freshwater fish;Other freshwater fish;ASU;Asp;140;Live weight;447
2019;DK;Denmark;Crustaceans;Freshwater crayfish;AAS;Noble crayfish;90;Live weight;0
2019;PL;Poland;Crustaceans;Freshwater crayfish;AYS;Euro-American crayfishes nei;260;Live weight;7074
2019;DK;Denmark;Salmonids;Other salmonids;ACH;Arctic char;12100;Live weight;56721
2019;PL;Poland;Freshwater fish;Carp;BIC;Bighead carp;668870;Live weight;731499
2019;DK;Denmark;Salmonids;Other salmonids;CHR;Chars nei;185430;Live weight;819559
2019;PL;Poland;Salmonids;Other salmonids;CHR;Chars nei;1872300;Live weight;6395515
2019;DK;Denmark;Freshwater fish;Eel;ELE;European eel;455510;Live weight;3837068
2019;PL;Poland;Freshwater fish;Freshwater catfish;CLZ;North African catfish;196130;Live weight;526652
2019;DK;Denmark;Freshwater fish;Pike-perch;FPP;Pike-perch;266850;Live weight;1965695
2019;PL;Poland;Freshwater fish;Carp;CWG;Prussian carp;211510;Live weight;293326
2019;DK;Denmark;Bivalves and other molluscs and aquatic invertebrates;Mussel Mytilus spp;MUS;Blue mussel;6597530;Live weight;5375311
2019;PL;Poland;Freshwater fish;Eel;ELE;European eel;10550;Live weight;227070
2019;DK;Denmark;Salmonids;Salmon;SAL;Atlantic salmon;1462530;Live weight;7835214
2019;PL;Poland;Freshwater fish;Other freshwater fish;FBM;Freshwater bream;2380;Live weight;3646
2019;DK;Denmark;Freshwater fish;Other freshwater fish;SBH;Striped bass, hybrid;45000;Live weight;331483
2019;PL;Poland;Freshwater fish;Other freshwater fish;FBU;Burbot;160;Live weight;447
2019;DK;Denmark;Salmonids;Trout;SVF;Brook trout;30930;Live weight;153067
2019;PL;Poland;Freshwater fish;Carp;FCG;Grass carp(=White amur);594400;Live weight;1298729
2019;DK;Denmark;Salmonids;Trout;TRR;Rainbow trout;30851840;Live weight;100268870
2019;PL;Poland;Freshwater fish;Carp;FCP;Common carp;18376410;Live weight;37756817
2019;DK;Denmark;Salmonids;Trout;TRS;Sea trout;21350;Live weight;102114
2019;PL;Poland;Freshwater fish;Other freshwater fish;FCY;Cyprinids nei;550000;Live weight;1649962
2019;DK;Denmark;Other marine fish;Other marine fish;YTC;Yellowtail amberjack;292270;Live weight;3718724
2019;PL;Poland;Freshwater fish;Other freshwater fish;FID;Orfe(=Ide);17170;Live weight;35865
2019;EE;Estonia;Crustaceans;Freshwater crayfish;AAS;Noble crayfish;931;Live weight;33856
2019;PL;Poland;Freshwater fish;Other freshwater fish;FPE;European perch;4490;Live weight;10554
2019;EE;Estonia;Freshwater fish;Carp;FCP;Common carp;29800;Live weight;95263
2019;PL;Poland;Freshwater fish;Pike;FPI;Northern pike;187500;Live weight;874325
2019;EE;Estonia;Freshwater fish;Other freshwater fish;FRF;Freshwater fishes nei;62870;Live weight;3831839
2019;PL;Poland;Freshwater fish;Pike-perch;FPP;Pike-perch;25480;Live weight;200308
2019;EE;Estonia;Freshwater fish;Other freshwater fish;STU;Sturgeons nei;41400;Live weight;248565
2019;PL;Poland;Freshwater fish;Other freshwater fish;FRF;Freshwater fishes nei;2346000;Live weight;8914597
2019;EE;Estonia;Salmonids;Trout;TRR;Rainbow trout;926970;Live weight;3068889
2019;PL;Poland;Freshwater fish;Other freshwater fish;FRO;Roach;6300;Live weight;9949
2019;EL;Greece;Other marine fish;Other marine fish;AMB;Greater amberjack;20600;Live weight;153503
2019;PL;Poland;Freshwater fish;Other freshwater fish;FRX;Roaches nei;210;Live weight;144
2019;EL;Greece;Other marine fish;Seabass, European;BSS;European seabass;41254700;Live weight;200464838
2019;PL;Poland;Freshwater fish;Other freshwater fish;FTE;Tench;154940;Live weight;523845
2019;EL;Greece;Other marine fish;Other marine fish;COB;Shi drum;85600;Live weight;438854
2019;PL;Poland;Salmonids;Other salmonids;FVE;Vendace;100;Live weight;600
2019;EL;Greece;Crustaceans;Crab;CRA;Marine crabs nei;95000;Live weight;88635
2019;PL;Poland;Salmonids;Salmon;HUC;Huchen;20;Live weight;95
2019;EL;Greece;Freshwater fish;Eel;ELE;European eel;385400;Live weight;2634633
2019;PL;Poland;Salmonids;Other salmonids;PLN;European whitefish;4590;Live weight;29863
2019;EL;Greece;Crustaceans;Shrimp, warmwater;KUP;Kuruma prawn;3700;Live weight;51130
2019;PL;Poland;Salmonids;Salmon;SAL;Atlantic salmon;503000;Live weight;3277178
2019;EL;Greece;Other marine fish;Other marine fish;MGR;Meagre;2392300;Live weight;13147124
2019;PL;Poland;Freshwater fish;Freshwater catfish;SOM;Wels(=Som)catfish;101340;Live weight;487175
2019;EL;Greece;Bivalves and other molluscs and aquatic invertebrates;Molluscs and aquatic invertebrates, other;MOL;Marine molluscs nei;99500;Live weight;325564
2019;PL;Poland;Freshwater fish;Other freshwater fish;STU;Sturgeons nei;664400;Live weight;3466085
2019;EL;Greece;Bivalves and other molluscs and aquatic invertebrates;Mussel Mytilus spp;MSM;Mediterranean mussel;23497500;Live weight;9131129
2019;PL;Poland;Freshwater fish;Carp;SVC;Silver carp;149490;Live weight;160009
2019;EL;Greece;Other marine fish;Other marine fish;MUF;Flathead grey mullet;250900;Live weight;561414
2019;PL;Poland;Salmonids;Trout;SVF;Brook trout;573170;Live weight;1852506
2019;EL;Greece;Other marine fish;Other marine fish;MZZ;Marine fishes nei;131900;Live weight;265779
2019;PL;Poland;Salmonids;Trout;TRO;Trouts nei;9570;Live weight;59147
2019;EL;Greece;Other marine fish;Seabream, other;RPG;Red porgy;2938800;Live weight;19546840
2019;PL;Poland;Salmonids;Trout;TRR;Rainbow trout;15395380;Live weight;45961170
2019;EL;Greece;Other marine fish;Seabream, gilthead;SBG;Gilthead seabream;55500100;Live weight;253108206
2019;PL;Poland;Salmonids;Trout;TRS;Sea trout;280;Live weight;1331
2019;EL;Greece;Other marine fish;Seabream, other;SHR;Sharpsnout seabream;34300;Live weight;382088
2019;SE;Sweden;Salmonids;Other salmonids;ACH;Arctic char;1130000;Live weight;5549353
2019;EL;Greece;Flatfish;Sole, common;SOL;Common sole;2800;Live weight;13277
2019;SE;Sweden;Crustaceans;Freshwater crayfish;AYS;Euro-American crayfishes nei;300;Live weight;8216
2019;EL;Greece;Freshwater fish;Other freshwater fish;STU;Sturgeons nei;12700;Live weight;41887
2019;SE;Sweden;Freshwater fish;Eel;ELE;European eel;98000;Live weight;583052
2019;EL;Greece;Other marine fish;Seabream, other;SWA;White seabream;1900;Live weight;3653
2019;SE;Sweden;Freshwater fish;Other freshwater fish;FRF;Freshwater fishes nei;65000;Live weight;337627
2019;EL;Greece;Miscellaneous aquatic products;Seaweed and other algae;SWX;Seaweeds nei;142300;Live weight;1366436
2019;SE;Sweden;Bivalves and other molluscs and aquatic invertebrates;Mussel Mytilus spp;MUS;Blue mussel;1900000;Live weight;1076627
2019;EL;Greece;Salmonids;Trout;TRR;Rainbow trout;1897900;Live weight;6332533
2019;SE;Sweden;Salmonids;Trout;TRR;Rainbow trout;8304000;Live weight;27272573
2019;ES;Spain;Freshwater fish;Other freshwater fish;AAA;Adriatic sturgeon;43838;Live weight;341052
2019;SI;Slovenia;Other marine fish;Seabass, European;BSS;European seabass;80000;Live weight;399991
2019;ES;Spain;Bivalves and other molluscs and aquatic invertebrates;Abalone;ABJ;Japanese abalone;1762;Live weight;56489
2019;SI;Slovenia;Freshwater fish;Carp;FCP;Common carp;112800;Live weight;254928
2019;ES;Spain;Other marine fish;Other marine fish;AMB;Greater amberjack;17970;Live weight;194250
2019;SI;Slovenia;Freshwater fish;Other freshwater fish;FCY;Cyprinids nei;2900;Live weight;6554
2019;ES;Spain;Freshwater fish;Other freshwater fish;APB;Siberian sturgeon;91867;Live weight;722977
2019;SI;Slovenia;Freshwater fish;Other freshwater fish;FRF;Freshwater fishes nei;114600;Live weight;297954
2019;ES;Spain;Freshwater fish;Other freshwater fish;APG;Danube sturgeon(=Osetr);832;Live weight;5990
2019;SI;Slovenia;Bivalves and other molluscs and aquatic invertebrates;Mussel Mytilus spp;MSM;Mediterranean mussel;798300;Live weight;566793
2019;ES;Spain;Tuna and tuna-like species;Tuna, bluefin;BFT;Atlantic bluefin tuna;7717270;Live weight;124313654
2019;SI;Slovenia;Salmonids;Other salmonids;SLZ;Salmonids nei;5000;Live weight;74999
2019;ES;Spain;Other marine fish;Seabass, European;BSS;European seabass;25259980;Live weight;154641198
2019;SI;Slovenia;Salmonids;Trout;TRR;Rainbow trout;937100;Live weight;4076385
2019;ES;Spain;Bivalves and other molluscs and aquatic invertebrates;Clam;CLJ;Japanese carpet shell;610890;Live weight;5380150
2019;SI;Slovenia;Bivalves and other molluscs and aquatic invertebrates;Clam;VEV;Warty venus;36100;Live weight;415150
2019;ES;Spain;Bivalves and other molluscs and aquatic invertebrates;Clam;COC;Common edible cockle;436570;Live weight;2215533
2019;SK;Slovakia;Freshwater fish;Carp;BIC;Bighead carp;18000;Live weight;35279
2019;ES;Spain;Bivalves and other molluscs and aquatic invertebrates;Clam;CTG;Grooved carpet shell;49950;Live weight;1041650
2019;SK;Slovakia;Freshwater fish;Freshwater catfish;CLZ;North African catfish;922370;Live weight;1961014
2019;ES;Spain;Freshwater fish;Eel;ELE;European eel;351500;Live weight;3228158
2019;SK;Slovakia;Freshwater fish;Carp;FCG;Grass carp(=White amur);10000;Live weight;23999
2019;ES;Spain;Bivalves and other molluscs and aquatic invertebrates;Clam;EQE;Pod razor shell;4650;Live weight;169007
2019;SK;Slovakia;Freshwater fish;Carp;FCP;Common carp;702840;Live weight;1695419
2019;ES;Spain;Freshwater fish;Carp;FCP;Common carp;1205;Live weight;3205
2019;SK;Slovakia;Freshwater fish;Pike;FPI;Northern pike;3000;Live weight;18299
2019;ES;Spain;Freshwater fish;Other freshwater fish;FTE;Tench;7310;Live weight;32881
2019;SK;Slovakia;Freshwater fish;Pike-perch;FPP;Pike-perch;2000;Live weight;27360
2019;ES;Spain;Crustaceans;Shrimp, warmwater;GIT;Giant tiger prawn;1059;Live weight;20322
2019;SK;Slovakia;Freshwater fish;Other freshwater fish;FRF;Freshwater fishes nei;70240;Live weight;213767
2019;ES;Spain;Miscellaneous aquatic products;Seaweed and other algae;GLS;Gracilaria seaweeds;128;Live weight;1145
2019;SK;Slovakia;Freshwater fish;Freshwater catfish;SOM;Wels(=Som)catfish;950;Live weight;7524
2019;ES;Spain;Miscellaneous aquatic products;Seaweed and other algae;LQX;Sea belt;135;Live weight;1350
2019;SK;Slovakia;Freshwater fish;Carp;SVC;Silver carp;10000;Live weight;11000
2019;ES;Spain;Other marine fish;Other marine fish;MGR;Meagre;4534880;Live weight;21411604
2019;SK;Slovakia;Salmonids;Trout;SVF;Brook trout;5000;Live weight;52649
2019;ES;Spain;Other marine fish;Other marine fish;MGS; ;71000;Live weight;284675
2019;SK;Slovakia;Salmonids;Trout;TRR;Rainbow trout;993240;Live weight;3229734
2019;ES;Spain;Bivalves and other molluscs and aquatic invertebrates;Mussel Mytilus spp;MSM;Mediterranean mussel;228194930;Live weight;119658911
2019;SK;Slovakia;Salmonids;Trout;TRS;Sea trout;1000;Live weight;7330
2019;ES;Spain;Flatfish;Sole, other;OAL;Senegalese sole;945040;Live weight;10560420
2019;UK;United Kingdom;Salmonids;Other salmonids;ACH;Arctic char;10000;Live weight;62709
2019;ES;Spain;Cephalopods;Octopus;OCZ;Octopuses nei;815;Live weight;7115
2019;UK;United Kingdom;Freshwater fish;Carp;FCP;Common carp;14000;Live weight;233451
2019;ES;Spain;Bivalves and other molluscs and aquatic invertebrates;Oyster;OYF;European flat oyster;416230;Live weight;2171414
2019;UK;United Kingdom;Freshwater fish;Other freshwater fish;FCY;Cyprinids nei;30000;Live weight;530176
2019;ES;Spain;Bivalves and other molluscs and aquatic invertebrates;Oyster;OYG;Pacific cupped oyster;893690;Live weight;2843063
2019;UK;United Kingdom;Freshwater fish;Other freshwater fish;FRF;Freshwater fishes nei;195000;Live weight;3428359
2019;ES;Spain;Crustaceans;Shrimp, warmwater;PNV;Whiteleg shrimp;1500;Live weight;37499
2019;UK;United Kingdom;Flatfish;Halibut, Atlantic;HAL;Atlantic halibut;85000;Live weight;1192041
2019;ES;Spain;Crustaceans;Shrimp, miscellaneous;PVR;Atlantic ditch shrimp;175070;Live weight;884515
2019;UK;United Kingdom;Bivalves and other molluscs and aquatic invertebrates;Mussel, other;MSX;Sea mussels nei;14300000;Live weight;18304383
2019;ES;Spain;Bivalves and other molluscs and aquatic invertebrates;Scallop;QSC;Queen scallop;6296;Live weight;32109
2019;UK;United Kingdom;Bivalves and other molluscs and aquatic invertebrates;Oyster;OYF;European flat oyster;20000;Live weight;134046
2019;ES;Spain;Salmonids;Salmon;SAL;Atlantic salmon;11610;Live weight;79875
2019;UK;United Kingdom;Bivalves and other molluscs and aquatic invertebrates;Oyster;OYG;Pacific cupped oyster;2200000;Live weight;7842916
2019;ES;Spain;Other marine fish;Seabream, gilthead;SBG;Gilthead seabream;12475310;Live weight;63779118
2019;UK;United Kingdom;Bivalves and other molluscs and aquatic invertebrates;Scallop;QSC;Queen scallop;1000;Live weight;3705
2019;ES;Spain;Other marine fish;Seabream, other;SBR;Blackspot(=red) seabream;132780;Live weight;540537
2019;UK;United Kingdom;Salmonids;Salmon;SAL;Atlantic salmon;190500000;Live weight;1222843002
2019;ES;Spain;Crustaceans;Crab;SCR;Spinous spider crab;2477;Live weight;63014
2019;UK;United Kingdom;Bivalves and other molluscs and aquatic invertebrates;Scallop;SCE;Great Atlantic scallop;4000;Live weight;69272
2019;ES;Spain;Miscellaneous aquatic products;Seaweed and other algae;SIZ;Spirulina nei;1299;Live weight;134117
2019;UK;United Kingdom;Salmonids;Other salmonids;SLZ;Salmonids nei;20000;Live weight;442138
2019;ES;Spain;Other marine fish;Seabass, other;SPU;Spotted seabass;1402;Live weight;3687
2019;UK;United Kingdom;Freshwater fish;Tilapia;TLN;Nile tilapia;1000;Live weight;4332
2019;ES;Spain;Freshwater fish;Other freshwater fish;STU;Sturgeons nei;10000;Live weight;59799
2019;UK;United Kingdom;Salmonids;Trout;TRR;Rainbow trout;11900000;Live weight;50895568
2019;ES;Spain;Other marine fish;Seabream, other;SWA;White seabream;2816;Live weight;6054
2019;UK;United Kingdom;Salmonids;Trout;TRS;Sea trout;220000;Live weight;2233937
2019;ES;Spain;Miscellaneous aquatic products;Seaweed and other algae;SWG;Green seaweeds;870;Live weight;11588
2019;RO;Romania;Freshwater fish;Carp;BIC;Bighead carp;2869000;Live weight;4836786
2019;ES;Spain;Miscellaneous aquatic products;Seaweed and other algae;SWX;Seaweeds nei;5784;Live weight;1854656
2019;RO;Romania;Freshwater fish;Freshwater catfish;CLZ;North African catfish;100000;Live weight;210735
2019;ES;Spain;Crustaceans;Shrimp, warmwater;TGS;Caramote prawn;70;Live weight;420
2019;RO;Romania;Freshwater fish;Other freshwater fish;FBM;Freshwater bream;178000;Live weight;112532
2019;ES;Spain;Freshwater fish;Tilapia;TLP;Tilapias nei;1915;Live weight;4557
2019;RO;Romania;Freshwater fish;Carp;FCC;Crucian carp;975000;Live weight;1643732
2019;ES;Spain;Salmonids;Trout;TRR;Rainbow trout;15914100;Live weight;52177878
2019;RO;Romania;Freshwater fish;Carp;FCG;Grass carp(=White amur);143000;Live weight;542431
2019;ES;Spain;Salmonids;Trout;TRS;Sea trout;6000;Live weight;62038
2019;RO;Romania;Freshwater fish;Carp;FCP;Common carp;4110000;Live weight;17322403
2019;ES;Spain;Flatfish;Turbot;TUR;Turbot;8011490;Live weight;61781040
2019;RO;Romania;Freshwater fish;Other freshwater fish;FPE;European perch;4000;Live weight;5901
2019;ES;Spain;Miscellaneous aquatic products;Seaweed and other algae;UNI;Dunaliella salina;219;Live weight;6695
2019;RO;Romania;Freshwater fish;Pike;FPI;Northern pike;21000;Live weight;61956
2019;ES;Spain;Bivalves and other molluscs and aquatic invertebrates;Scallop;VSC;Variegated scallop;70;Live weight;500
2019;RO;Romania;Freshwater fish;Pike-perch;FPP;Pike-perch;65000;Live weight;219164
2019;ES;Spain;Bivalves and other molluscs and aquatic invertebrates;Clam;VUC;Corrugated venus;157270;Live weight;2280037
2019;RO;Romania;Freshwater fish;Other freshwater fish;FRF;Freshwater fishes nei;53000;Live weight;89352
2019;FI;Finland;Other marine fish;Other marine fish;FIN;Finfishes nei;306200;Live weight;1782084
2019;RO;Romania;Freshwater fish;Other freshwater fish;PAM;Mississippi paddlefish;1000;Live weight;3372
2019;FI;Finland;Salmonids;Other salmonids;PLN;European whitefish;785900;Live weight;7536781
2019;RO;Romania;Freshwater fish;Freshwater catfish;SOM;Wels(=Som)catfish;15000;Live weight;50576
2019;FI;Finland;Salmonids;Trout;TRR;Rainbow trout;14203700;Live weight;53050820
2019;RO;Romania;Freshwater fish;Other freshwater fish;STU;Sturgeons nei;92000;Live weight;601016
2019;FR;France;Other marine fish;Seabass, European;BSS;European seabass;2460595;Live weight;20739523
2019;RO;Romania;Freshwater fish;Carp;SVC;Silver carp;1465000;Live weight;2161086
2019;FR;France;Bivalves and other molluscs and aquatic invertebrates;Clam;CLJ;Japanese carpet shell;632908;Live weight;4782966
2019;RO;Romania;Salmonids;Trout;TRR;Rainbow trout;2537000;Live weight;9623417
2019;FR;France;Bivalves and other molluscs and aquatic invertebrates;Clam;CLX;Clams, etc. nei;135332;Live weight;1402132
2019;IT;Italy;Salmonids;Other salmonids;ACH;Arctic char;41500;Live weight;217050
2019;FR;France;Bivalves and other molluscs and aquatic invertebrates;Clam;COC;Common edible cockle;1177440;Live weight;3527877
2019;IT;Italy;Other marine fish;Seabass, European;BSS;European seabass;4947550;Live weight;39928697
2019;FR;France;Freshwater fish;Carp;FCG;Grass carp(=White amur);48293;Live weight;269153
2019;IT;Italy;Salmonids;Other salmonids;CHR;Chars nei;1100;Live weight;11200
2019;FR;France;Freshwater fish;Carp;FCP;Common carp;1414641;Live weight;5445538
2019;IT;Italy;Bivalves and other molluscs and aquatic invertebrates;Clam;CLJ;Japanese carpet shell;25906700;Live weight;167521505
2019;FR;France;Freshwater fish;Other freshwater fish;FPE;European perch;60581;Live weight;279435
2019;IT;Italy;Bivalves and other molluscs and aquatic invertebrates;Clam;CTG;Grooved carpet shell;48500;Live weight;621950
2019;FR;France;Freshwater fish;Pike;FPI;Northern pike;263984;Live weight;1287619
2019;IT;Italy;Freshwater fish;Eel;ELE;European eel;464041;Live weight;6560849
2019;FR;France;Freshwater fish;Pike-perch;FPP;Pike-perch;86275;Live weight;440823
2019;IT;Italy;Freshwater fish;Carp;FCC;Crucian carp;13700;Live weight;69100
2019;FR;France;Freshwater fish;Other freshwater fish;FRF;Freshwater fishes nei;217322;Live weight;1383316
2019;IT;Italy;Freshwater fish;Carp;FCP;Common carp;192000;Live weight;891400
2019;FR;France;Freshwater fish;Other freshwater fish;FRX;Roaches nei;946262;Live weight;4417441
2019;IT;Italy;Freshwater fish;Other freshwater fish;FCY;Cyprinids nei;10100;Live weight;45300
2019;FR;France;Freshwater fish;Other freshwater fish;FTE;Tench;285024;Live weight;1313695
2019;IT;Italy;Freshwater fish;Other freshwater fish;FPE;European perch;500;Live weight;6250
2019;FR;France;Bivalves and other molluscs and aquatic invertebrates;Abalone;HLT;Tuberculate abalone;7000;Live weight;93792
2019;IT;Italy;Freshwater fish;Other freshwater fish;FTE;Tench;17000;Live weight;113000
2019;FR;France;Miscellaneous aquatic products;Seaweed and other algae;HQW;Unicell. Chlorella green alga;4765;Live weight;27343
2019;IT;Italy;Freshwater fish;Other freshwater fish;ITM;Black bullhead;73800;Live weight;401000
2019;FR;France;Crustaceans;Shrimp, warmwater;KUP;Kuruma prawn;68628;Live weight;1522786
2019;IT;Italy;Freshwater fish;Freshwater catfish;ITP;Channel catfish;102300;Live weight;415630
2019;FR;France;Other marine fish;Other marine fish;MGR;Meagre;669428;Live weight;5644892
2019;IT;Italy;Crustaceans;Shrimp, warmwater;KUP;Kuruma prawn;4600;Live weight;83650
2019;FR;France;Freshwater fish;Other freshwater fish;MPS;Largemouth black bass;44211;Live weight;239277
2019;IT;Italy;Other marine fish;Other marine fish;MGR;Meagre;69500;Live weight;318000
2019;FR;France;Bivalves and other molluscs and aquatic invertebrates;Mussel Mytilus spp;MSM;Mediterranean mussel;6047154;Live weight;10322298
2019;IT;Italy;Other marine fish;Other marine fish;MGS; ;100900;Live weight;594240
2019;FR;France;Bivalves and other molluscs and aquatic invertebrates;Mussel Mytilus spp;MUS;Blue mussel;54207836;Live weight;123382924
2019;IT;Italy;Freshwater fish;Other freshwater fish;MPS;Largemouth black bass;83500;Live weight;573500
2019;FR;France;Other marine fish;Other marine fish;MZZ;Marine fishes nei;1083635;Live weight;12624642
2019;IT;Italy;Bivalves and other molluscs and aquatic invertebrates;Mussel Mytilus spp;MSM;Mediterranean mussel;52546800;Live weight;44632096
2019;FR;France;Bivalves and other molluscs and aquatic invertebrates;Oyster;OYF;European flat oyster;1187555;Live weight;7171537
2019;IT;Italy;Other marine fish;Other marine fish;MUL;Mullets nei;317733;Live weight;2753816
2019;FR;France;Bivalves and other molluscs and aquatic invertebrates;Oyster;OYG;Pacific cupped oyster;84759542;Live weight;391126947
2019;IT;Italy;Bivalves and other molluscs and aquatic invertebrates;Oyster;OYF;European flat oyster;2000;Live weight;8780
2019;FR;France;Other marine fish;Seabream, gilthead;SBG;Gilthead seabream;2344256;Live weight;18885683
2019;IT;Italy;Bivalves and other molluscs and aquatic invertebrates;Oyster;OYG;Pacific cupped oyster;96900;Live weight;474525
2019;FR;France;Miscellaneous aquatic products;Seaweed and other algae;SIZ;Spirulina nei;200598;Live weight;6904320
2019;IT;Italy;Other marine fish;Seabream, gilthead;SBG;Gilthead seabream;6782727;Live weight;49839428
2019;FR;France;Salmonids;Other salmonids;SLX;Salmonoids nei;426530;Live weight;3349956
2019;IT;Italy;Freshwater fish;Other freshwater fish;SBH;Striped bass, hybrid;214500;Live weight;1268000
2019;FR;France;Freshwater fish;Other freshwater fish;STU;Sturgeons nei;288570;Live weight;929952
2019;IT;Italy;Other marine fish;Seabream, other;SBX;Porgies, seabreams nei;12400;Live weight;115050
2019;FR;France;Miscellaneous aquatic products;Seaweed and other algae;SWX;Seaweeds nei;63930;Live weight;1063763
2019;IT;Italy;Flatfish;Sole, common;SOL;Common sole;10600;Live weight;132980
2019;FR;France;Salmonids;Trout;TRR;Rainbow trout;34539570;Live weight;125307630
2019;IT;Italy;Freshwater fish;Other freshwater fish;STU;Sturgeons nei;1301000;Live weight;6606500
2019;FR;France;Salmonids;Trout;TRS;Sea trout;557070;Live weight;4332082
2019;IT;Italy;Salmonids;Trout;SVF;Brook trout;803100;Live weight;3532600
2019;FR;France;Miscellaneous aquatic products;Seaweed and other algae;TZZ; ;1450;Live weight;32640
2019;IT;Italy;Other marine fish;Seabream, other;SWA;White seabream;2500;Live weight;20000
2019;FR;France;Miscellaneous aquatic products;Seaweed and other algae;UDP;Wakame;104931;Live weight;403343
2019;IT;Italy;Salmonids;Other salmonids;TLV;Grayling;2000;Live weight;20000
2019;HR;Croatia;Freshwater fish;Other freshwater fish;APR;Sterlet sturgeon;740;Live weight;3509
2019;IT;Italy;Salmonids;Trout;TRO;Trouts nei;204500;Live weight;1152200
2019;HR;Croatia;Tuna and tuna-like species;Tuna, bluefin;BFT;Atlantic bluefin tuna;2746740;Live weight;31810789
2019;IT;Italy;Salmonids;Trout;TRR;Rainbow trout;37339700;Live weight;114493526
2019;IT;Italy;Salmonids;Trout;TRS;Sea trout;559100;Live weight;2390790
2019;IT;Italy;Salmonids;Other salmonids;WHF;Whitefishes nei;5000;Live weight;45000
2019;PT;Portugal;Bivalves and other molluscs and aquatic invertebrates;Molluscs and aquatic invertebrates, other;BOY;Purple dye murex;200;Live weight;5200
2019;PT;Portugal;Other marine fish;Seabass, European;BSS;European seabass;881900;Live weight;6296774
2019;PT;Portugal;Bivalves and other molluscs and aquatic invertebrates;Clam;CLJ;Japanese carpet shell;5880;Live weight;31266
2019;PT;Portugal;Bivalves and other molluscs and aquatic invertebrates;Clam;CLV;Venus clams nei;43000;Live weight;269772
2019;PT;Portugal;Bivalves and other molluscs and aquatic invertebrates;Clam;COC;Common edible cockle;249020;Live weight;457961
2019;PT;Portugal;Bivalves and other molluscs and aquatic invertebrates;Clam;CTG;Grooved carpet shell;3229010;Live weight;56151386
2019;PT;Portugal;Freshwater fish;Eel;ELE;European eel;770;Live weight;8870
2019;PT;Portugal;Bivalves and other molluscs and aquatic invertebrates;Clam;EQI;Sword razor shell;660;Live weight;4620
2019;PT;Portugal;Other marine fish;Other marine fish;MGR;Meagre;2950;Live weight;17169
2019;PT;Portugal;Other marine fish;Other marine fish;MGS; ;3140;Live weight;16678
2019;PT;Portugal;Bivalves and other molluscs and aquatic invertebrates;Mussel Mytilus spp;MSM;Mediterranean mussel;565480;Live weight;868956
2019;PT;Portugal;Bivalves and other molluscs and aquatic invertebrates;Mussel Mytilus spp;MYV;Mytilus mussels nei;106230;Live weight;108505
2019;PT;Portugal;Flatfish;Sole, other;OAL;Senegalese sole;231920;Live weight;2690272
2019;PT;Portugal;Bivalves and other molluscs and aquatic invertebrates;Clam;OBN;Peppery furrow;140;Live weight;1890
2019;PT;Portugal;Bivalves and other molluscs and aquatic invertebrates;Oyster;OYC;Cupped oysters nei;210220;Live weight;795497
2019;PT;Portugal;Bivalves and other molluscs and aquatic invertebrates;Oyster;OYF;European flat oyster;20050;Live weight;135338
2019;PT;Portugal;Bivalves and other molluscs and aquatic invertebrates;Oyster;OYG;Pacific cupped oyster;1377590;Live weight;4305632
2019;PT;Portugal;Crustaceans;Shrimp, miscellaneous;PVR;Atlantic ditch shrimp;2260;Live weight;9068
2019;PT;Portugal;Bivalves and other molluscs and aquatic invertebrates;Clam;RAE;European razor clam;8370;Live weight;53902
2019;PT;Portugal;Other marine fish;Seabream, gilthead;SBG;Gilthead seabream;1648110;Live weight;8844148
2019;PT;Portugal;Flatfish;Sole, common;SOL;Common sole;2110;Live weight;28505
2019;PT;Portugal;Other marine fish;Seabream, other;SWA;White seabream;1500;Live weight;7961
2019;PT;Portugal;Miscellaneous aquatic products;Seaweed and other algae;SWB;Brown seaweeds;90;Live weight;960
2019;PT;Portugal;Miscellaneous aquatic products;Seaweed and other algae;SWG;Green seaweeds;26090;Live weight;377131
2019;PT;Portugal;Miscellaneous aquatic products;Seaweed and other algae;SWR;Red seaweeds;210;Live weight;4344
2019;PT;Portugal;Miscellaneous aquatic products;Seaweed and other algae;SWX;Seaweeds nei;150;Live weight;6660
2019;PT;Portugal;Salmonids;Trout;TRR;Rainbow trout;675630;Live weight;2251706
2019;PT;Portugal;Salmonids;Trout;TRS;Sea trout;6640;Live weight;36852
2019;PT;Portugal;Flatfish;Turbot;TUR;Turbot;3580330;Live weight;24238834
2019;PT;Portugal;Bivalves and other molluscs and aquatic invertebrates;Clam;VNA;Golden carpet shell;1110;Live weight;3792
2018;BG;Bulgaria;Freshwater fish;Carp;BIC;Bighead carp;963000;Live weight;896000
2018;BG;Bulgaria;Freshwater fish;Other freshwater fish;BKC;Black carp;0;Live weight;1000
2018;BG;Bulgaria;Freshwater fish;Other freshwater fish;CGO;Goldfish;154000;Live weight;108000
2018;BG;Bulgaria;Freshwater fish;Freshwater catfish;CLZ;North African catfish;108000;Live weight;284000
2018;BG;Bulgaria;Salmonids;Salmon;COH;Coho(=Silver)salmon;46000;Live weight;398000
2018;BG;Bulgaria;Crustaceans;Freshwater crayfish;CRD;Danube crayfish;3000;Live weight;5000
2018;BG;Bulgaria;Freshwater fish;Eel;ELE;European eel;27000;Live weight;139000
2018;BG;Bulgaria;Freshwater fish;Other freshwater fish;FBM;Freshwater bream;29000;Live weight;15000
2018;BG;Bulgaria;Freshwater fish;Carp;FCC;Crucian carp;0;Live weight;0
2018;BG;Bulgaria;Freshwater fish;Carp;FCG;Grass carp(=White amur);104000;Live weight;218000
2018;BG;Bulgaria;Freshwater fish;Carp;FCP;Common carp;2363000;Live weight;5328000
2018;BG;Bulgaria;Freshwater fish;Other freshwater fish;FPE;European perch;0;Live weight;1000
2018;BG;Bulgaria;Freshwater fish;Pike;FPI;Northern pike;6000;Live weight;15000
2018;BG;Bulgaria;Freshwater fish;Pike-perch;FPP;Pike-perch;58000;Live weight;144000
2018;BG;Bulgaria;Freshwater fish;Other freshwater fish;FTE;Tench;1000;Live weight;4000
2018;BG;Bulgaria;Miscellaneous aquatic products;Seaweed and other algae;HQW;Unicell. Chlorella green alga;1000;Live weight;2000
2018;BG;Bulgaria;Freshwater fish;Other freshwater fish;HUH;Beluga;2000;Live weight;15000
2018;BG;Bulgaria;Freshwater fish;Freshwater catfish;ITP;Channel catfish;14000;Live weight;24000
2018;BG;Bulgaria;Bivalves and other molluscs and aquatic invertebrates;Mussel Mytilus spp;MSM;Mediterranean mussel;1526000;Live weight;1178000
2018;BG;Bulgaria;Freshwater fish;Other freshwater fish;PAM;Mississippi paddlefish;76000;Live weight;135000
2018;BG;Bulgaria;Freshwater fish;Freshwater catfish;SOM;Wels(=Som)catfish;154000;Live weight;521000
2018;BG;Bulgaria;Freshwater fish;Other freshwater fish;SRE;Rudd;2000;Live weight;1000
2018;BG;Bulgaria;Freshwater fish;Other freshwater fish;STU;Sturgeons nei;7000;Live weight;40000
2018;BG;Bulgaria;Freshwater fish;Carp;SVC;Silver carp;113000;Live weight;127000
2018;BG;Bulgaria;Salmonids;Trout;SVF;Brook trout;4000;Live weight;26000
2018;BG;Bulgaria;Salmonids;Trout;TRR;Rainbow trout;4793000;Live weight;18675000
2018;BG;Bulgaria;Salmonids;Trout;TRS;Sea trout;9000;Live weight;34000
2018;CY;Cyprus;Freshwater fish;Other freshwater fish;APB;Siberian sturgeon;3000;Live weight;55000
2018;CY;Cyprus;Other marine fish;Seabass, European;BSS;European seabass;2389000;Live weight;15576000
2018;CY;Cyprus;Other marine fish;Other marine fish;MGR;Meagre;1000;Live weight;6000
2018;CY;Cyprus;Crustaceans;Shrimp, warmwater;PNI;Indian white prawn;28000;Live weight;297000
2018;CY;Cyprus;Other marine fish;Seabream, gilthead;SBG;Gilthead seabream;4885000;Live weight;22759000
2018;CY;Cyprus;Salmonids;Trout;TRR;Rainbow trout;41000;Live weight;308000
2018;CZ;Czechia;Freshwater fish;Carp;BIC;Bighead carp;341000;Live weight;505000
2018;CZ;Czechia;Salmonids;Other salmonids;CIJ;Peled;5000;Live weight;18000
2018;CZ;Czechia;Freshwater fish;Eel;ELE;European eel;5000;Live weight;78000
2018;CZ;Czechia;Freshwater fish;Carp;FCG;Grass carp(=White amur);515000;Live weight;1205000
2018;CZ;Czechia;Freshwater fish;Carp;FCP;Common carp;18429000;Live weight;38805000
2018;CZ;Czechia;Freshwater fish;Other freshwater fish;FPE;European perch;14000;Live weight;26000
2018;CZ;Czechia;Freshwater fish;Pike;FPI;Northern pike;87000;Live weight;577000
2018;CZ;Czechia;Freshwater fish;Pike-perch;FPP;Pike-perch;62000;Live weight;568000
2018;CZ;Czechia;Freshwater fish;Other freshwater fish;FRF;Freshwater fishes nei;728000;Live weight;739000
2018;CZ;Czechia;Freshwater fish;Other freshwater fish;FTE;Tench;147000;Live weight;453000
2018;CZ;Czechia;Freshwater fish;Freshwater catfish;SOM;Wels(=Som)catfish;91000;Live weight;455000
2018;CZ;Czechia;Freshwater fish;Carp;SVC;Silver carp;220000;Live weight;386000
2018;CZ;Czechia;Salmonids;Trout;SVF;Brook trout;322000;Live weight;1306000
2018;CZ;Czechia;Salmonids;Trout;TRR;Rainbow trout;784000;Live weight;3474000
2018;DE;Germany;Freshwater fish;Carp;BIC;Bighead carp;3000;Live weight;9000
2018;DE;Germany;Freshwater fish;Freshwater catfish;CLZ;North African catfish;780000;Live weight;2207000
2018;DE;Germany;Freshwater fish;Carp;CWG;Prussian carp;55000;Live weight;115000
2018;DE;Germany;Freshwater fish;Eel;ELE;European eel;1229000;Live weight;15817000
2018;DE;Germany;Freshwater fish;Other freshwater fish;FBM;Freshwater bream;2000;Live weight;6000
2018;DE;Germany;Freshwater fish;Carp;FCG;Grass carp(=White amur);78000;Live weight;340000
2018;DE;Germany;Freshwater fish;Carp;FCP;Common carp;4746000;Live weight;12244000
2018;DE;Germany;Freshwater fish;Pike;FPI;Northern pike;44000;Live weight;267000
2018;DE;Germany;Freshwater fish;Pike-perch;FPP;Pike-perch;54000;Live weight;651000
2018;DE;Germany;Bivalves and other molluscs and aquatic invertebrates;Mussel Mytilus spp;MUS;Blue mussel;15864000;Live weight;34741000
2018;DE;Germany;Bivalves and other molluscs and aquatic invertebrates;Oyster;OYG;Pacific cupped oyster;80000;Live weight;610000
2018;DE;Germany;Crustaceans;Shrimp, warmwater;PNV;Whiteleg shrimp;26000;Live weight;807000
2018;DE;Germany;Salmonids;Other salmonids;SLZ;Salmonids nei;1420000;Live weight;9103000
2018;DE;Germany;Freshwater fish;Freshwater catfish;SOM;Wels(=Som)catfish;110000;Live weight;724000
2018;DE;Germany;Freshwater fish;Other freshwater fish;SRE;Rudd;24000;Live weight;118000
2018;DE;Germany;Freshwater fish;Carp;SVC;Silver carp;1000;Live weight;4000
2018;DE;Germany;Freshwater fish;Tilapia;TLP;Tilapias nei;142000;Live weight;497000
2018;DE;Germany;Salmonids;Other salmonids;TLV;Grayling;1000;Live weight;10000
2018;DE;Germany;Salmonids;Trout;TRR;Rainbow trout;7852000;Live weight;31407000
2018;DE;Germany;Salmonids;Trout;TRS;Sea trout;579000;Live weight;2895000
2018;DK;Denmark;Salmonids;Other salmonids;CHR;Chars nei;197000;Live weight;872000
2018;DK;Denmark;Freshwater fish;Eel;ELE;European eel;451000;Live weight;5026000
2018;DK;Denmark;Freshwater fish;Other freshwater fish;FPE;European perch;2000;Live weight;15000
2018;DK;Denmark;Freshwater fish;Pike-perch;FPP;Pike-perch;336000;Live weight;2478000
2018;DK;Denmark;Bivalves and other molluscs and aquatic invertebrates;Mussel Mytilus spp;MUS;Blue mussel;2866000;Live weight;2140000
2018;DK;Denmark;Salmonids;Salmon;SAL;Atlantic salmon;1030000;Live weight;4834000
2018;DK;Denmark;Freshwater fish;Other freshwater fish;SBH;Striped bass, hybrid;18000;Live weight;133000
2018;DK;Denmark;Freshwater fish;Other freshwater fish;STU;Sturgeons nei;3000;Live weight;54000
2018;DK;Denmark;Miscellaneous aquatic products;Seaweed and other algae;SWB;Brown seaweeds;12000;Live weight;6000
2018;DK;Denmark;Salmonids;Trout;TRR;Rainbow trout;28265000;Live weight;94485000
2018;DK;Denmark;Salmonids;Trout;TRS;Sea trout;15000;Live weight;72000
2018;EE;Estonia;Crustaceans;Freshwater crayfish;AAS;Noble crayfish;1000;Live weight;18000
2018;EE;Estonia;Freshwater fish;Other freshwater fish;FRF;Freshwater fishes nei;121000;Live weight;730000
2018;EE;Estonia;Freshwater fish;Other freshwater fish;STU;Sturgeons nei;18000;Live weight;142000
2018;EE;Estonia;Salmonids;Trout;TRR;Rainbow trout;804000;Live weight;3303000
2018;FI;Finland;Other marine fish;Other marine fish;FIN;Finfishes nei;304000;Live weight;1876000
2018;FI;Finland;Salmonids;Other salmonids;PLN;European whitefish;839000;Live weight;7861000
2018;FI;Finland;Salmonids;Trout;TRR;Rainbow trout;13180000;Live weight;56345000
2018;HR;Croatia;Freshwater fish;Other freshwater fish;APR;Sterlet sturgeon;1000;Live weight;6000
2018;HR;Croatia;Tuna and tuna-like species;Tuna, bluefin;BFT;Atlantic bluefin tuna;3227000;Live weight;36925000
2018;HR;Croatia;Freshwater fish;Carp;BIC;Bighead carp;301000;Live weight;301000
2018;HR;Croatia;Other marine fish;Seabass, European;BSS;European seabass;6220000;Live weight;36693000
2018;HR;Croatia;Freshwater fish;Freshwater catfish;CLZ;North African catfish;20000;Live weight;45000
2018;HR;Croatia;Freshwater fish;Other freshwater fish;FBM;Freshwater bream;1000;Live weight;3000
2018;HR;Croatia;Freshwater fish;Carp;FCG;Grass carp(=White amur);141000;Live weight;246000
2018;HR;Croatia;Freshwater fish;Carp;FCP;Common carp;1959000;Live weight;4486000
2018;HR;Croatia;Freshwater fish;Pike;FPI;Northern pike;7000;Live weight;45000
2018;HR;Croatia;Freshwater fish;Pike-perch;FPP;Pike-perch;7000;Live weight;57000
2018;HR;Croatia;Freshwater fish;Other freshwater fish;FRF;Freshwater fishes nei;32000;Live weight;38000
2018;HR;Croatia;Freshwater fish;Other freshwater fish;FTE;Tench;1000;Live weight;4000
2018;HR;Croatia;Other marine fish;Other marine fish;MGR;Meagre;808000;Live weight;4954000
2018;HR;Croatia;Freshwater fish;Other freshwater fish;MPS;Largemouth black bass;0;Live weight;1000
2018;HR;Croatia;Bivalves and other molluscs and aquatic invertebrates;Mussel Mytilus spp;MSM;Mediterranean mussel;882000;Live weight;1154000
2018;HR;Croatia;Bivalves and other molluscs and aquatic invertebrates;Oyster;OYF;European flat oyster;54000;Live weight;622000
2018;HR;Croatia;Other marine fish;Seabream, gilthead;SBG;Gilthead seabream;5591000;Live weight;32891000
2018;HR;Croatia;Freshwater fish;Freshwater catfish;SOM;Wels(=Som)catfish;23000;Live weight;112000
2018;HR;Croatia;Freshwater fish;Carp;SVC;Silver carp;36000;Live weight;34000
2018;HR;Croatia;Salmonids;Trout;TRR;Rainbow trout;336000;Live weight;1168000
2018;HR;Croatia;Salmonids;Trout;TRS;Sea trout;34000;Live weight;196000
2018;HU;Hungary;Freshwater fish;Freshwater catfish;CTO;Torpedo-shaped catfishes nei;3333000;Live weight;6381000
2018;HU;Hungary;Freshwater fish;Carp;FCG;Grass carp(=White amur);474000;Live weight;957000
2018;HU;Hungary;Freshwater fish;Carp;FCP;Common carp;11462000;Live weight;25799000
2018;HU;Hungary;Freshwater fish;Pike;FPI;Northern pike;23000;Live weight;127000
2018;HU;Hungary;Freshwater fish;Pike-perch;FPP;Pike-perch;53000;Live weight;454000
2018;HU;Hungary;Freshwater fish;Other freshwater fish;FRF;Freshwater fishes nei;787000;Live weight;937000
2018;HU;Hungary;Freshwater fish;Other freshwater fish;FTE;Tench;3000;Live weight;16000
2018;HU;Hungary;Freshwater fish;Carp;HXP;Carps nei;171000;Live weight;149000
2018;HU;Hungary;Freshwater fish;Freshwater catfish;SOM;Wels(=Som)catfish;252000;Live weight;1414000
2018;HU;Hungary;Freshwater fish;Other freshwater fish;STU;Sturgeons nei;69000;Live weight;1008000
2018;HU;Hungary;Freshwater fish;Carp;SVC;Silver carp;1200000;Live weight;1225000
2018;HU;Hungary;Salmonids;Trout;TRR;Rainbow trout;72000;Live weight;289000
2018;IE;Ireland;Bivalves and other molluscs and aquatic invertebrates;Molluscs and aquatic invertebrates, other;INV;Aquatic invertebrates nei;57000;Live weight;307000
2018;IE;Ireland;Bivalves and other molluscs and aquatic invertebrates;Mussel Mytilus spp;MUS;Blue mussel;13889000;Live weight;11964000
2018;IE;Ireland;Bivalves and other molluscs and aquatic invertebrates;Oyster;OYF;European flat oyster;250000;Live weight;1380000
2018;IE;Ireland;Bivalves and other molluscs and aquatic invertebrates;Oyster;OYG;Pacific cupped oyster;8385000;Live weight;36726000
2018;IE;Ireland;Salmonids;Salmon;SAL;Atlantic salmon;11984000;Live weight;114519000
2018;IE;Ireland;Miscellaneous aquatic products;Seaweed and other algae;SWX;Seaweeds nei;40000;Live weight;40000
2018;IT;Italy;Salmonids;Other salmonids;ACH;Arctic char;22000;Live weight;114000
2018;IT;Italy;Crustaceans;Freshwater crayfish;AUP;White-clawed crayfish;8000;Live weight;135000
2018;IT;Italy;Other marine fish;Seabass, European;BSS;European seabass;5738000;Live weight;45786000
2018;IT;Italy;Salmonids;Other salmonids;CHR;Chars nei;0;Live weight;2000
2018;IT;Italy;Bivalves and other molluscs and aquatic invertebrates;Clam;CLJ;Japanese carpet shell;30991000;Live weight;159851000
2018;IT;Italy;Crustaceans;Shrimp, miscellaneous;CPR;Common prawn;0;Live weight;2000
2018;IT;Italy;Bivalves and other molluscs and aquatic invertebrates;Clam;CTG;Grooved carpet shell;65000;Live weight;777000
2018;IT;Italy;Freshwater fish;Eel;ELE;European eel;510000;Live weight;5419000
2018;IT;Italy;Freshwater fish;Carp;FCC;Crucian carp;9000;Live weight;18000
2018;IT;Italy;Freshwater fish;Carp;FCG;Grass carp(=White amur);8000;Live weight;32000
2018;IT;Italy;Freshwater fish;Carp;FCP;Common carp;155000;Live weight;785000
2018;IT;Italy;Freshwater fish;Other freshwater fish;FCY;Cyprinids nei;7000;Live weight;42000
2018;IT;Italy;Freshwater fish;Other freshwater fish;FPE;European perch;2000;Live weight;30000
2018;IT;Italy;Freshwater fish;Other freshwater fish;FTE;Tench;18000;Live weight;161000
2018;IT;Italy;Freshwater fish;Other freshwater fish;ITM;Black bullhead;87000;Live weight;508000
2018;IT;Italy;Freshwater fish;Freshwater catfish;ITP;Channel catfish;51000;Live weight;235000
2018;IT;Italy;Crustaceans;Shrimp, warmwater;KUP;Kuruma prawn;5000;Live weight;90000
2018;IT;Italy;Other marine fish;Other marine fish;MGR;Meagre;75000;Live weight;677000
2018;IT;Italy;Other marine fish;Other marine fish;MGS; ;156000;Live weight;611000
2018;IT;Italy;Freshwater fish;Other freshwater fish;MPS;Largemouth black bass;64000;Live weight;404000
2018;IT;Italy;Bivalves and other molluscs and aquatic invertebrates;Mussel Mytilus spp;MSM;Mediterranean mussel;61415000;Live weight;53491000
2018;IT;Italy;Other marine fish;Other marine fish;MUL;Mullets nei;75000;Live weight;573000
2018;IT;Italy;Bivalves and other molluscs and aquatic invertebrates;Oyster;OYG;Pacific cupped oyster;80000;Live weight;412000
2018;IT;Italy;Other marine fish;Seabream, gilthead;SBG;Gilthead seabream;7316000;Live weight;55783000
2018;IT;Italy;Freshwater fish;Other freshwater fish;SBH;Striped bass, hybrid;358000;Live weight;2151000
2018;IT;Italy;Other marine fish;Seabream, other;SBX;Porgies, seabreams nei;6000;Live weight;59000
2018;IT;Italy;Flatfish;Sole, common;SOL;Common sole;8000;Live weight;75000
2018;IT;Italy;Freshwater fish;Other freshwater fish;STU;Sturgeons nei;1179000;Live weight;9772000
2018;IT;Italy;Freshwater fish;Carp;SVC;Silver carp;11000;Live weight;33000
2018;IT;Italy;Salmonids;Trout;SVF;Brook trout;461000;Live weight;2028000
2018;IT;Italy;Other marine fish;Seabream, other;SWA;White seabream;3000;Live weight;29000
2018;IT;Italy;Freshwater fish;Tilapia;TLP;Tilapias nei;18000;Live weight;72000
2018;IT;Italy;Salmonids;Trout;TRO;Trouts nei;352000;Live weight;2247000
2018;IT;Italy;Salmonids;Trout;TRR;Rainbow trout;32826000;Live weight;94365000
2018;IT;Italy;Salmonids;Trout;TRS;Sea trout;648000;Live weight;2370000
2018;LV;Latvia;Freshwater fish;Freshwater catfish;CLZ;North African catfish;133000;Live weight;181000
2018;LV;Latvia;Freshwater fish;Carp;FCC;Crucian carp;8000;Live weight;11000
2018;LV;Latvia;Freshwater fish;Carp;FCP;Common carp;489000;Live weight;1146000
2018;LV;Latvia;Freshwater fish;Pike;FPI;Northern pike;8000;Live weight;24000
2018;LV;Latvia;Freshwater fish;Pike-perch;FPP;Pike-perch;1000;Live weight;5000
2018;LV;Latvia;Freshwater fish;Other freshwater fish;FRF;Freshwater fishes nei;164000;Live weight;233000
2018;LV;Latvia;Freshwater fish;Other freshwater fish;FTE;Tench;6000;Live weight;20000
2018;LV;Latvia;Freshwater fish;Other freshwater fish;STU;Sturgeons nei;40000;Live weight;254000
2018;LV;Latvia;Salmonids;Trout;TRR;Rainbow trout;113000;Live weight;320000
2018;MT;Malta;Tuna and tuna-like species;Tuna, bluefin;BFT;Atlantic bluefin tuna;17326000;Live weight;228583000
2018;MT;Malta;Other marine fish;Seabass, European;BSS;European seabass;77000;Live weight;522000
2018;MT;Malta;Other marine fish;Other marine fish;MZZ;Marine fishes nei;110000;Live weight;3122000
2018;MT;Malta;Other marine fish;Seabream, gilthead;SBG;Gilthead seabream;1779000;Live weight;10456000
2018;NL;Netherlands;Freshwater fish;Freshwater catfish;CLZ;North African catfish;2470000;Live weight;3952000
2018;NL;Netherlands;Freshwater fish;Eel;ELE;European eel;2150000;Live weight;22575000
2018;NL;Netherlands;Bivalves and other molluscs and aquatic invertebrates;Mussel Mytilus spp;MUS;Blue mussel;45482000;Live weight;51577000
2018;NL;Netherlands;Other marine fish;Other marine fish;MZZ;Marine fishes nei;351000;Live weight;3700000
2018;NL;Netherlands;Bivalves and other molluscs and aquatic invertebrates;Oyster;OYC;Cupped oysters nei;2232000;Live weight;10336000
2018;NL;Netherlands;Bivalves and other molluscs and aquatic invertebrates;Oyster;OYF;European flat oyster;319000;Live weight;3411000
2018;PL;Poland;Freshwater fish;Other freshwater fish;ASU;Asp;0;Live weight;0
2018;PL;Poland;Crustaceans;Freshwater crayfish;AYS;Euro-American crayfishes nei;0;Live weight;8000
2018;PL;Poland;Freshwater fish;Carp;BIC;Bighead carp;536000;Live weight;603000
2018;PL;Poland;Salmonids;Other salmonids;CHR;Chars nei;1543000;Live weight;5369000
2018;PL;Poland;Freshwater fish;Freshwater catfish;CLZ;North African catfish;314000;Live weight;865000
2018;PL;Poland;Freshwater fish;Carp;CWG;Prussian carp;202000;Live weight;268000
2018;PL;Poland;Freshwater fish;Eel;ELE;European eel;2000;Live weight;90000
2018;PL;Poland;Freshwater fish;Other freshwater fish;FBM;Freshwater bream;4000;Live weight;6000
2018;PL;Poland;Freshwater fish;Other freshwater fish;FBU;Burbot;0;Live weight;0
2018;PL;Poland;Freshwater fish;Carp;FCG;Grass carp(=White amur);492000;Live weight;1204000
2018;PL;Poland;Freshwater fish;Carp;FCP;Common carp;16478000;Live weight;41297000
2018;PL;Poland;Freshwater fish;Other freshwater fish;FID;Orfe(=Ide);13000;Live weight;28000
2018;PL;Poland;Freshwater fish;Other freshwater fish;FPE;European perch;6000;Live weight;15000
2018;PL;Poland;Freshwater fish;Pike;FPI;Northern pike;195000;Live weight;921000
2018;PL;Poland;Freshwater fish;Pike-perch;FPP;Pike-perch;30000;Live weight;229000
2018;PL;Poland;Freshwater fish;Other freshwater fish;FRF;Freshwater fishes nei;2000;Live weight;3000
2018;PL;Poland;Freshwater fish;Other freshwater fish;FRO;Roach;12000;Live weight;16000
2018;PL;Poland;Freshwater fish;Other freshwater fish;FRX;Roaches nei;0;Live weight;0
2018;PL;Poland;Freshwater fish;Other freshwater fish;FSI;Freshwater siluroids nei;4000;Live weight;9000
2018;PL;Poland;Freshwater fish;Other freshwater fish;FTE;Tench;195000;Live weight;656000
2018;PL;Poland;Salmonids;Other salmonids;FVE;Vendace;0;Live weight;0
2018;PL;Poland;Freshwater fish;Other freshwater fish;LUH;Chub;0;Live weight;0
2018;PL;Poland;Salmonids;Other salmonids;PLN;European whitefish;3000;Live weight;22000
2018;PL;Poland;Freshwater fish;Other freshwater fish;PTB;Barbel;0;Live weight;1000
2018;PL;Poland;Salmonids;Salmon;SAL;Atlantic salmon;493000;Live weight;2775000
2018;PL;Poland;Freshwater fish;Freshwater catfish;SOM;Wels(=Som)catfish;109000;Live weight;524000
2018;PL;Poland;Freshwater fish;Other freshwater fish;STU;Sturgeons nei;659000;Live weight;3866000
2018;PL;Poland;Freshwater fish;Carp;SVC;Silver carp;101000;Live weight;146000
2018;PL;Poland;Salmonids;Trout;SVF;Brook trout;479000;Live weight;1575000
2018;PL;Poland;Salmonids;Trout;TRO;Trouts nei;17000;Live weight;106000
2018;PL;Poland;Salmonids;Trout;TRR;Rainbow trout;14902000;Live weight;43957000
2018;PL;Poland;Salmonids;Trout;TRS;Sea trout;13000;Live weight;109000
2018;RO;Romania;Freshwater fish;Carp;BIC;Bighead carp;2548000;Live weight;2190000
2018;RO;Romania;Freshwater fish;Other freshwater fish;FBM;Freshwater bream;25000;Live weight;37000
2018;RO;Romania;Freshwater fish;Carp;FCC;Crucian carp;730000;Live weight;627000
2018;RO;Romania;Freshwater fish;Carp;FCG;Grass carp(=White amur);164000;Live weight;282000
2018;RO;Romania;Freshwater fish;Carp;FCP;Common carp;4357000;Live weight;18722000
2018;RO;Romania;Freshwater fish;Other freshwater fish;FPE;European perch;1000;Live weight;2000
2018;RO;Romania;Freshwater fish;Pike;FPI;Northern pike;17000;Live weight;38000
2018;RO;Romania;Freshwater fish;Pike-perch;FPP;Pike-perch;62000;Live weight;148000
2018;RO;Romania;Freshwater fish;Other freshwater fish;FRF;Freshwater fishes nei;134000;Live weight;245000
2018;RO;Romania;Freshwater fish;Other freshwater fish;FRX;Roaches nei;15000;Live weight;31000
2018;RO;Romania;Freshwater fish;Other freshwater fish;PAM;Mississippi paddlefish;2000;Live weight;8000
2018;RO;Romania;Freshwater fish;Freshwater catfish;SOM;Wels(=Som)catfish;28000;Live weight;71000
2018;RO;Romania;Freshwater fish;Other freshwater fish;STU;Sturgeons nei;51000;Live weight;437000
2018;RO;Romania;Freshwater fish;Carp;SVC;Silver carp;1692000;Live weight;2116000
2018;RO;Romania;Salmonids;Trout;SVF;Brook trout;212000;Live weight;829000
2018;RO;Romania;Salmonids;Trout;TRR;Rainbow trout;2251000;Live weight;7739000
2018;RO;Romania;Salmonids;Trout;TRS;Sea trout;11000;Live weight;37000
2018;SE;Sweden;Freshwater fish;Eel;ELE;European eel;99000;Live weight;676000
2018;SE;Sweden;Bivalves and other molluscs and aquatic invertebrates;Mussel Mytilus spp;MUS;Blue mussel;1986000;Live weight;561000
2018;SE;Sweden;Salmonids;Trout;TRR;Rainbow trout;9586000;Live weight;39975000
2018;SI;Slovenia;Other marine fish;Seabass, European;BSS;European seabass;80000;Live weight;496000
2018;SI;Slovenia;Bivalves and other molluscs and aquatic invertebrates;Clam;CLX;Clams, etc. nei;5000;Live weight;55000
2018;SI;Slovenia;Freshwater fish;Carp;FCP;Common carp;109000;Live weight;240000
2018;SI;Slovenia;Freshwater fish;Other freshwater fish;FCY;Cyprinids nei;4000;Live weight;9000
2018;SI;Slovenia;Freshwater fish;Pike;FPI;Northern pike;6000;Live weight;63000
2018;SI;Slovenia;Freshwater fish;Pike-perch;FPP;Pike-perch;2000;Live weight;24000
2018;SI;Slovenia;Bivalves and other molluscs and aquatic invertebrates;Mussel Mytilus spp;MSM;Mediterranean mussel;579000;Live weight;365000
2018;SI;Slovenia;Salmonids;Trout;TRR;Rainbow trout;964000;Live weight;4099000
2018;SI;Slovenia;Salmonids;Trout;TRS;Sea trout;14000;Live weight;116000
2018;SK;Slovakia;Freshwater fish;Freshwater catfish;CLZ;North African catfish;832000;Live weight;1636000
2018;SK;Slovakia;Freshwater fish;Carp;FCP;Common carp;340000;Live weight;803000
2018;SK;Slovakia;Freshwater fish;Other freshwater fish;FRF;Freshwater fishes nei;61000;Live weight;273000
2018;SK;Slovakia;Salmonids;Trout;TRR;Rainbow trout;1014000;Live weight;2811000
2018;UK;United Kingdom;Salmonids;Other salmonids;ACH;Arctic char;6000;Live weight;38000
2018;UK;United Kingdom;Freshwater fish;Carp;FCP;Common carp;3000;Live weight;48000
2018;UK;United Kingdom;Bivalves and other molluscs and aquatic invertebrates;Mussel, other;MSX;Sea mussels nei;14247000;Live weight;18079000
2018;UK;United Kingdom;Other marine fish;Other marine fish;MZZ;Marine fishes nei;85000;Live weight;1182000
2018;UK;United Kingdom;Bivalves and other molluscs and aquatic invertebrates;Oyster;OYF;European flat oyster;19000;Live weight;123000
2018;UK;United Kingdom;Bivalves and other molluscs and aquatic invertebrates;Oyster;OYG;Pacific cupped oyster;2220000;Live weight;7847000
2018;UK;United Kingdom;Bivalves and other molluscs and aquatic invertebrates;Scallop;QSC;Queen scallop;1000;Live weight;4000
2018;UK;United Kingdom;Salmonids;Salmon;SAL;Atlantic salmon;156025000;Live weight;992891000
2018;UK;United Kingdom;Bivalves and other molluscs and aquatic invertebrates;Scallop;SCE;Great Atlantic scallop;4000;Live weight;69000
2018;UK;United Kingdom;Salmonids;Other salmonids;SLZ;Salmonids nei;608000;Live weight;5892000
2018;UK;United Kingdom;Salmonids;Trout;TRR;Rainbow trout;11859000;Live weight;50225000
2018;UK;United Kingdom;Salmonids;Trout;TRS;Sea trout;219000;Live weight;2206000
2018;EL;Greece;Other marine fish;Seabass, European;BSS;European seabass;46911000;Live weight;238896000
2018;EL;Greece;Other marine fish;Other marine fish;COB;Shi drum;115000;Live weight;622000
2018;EL;Greece;Crustaceans;Crab;CRA;Marine crabs nei;72000;Live weight;61000
2018;EL;Greece;Freshwater fish;Eel;ELE;European eel;391000;Live weight;2740000
2018;EL;Greece;Other marine fish;Other marine fish;MGR;Meagre;1639000;Live weight;10206000
2018;EL;Greece;Bivalves and other molluscs and aquatic invertebrates;Molluscs and aquatic invertebrates, other;MOL;Marine molluscs nei;95000;Live weight;400000
2018;EL;Greece;Bivalves and other molluscs and aquatic invertebrates;Mussel Mytilus spp;MSM;Mediterranean mussel;21916000;Live weight;7743000
2018;EL;Greece;Other marine fish;Other marine fish;MUF;Flathead grey mullet;345000;Live weight;551000
2018;EL;Greece;Other marine fish;Other marine fish;MZZ;Marine fishes nei;160000;Live weight;338000
2018;EL;Greece;Other marine fish;Seabream, other;RPG;Red porgy;2202000;Live weight;14926000
2018;EL;Greece;Other marine fish;Seabream, gilthead;SBG;Gilthead seabream;56203000;Live weight;251118000
2018;EL;Greece;Other marine fish;Seabream, other;SHR;Sharpsnout seabream;55000;Live weight;342000
2018;EL;Greece;Flatfish;Sole, common;SOL;Common sole;2000;Live weight;8000
2018;EL;Greece;Freshwater fish;Other freshwater fish;STU;Sturgeons nei;13000;Live weight;42000
2018;EL;Greece;Other marine fish;Seabream, other;SWA;White seabream;1000;Live weight;3000
2018;EL;Greece;Miscellaneous aquatic products;Seaweed and other algae;SWX;Seaweeds nei;130000;Live weight;1309000
2018;EL;Greece;Salmonids;Trout;TRR;Rainbow trout;2127000;Live weight;6768000
2018;ES;Spain;Other marine fish;Other marine fish;AMB;Greater amberjack;56000;Live weight;759000
2018;ES;Spain;Tuna and tuna-like species;Tuna, bluefin;BFT;Atlantic bluefin tuna;7636000;Live weight;137869000
2018;ES;Spain;Other marine fish;Seabass, European;BSS;European seabass;22526000;Live weight;147320000
2018;ES;Spain;Bivalves and other molluscs and aquatic invertebrates;Clam;CLJ;Japanese carpet shell;868000;Live weight;7785000
2018;ES;Spain;Bivalves and other molluscs and aquatic invertebrates;Clam;COC;Common edible cockle;256000;Live weight;1191000
2018;ES;Spain;Bivalves and other molluscs and aquatic invertebrates;Clam;CTG;Grooved carpet shell;59000;Live weight;859000
2018;ES;Spain;Freshwater fish;Eel;ELE;European eel;348000;Live weight;3504000
2018;ES;Spain;Freshwater fish;Other freshwater fish;FTE;Tench;13000;Live weight;98000
2018;ES;Spain;Other marine fish;Other marine fish;MGR;Meagre;4020000;Live weight;20183000
2018;ES;Spain;Other marine fish;Other marine fish;MGS; ;46000;Live weight;181000
2018;ES;Spain;Bivalves and other molluscs and aquatic invertebrates;Mussel Mytilus spp;MSM;Mediterranean mussel;242725000;Live weight;134077000
2018;ES;Spain;Flatfish;Sole, other;OAL;Senegalese sole;901000;Live weight;10307000
2018;ES;Spain;Bivalves and other molluscs and aquatic invertebrates;Oyster;OYF;European flat oyster;334000;Live weight;1768000
2018;ES;Spain;Bivalves and other molluscs and aquatic invertebrates;Oyster;OYG;Pacific cupped oyster;785000;Live weight;2389000
2018;ES;Spain;Crustaceans;Shrimp, miscellaneous;PVR;Atlantic ditch shrimp;239000;Live weight;1131000
2018;ES;Spain;Other marine fish;Seabream, gilthead;SBG;Gilthead seabream;13662000;Live weight;69279000
2018;ES;Spain;Other marine fish;Seabream, other;SBR;Blackspot(=red) seabream;114000;Live weight;1220000
2018;ES;Spain;Salmonids;Trout;TRR;Rainbow trout;16002000;Live weight;51160000
2018;ES;Spain;Flatfish;Turbot;TUR;Turbot;7858000;Live weight;54932000
2018;ES;Spain;Bivalves and other molluscs and aquatic invertebrates;Clam;VUC;Corrugated venus;148000;Live weight;1807000
2018;FR;France;Freshwater fish;Carp;FCG;Grass carp(=White amur);53000;Live weight;291000
2018;FR;France;Freshwater fish;Carp;FCP;Common carp;1417000;Live weight;4515000
2018;FR;France;Bivalves and other molluscs and aquatic invertebrates;Clam;CLJ;Japanese carpet shell;1045000;Live weight;7853000
2018;FR;France;Bivalves and other molluscs and aquatic invertebrates;Clam;CLX;Clams, etc. nei;768000;Live weight;3534000
2018;FR;France;Bivalves and other molluscs and aquatic invertebrates;Clam;COC;Common edible cockle;1481000;Live weight;4121000
2018;FR;France;Bivalves and other molluscs and aquatic invertebrates;Mussel Mytilus spp;MSM;Mediterranean mussel;4652000;Live weight;7921000
2018;FR;France;Bivalves and other molluscs and aquatic invertebrates;Mussel Mytilus spp;MUS;Blue mussel;44192000;Live weight;93141000
2018;FR;France;Freshwater fish;Other freshwater fish;FPE;European perch;75000;Live weight;314000
2018;FR;France;Freshwater fish;Other freshwater fish;FRF;Freshwater fishes nei;147000;Live weight;574000
2018;FR;France;Freshwater fish;Other freshwater fish;FRX;Roaches nei;1151000;Live weight;4574000
2018;FR;France;Freshwater fish;Other freshwater fish;FTE;Tench;267000;Live weight;1020000
2018;FR;France;Freshwater fish;Other freshwater fish;MPS;Largemouth black bass;46000;Live weight;259000
2018;FR;France;Freshwater fish;Other freshwater fish;STU;Sturgeons nei;289000;Live weight;809000
2018;FR;France;Other marine fish;Other marine fish;MGR;Meagre;251000;Live weight;2257000
2018;FR;France;Other marine fish;Other marine fish;MZZ;Marine fishes nei;862000;Live weight;9901000
2018;FR;France;Salmonids;Other salmonids;SLX;Salmonoids nei;422000;Live weight;3049000
2018;FR;France;Bivalves and other molluscs and aquatic invertebrates;Oyster;OYF;European flat oyster;721000;Live weight;5765000
2018;FR;France;Bivalves and other molluscs and aquatic invertebrates;Oyster;OYG;Pacific cupped oyster;92225000;Live weight;374265000
2018;FR;France;Freshwater fish;Pike;FPI;Northern pike;244000;Live weight;955000
2018;FR;France;Freshwater fish;Pike-perch;FPP;Pike-perch;109000;Live weight;437000
2018;FR;France;Other marine fish;Seabass, European;BSS;European seabass;1722000;Live weight;14624000
2018;FR;France;Other marine fish;Seabream, gilthead;SBG;Gilthead seabream;1608000;Live weight;13749000
2018;FR;France;Miscellaneous aquatic products;Seaweed and other algae;HQW;Unicell. Chlorella green alga;2000;Live weight;26000
2018;FR;France;Miscellaneous aquatic products;Seaweed and other algae;LQX;Sea belt;45000;Live weight;103000
2018;FR;France;Miscellaneous aquatic products;Seaweed and other algae;SIZ;Spirulina nei;254000;Live weight;7600000
2018;FR;France;Miscellaneous aquatic products;Seaweed and other algae;SWX;Seaweeds nei;25000;Live weight;1030000
2018;FR;France;Miscellaneous aquatic products;Seaweed and other algae;UDP;Wakame;68000;Live weight;155000
2018;FR;France;Crustaceans;Shrimp, warmwater;KUP;Kuruma prawn;44000;Live weight;968000
2018;FR;France;Salmonids;Trout;TRR;Rainbow trout;33150000;Live weight;118897000
2018;FR;France;Salmonids;Trout;TRS;Sea trout;992000;Live weight;6207000
2018;LT;Lithuania;Freshwater fish;Carp;BIC;Bighead carp;110000;Live weight;351000
2018;LT;Lithuania;Freshwater fish;Freshwater catfish;CLZ;North African catfish;217000;Live weight;920000
2018;LT;Lithuania;Freshwater fish;Carp;FCC;Crucian carp;14000;Live weight;29000
2018;LT;Lithuania;Freshwater fish;Carp;FCG;Grass carp(=White amur);23000;Live weight;75000
2018;LT;Lithuania;Freshwater fish;Carp;FCP;Common carp;2701000;Live weight;7441000
2018;LT;Lithuania;Freshwater fish;Pike;FPI;Northern pike;10000;Live weight;42000
2018;LT;Lithuania;Freshwater fish;Other freshwater fish;FRF;Freshwater fishes nei;106000;Live weight;891000
2018;LT;Lithuania;Freshwater fish;Other freshwater fish;FTE;Tench;5000;Live weight;17000
2018;LT;Lithuania;Freshwater fish;Other freshwater fish;STU;Sturgeons nei;153000;Live weight;999000
2018;LT;Lithuania;Salmonids;Trout;TRR;Rainbow trout;111000;Live weight;473000
2018;PT;Portugal;Other marine fish;Seabass, European;BSS;European seabass;456000;Live weight;4014000
2018;PT;Portugal;Bivalves and other molluscs and aquatic invertebrates;Clam;COC;Common edible cockle;204000;Live weight;134000
2018;PT;Portugal;Bivalves and other molluscs and aquatic invertebrates;Clam;CTG;Grooved carpet shell;3923000;Live weight;50807000
2018;PT;Portugal;Bivalves and other molluscs and aquatic invertebrates;Clam;CTS;Pullet carpet shell;32000;Live weight;159000
2018;PT;Portugal;Freshwater fish;Eel;ELE;European eel;12000;Live weight;121000
2018;PT;Portugal;Other marine fish;Other marine fish;MGR;Meagre;33000;Live weight;367000
2018;PT;Portugal;Other marine fish;Other marine fish;MGS; ;2000;Live weight;6000
2018;PT;Portugal;Bivalves and other molluscs and aquatic invertebrates;Mussel Mytilus spp;MYV;Mytilus mussels nei;304000;Live weight;226000
2018;PT;Portugal;Bivalves and other molluscs and aquatic invertebrates;Oyster;OYC;Cupped oysters nei;1093000;Live weight;3555000
2018;PT;Portugal;Bivalves and other molluscs and aquatic invertebrates;Oyster;OYF;European flat oyster;0;Live weight;1000
2018;PT;Portugal;Bivalves and other molluscs and aquatic invertebrates;Oyster;OYG;Pacific cupped oyster;1096000;Live weight;5748000
2018;PT;Portugal;Crustaceans;Shrimp, miscellaneous;PVR;Atlantic ditch shrimp;18000;Live weight;83000
2018;PT;Portugal;Bivalves and other molluscs and aquatic invertebrates;Scallop;QSC;Queen scallop;1000;Live weight;1000
2018;PT;Portugal;Bivalves and other molluscs and aquatic invertebrates;Clam;RAE;European razor clam;11000;Live weight;67000
2018;PT;Portugal;Other marine fish;Seabream, gilthead;SBG;Gilthead seabream;1081000;Live weight;6335000
2018;PT;Portugal;Flatfish;Sole, common;SOL;Common sole;121000;Live weight;1586000
2018;PT;Portugal;Other marine fish;Seabream, other;SWA;White seabream;2000;Live weight;7000
2018;PT;Portugal;Miscellaneous aquatic products;Seaweed and other algae;SWG;Green seaweeds;32000;Live weight;261000
2018;PT;Portugal;Salmonids;Trout;TRO;Trouts nei;282000;Live weight;847000
2018;PT;Portugal;Salmonids;Trout;TRR;Rainbow trout;380000;Live weight;980000
2018;PT;Portugal;Flatfish;Turbot;TUR;Turbot;2663000;Live weight;21451000
2018;PT;Portugal;Bivalves and other molluscs and aquatic invertebrates;Clam;VNA;Golden carpet shell;20000;Live weight;68000
2018;PT;Portugal;Bivalves and other molluscs and aquatic invertebrates;Mussel, other;MSX;Sea mussels nei;1746000;Live weight;1746000
2018;AT;Austria;Salmonids;Other salmonids;ACH;Arctic char;272000;Live weight;2574000
2018;AT;Austria;Freshwater fish;Carp;BIC;Bighead carp;0;Live weight;1000
2018;AT;Austria;Salmonids;Other salmonids;CHR;Chars nei;299000;Live weight;2851000
2018;AT;Austria;Freshwater fish;Freshwater catfish;CLZ;North African catfish;421000;Live weight;1327000
2018;AT;Austria;Freshwater fish;Carp;FCG;Grass carp(=White amur);36000;Live weight;165000
2018;AT;Austria;Freshwater fish;Carp;FCP;Common carp;647000;Live weight;2381000
2018;AT;Austria;Freshwater fish;Other freshwater fish;FCY;Cyprinids nei;5000;Live weight;20000
2018;AT;Austria;Freshwater fish;Pike;FPI;Northern pike;6000;Live weight;83000
2018;AT;Austria;Freshwater fish;Pike-perch;FPP;Pike-perch;10000;Live weight;187000
2018;AT;Austria;Freshwater fish;Other freshwater fish;FRO;Roach;3000;Live weight;13000
2018;AT;Austria;Freshwater fish;Other freshwater fish;FTE;Tench;4000;Live weight;28000
2018;AT;Austria;Salmonids;Salmon;HUC;Huchen;10000;Live weight;174000
2018;AT;Austria;Freshwater fish;Freshwater catfish;SOM;Wels(=Som)catfish;5000;Live weight;63000
2018;AT;Austria;Freshwater fish;Other freshwater fish;SRE;Rudd;2000;Live weight;9000
2018;AT;Austria;Freshwater fish;Other freshwater fish;STU;Sturgeons nei;14000;Live weight;188000
2018;AT;Austria;Freshwater fish;Carp;SVC;Silver carp;19000;Live weight;17000
2018;AT;Austria;Salmonids;Trout;SVF;Brook trout;511000;Live weight;3394000
2018;AT;Austria;Salmonids;Other salmonids;TLV;Grayling;2000;Live weight;30000
2018;AT;Austria;Salmonids;Trout;TRR;Rainbow trout;1358000;Live weight;8877000
2018;AT;Austria;Salmonids;Trout;TRS;Sea trout;461000;Live weight;3180000
2018;BE;Belgium;Freshwater fish;Other freshwater fish;FRF;Freshwater fishes nei;111000;Live weight;841000
2018;BG;Bulgaria;Freshwater fish;Other freshwater fish;APR;Sterlet sturgeon;0;Live weight;1000
2018;BG;Bulgaria;Freshwater fish;Other freshwater fish;ALR;Bleak;1000;Live weight;1000
2018;BG;Bulgaria;Freshwater fish;Other freshwater fish;APB;Siberian sturgeon;15000;Live weight;101000
2018;BG;Bulgaria;Freshwater fish;Other freshwater fish;APE;Starry sturgeon;1000;Live weight;7000
2018;BG;Bulgaria;Freshwater fish;Other freshwater fish;APG;Danube sturgeon(=Osetr);177000;Live weight;942000
2017;BG;Bulgaria;Freshwater fish;Other freshwater fish;CGO;Goldfish;221000;Live weight;104000
2017;BG;Bulgaria;Freshwater fish;Other freshwater fish;BKC;Black carp;0;Live weight;1000
2017;BG;Bulgaria;Freshwater fish;Carp;BIC;Bighead carp;1663000;Live weight;1802000
2017;BG;Bulgaria;Freshwater fish;Other freshwater fish;APG;Danube sturgeon(=Osetr);60000;Live weight;321000
2017;BG;Bulgaria;Freshwater fish;Other freshwater fish;APE;Starry sturgeon;1000;Live weight;4000
2017;BG;Bulgaria;Freshwater fish;Other freshwater fish;APB;Siberian sturgeon;53000;Live weight;381000
2017;BG;Bulgaria;Freshwater fish;Other freshwater fish;ALR;Bleak;1000;Live weight;1000
2017;BG;Bulgaria;Freshwater fish;Other freshwater fish;APR;Sterlet sturgeon;0;Live weight;0
2017;BE;Belgium;Freshwater fish;Other freshwater fish;FRF;Freshwater fishes nei;75000;Live weight;683000
2017;AT;Austria;Salmonids;Trout;TRS;Sea trout;397000;Live weight;2573000
2017;AT;Austria;Salmonids;Trout;TRR;Rainbow trout;1303000;Live weight;8651000
2017;AT;Austria;Salmonids;Other salmonids;TLV;Grayling;2000;Live weight;24000
2017;AT;Austria;Salmonids;Trout;SVF;Brook trout;551000;Live weight;3616000
2017;AT;Austria;Freshwater fish;Carp;SVC;Silver carp;16000;Live weight;14000
2017;AT;Austria;Freshwater fish;Other freshwater fish;STU;Sturgeons nei;11000;Live weight;142000
2017;AT;Austria;Freshwater fish;Other freshwater fish;SRE;Rudd;2000;Live weight;9000
2017;AT;Austria;Freshwater fish;Freshwater catfish;SOM;Wels(=Som)catfish;5000;Live weight;56000
2017;AT;Austria;Salmonids;Other salmonids;SLX;Salmonoids nei;201000;Live weight;1600000
2017;AT;Austria;Salmonids;Salmon;HUC;Huchen;15000;Live weight;242000
2017;AT;Austria;Freshwater fish;Other freshwater fish;FTE;Tench;8000;Live weight;53000
2017;AT;Austria;Freshwater fish;Other freshwater fish;FRO;Roach;4000;Live weight;14000
2017;AT;Austria;Freshwater fish;Pike-perch;FPP;Pike-perch;9000;Live weight;164000
2017;AT;Austria;Freshwater fish;Pike;FPI;Northern pike;6000;Live weight;83000
2017;AT;Austria;Freshwater fish;Other freshwater fish;FCY;Cyprinids nei;4000;Live weight;18000
2017;AT;Austria;Freshwater fish;Carp;FCP;Common carp;620000;Live weight;2296000
2017;AT;Austria;Freshwater fish;Carp;FCG;Grass carp(=White amur);30000;Live weight;128000
2017;AT;Austria;Freshwater fish;Freshwater catfish;CLZ;North African catfish;445000;Live weight;1215000
2017;AT;Austria;Freshwater fish;Carp;BIC;Bighead carp;0;Live weight;1000
2017;AT;Austria;Salmonids;Other salmonids;ACH;Arctic char;237000;Live weight;2477000
2017;UK;United Kingdom;Freshwater fish;Tilapia;TLN;Nile tilapia;1000;Live weight;5000
2017;UK;United Kingdom;Salmonids;Trout;TRR;Rainbow trout;13041000;Live weight;43960000
2017;UK;United Kingdom;Salmonids;Trout;TRS;Sea trout;270000;Live weight;2324000
2017;UK;United Kingdom;Salmonids;Other salmonids;SLZ;Salmonids nei;623000;Live weight;5015000
2017;UK;United Kingdom;Bivalves and other molluscs and aquatic invertebrates;Scallop;SCE;Great Atlantic scallop;6000;Live weight;105000
2017;UK;United Kingdom;Salmonids;Salmon;SAL;Atlantic salmon;189707000;Live weight;1198828000
2017;UK;United Kingdom;Bivalves and other molluscs and aquatic invertebrates;Scallop;QSC;Queen scallop;11000;Live weight;38000
2017;UK;United Kingdom;Bivalves and other molluscs and aquatic invertebrates;Oyster;OYG;Pacific cupped oyster;2294000;Live weight;8682000
2017;UK;United Kingdom;Bivalves and other molluscs and aquatic invertebrates;Oyster;OYF;European flat oyster;23000;Live weight;165000
2017;UK;United Kingdom;Other marine fish;Other marine fish;MZZ;Marine fishes nei;77000;Live weight;1080000
2017;UK;United Kingdom;Bivalves and other molluscs and aquatic invertebrates;Mussel, other;MSX;Sea mussels nei;16178000;Live weight;22388000
2017;UK;United Kingdom;Freshwater fish;Other freshwater fish;FCY;Cyprinids nei;3000;Live weight;44000
2017;UK;United Kingdom;Salmonids;Other salmonids;ACH;Arctic char;15000;Live weight;93000
2017;SK;Slovakia;Salmonids;Trout;TRR;Rainbow trout;1024000;Live weight;2729000
2017;SK;Slovakia;Freshwater fish;Other freshwater fish;FRF;Freshwater fishes nei;96000;Live weight;176000
2017;SK;Slovakia;Freshwater fish;Carp;FCP;Common carp;556000;Live weight;1223000
2017;SK;Slovakia;Freshwater fish;Freshwater catfish;CLZ;North African catfish;932000;Live weight;1985000
2017;SI;Slovenia;Salmonids;Trout;TRS;Sea trout;11000;Live weight;57000
2017;SI;Slovenia;Salmonids;Trout;TRR;Rainbow trout;737000;Live weight;2654000
2017;SI;Slovenia;Salmonids;Other salmonids;SLZ;Salmonids nei;82000;Live weight;467000
2017;SI;Slovenia;Bivalves and other molluscs and aquatic invertebrates;Mussel Mytilus spp;MSM;Mediterranean mussel;641000;Live weight;340000
2017;SI;Slovenia;Freshwater fish;Pike-perch;FPP;Pike-perch;1000;Live weight;18000
2017;SI;Slovenia;Freshwater fish;Pike;FPI;Northern pike;5000;Live weight;55000
2017;SI;Slovenia;Freshwater fish;Other freshwater fish;FCY;Cyprinids nei;3000;Live weight;7000
2017;SI;Slovenia;Freshwater fish;Carp;FCP;Common carp;123000;Live weight;284000
2017;SI;Slovenia;Bivalves and other molluscs and aquatic invertebrates;Clam;CLX;Clams, etc. nei;5000;Live weight;55000
2017;SI;Slovenia;Other marine fish;Seabass, European;BSS;European seabass;80000;Live weight;495000
2017;SE;Sweden;Salmonids;Trout;TRS;Sea trout;2000;Live weight;15000
2017;SE;Sweden;Salmonids;Trout;TRR;Rainbow trout;11361000;Live weight;44304000
2017;SE;Sweden;Bivalves and other molluscs and aquatic invertebrates;Mussel Mytilus spp;MUS;Blue mussel;2014000;Live weight;1244000
2017;SE;Sweden;Freshwater fish;Eel;ELE;European eel;105000;Live weight;1017000
2017;SE;Sweden;Crustaceans;Freshwater crayfish;AYS;Euro-American crayfishes nei;1000;Live weight;29000
2017;SE;Sweden;Salmonids;Other salmonids;ACH;Arctic char;1310000;Live weight;7084000
2017;RO;Romania;Salmonids;Trout;TRS;Sea trout;8000;Live weight;33000
2017;RO;Romania;Salmonids;Trout;TRR;Rainbow trout;1840000;Live weight;7331000
2017;RO;Romania;Salmonids;Trout;SVF;Brook trout;230000;Live weight;917000
2017;RO;Romania;Freshwater fish;Carp;SVC;Silver carp;1854000;Live weight;2362000
2017;RO;Romania;Freshwater fish;Other freshwater fish;STU;Sturgeons nei;252000;Live weight;1653000
2017;RO;Romania;Freshwater fish;Freshwater catfish;SOM;Wels(=Som)catfish;46000;Live weight;139000
2017;RO;Romania;Freshwater fish;Other freshwater fish;FRX;Roaches nei;17000;Live weight;36000
2017;RO;Romania;Freshwater fish;Other freshwater fish;FRF;Freshwater fishes nei;114000;Live weight;213000
2017;RO;Romania;Freshwater fish;Pike-perch;FPP;Pike-perch;124000;Live weight;301000
2017;RO;Romania;Freshwater fish;Pike;FPI;Northern pike;20000;Live weight;46000
2017;RO;Romania;Freshwater fish;Other freshwater fish;FPE;European perch;2000;Live weight;3000
2017;RO;Romania;Freshwater fish;Carp;FCP;Common carp;4539000;Live weight;15559000
2017;RO;Romania;Freshwater fish;Carp;FCG;Grass carp(=White amur);89000;Live weight;174000
2017;RO;Romania;Freshwater fish;Carp;FCC;Crucian carp;862000;Live weight;1062000
2017;RO;Romania;Freshwater fish;Other freshwater fish;FBM;Freshwater bream;27000;Live weight;37000
2017;RO;Romania;Freshwater fish;Carp;BIC;Bighead carp;2771000;Live weight;2924000
2017;RO;Romania;Crustaceans;Freshwater crayfish;AAS;Noble crayfish;1000;Live weight;2000
2017;PT;Portugal;Bivalves and other molluscs and aquatic invertebrates;Clam;VNA;Golden carpet shell;37000;Live weight;19000
2017;PT;Portugal;Flatfish;Turbot;TUR;Turbot;2745000;Live weight;18670000
2017;PT;Portugal;Salmonids;Trout;TRO;Trouts nei;665000;Live weight;1760000
2017;PT;Portugal;Miscellaneous aquatic products;Seaweed and other algae;SWX;Seaweeds nei;34000;Live weight;902000
2017;PT;Portugal;Other marine fish;Seabream, other;SWA;White seabream;3000;Live weight;15000
2017;PT;Portugal;Other marine fish;Seabream, other;SRG;Sargo breams nei;0;Live weight;1000
2017;PT;Portugal;Flatfish;Sole, common;SOL;Common sole;6000;Live weight;56000
2017;PT;Portugal;Other marine fish;Seabream, gilthead;SBG;Gilthead seabream;1038000;Live weight;6197000
2017;PT;Portugal;Bivalves and other molluscs and aquatic invertebrates;Clam;RAE;European razor clam;10000;Live weight;33000
2017;PT;Portugal;Crustaceans;Shrimp, miscellaneous;PVR;Atlantic ditch shrimp;21000;Live weight;78000
2017;PT;Portugal;Bivalves and other molluscs and aquatic invertebrates;Oyster;OYG;Pacific cupped oyster;825000;Live weight;2601000
2017;PT;Portugal;Bivalves and other molluscs and aquatic invertebrates;Oyster;OYF;European flat oyster;23000;Live weight;47000
2017;PT;Portugal;Bivalves and other molluscs and aquatic invertebrates;Oyster;OYC;Cupped oysters nei;337000;Live weight;998000
2017;PT;Portugal;Flatfish;Sole, other;OAL;Senegalese sole;145000;Live weight;1915000
2017;PT;Portugal;Bivalves and other molluscs and aquatic invertebrates;Mussel Mytilus spp;MYV;Mytilus mussels nei;1722000;Live weight;1327000
2017;PT;Portugal;Bivalves and other molluscs and aquatic invertebrates;Mussel, other;MSX;Sea mussels nei;1722000;Live weight;1326000
2017;PT;Portugal;Other marine fish;Other marine fish;MGS; ;2000;Live weight;6000
2017;PT;Portugal;Other marine fish;Other marine fish;MGR;Meagre;45000;Live weight;469000
2017;PT;Portugal;Freshwater fish;Eel;ELE;European eel;33000;Live weight;330000
2017;PT;Portugal;Bivalves and other molluscs and aquatic invertebrates;Clam;CTS;Pullet carpet shell;18000;Live weight;74000
2017;PT;Portugal;Bivalves and other molluscs and aquatic invertebrates;Clam;CTG;Grooved carpet shell;3832000;Live weight;43220000
2017;PT;Portugal;Bivalves and other molluscs and aquatic invertebrates;Clam;COC;Common edible cockle;288000;Live weight;148000
2017;PT;Portugal;Other marine fish;Seabass, European;BSS;European seabass;701000;Live weight;4736000
2017;PT;Portugal;Other marine fish;Seabass, other;BSE;Seabasses nei;1000;Live weight;1000
2017;PT;Portugal;Other marine fish;Other marine fish;AMB;Greater amberjack;23000;Live weight;141000
2017;PL;Poland;Salmonids;Trout;TRS;Sea trout;15000;Live weight;123000
2017;PL;Poland;Salmonids;Trout;TRR;Rainbow trout;13808000;Live weight;40252000
2017;PL;Poland;Salmonids;Trout;TRO;Trouts nei;6000;Live weight;24000
2017;PL;Poland;Salmonids;Other salmonids;TLV;Grayling;0;Live weight;0
2017;PL;Poland;Salmonids;Trout;SVF;Brook trout;379000;Live weight;1151000
2017;PL;Poland;Freshwater fish;Carp;SVC;Silver carp;375000;Live weight;455000
2017;PL;Poland;Freshwater fish;Other freshwater fish;STU;Sturgeons nei;764000;Live weight;4132000
2017;PL;Poland;Freshwater fish;Freshwater catfish;SOM;Wels(=Som)catfish;60000;Live weight;298000
2017;PL;Poland;Salmonids;Salmon;SAL;Atlantic salmon;394000;Live weight;2547000
2017;PL;Poland;Salmonids;Other salmonids;PLN;European whitefish;2000;Live weight;11000
2017;PL;Poland;Freshwater fish;Other freshwater fish;LUH;Chub;2000;Live weight;1000
2017;PL;Poland;Salmonids;Other salmonids;FVE;Vendace;0;Live weight;0
2017;PL;Poland;Freshwater fish;Other freshwater fish;FTE;Tench;190000;Live weight;630000
2017;PL;Poland;Freshwater fish;Other freshwater fish;FRX;Roaches nei;0;Live weight;0
2017;PL;Poland;Freshwater fish;Other freshwater fish;FRO;Roach;20000;Live weight;22000
2017;PL;Poland;Freshwater fish;Other freshwater fish;FRF;Freshwater fishes nei;26000;Live weight;29000
2017;PL;Poland;Freshwater fish;Pike-perch;FPP;Pike-perch;23000;Live weight;173000
2017;PL;Poland;Freshwater fish;Pike;FPI;Northern pike;170000;Live weight;777000
2017;PL;Poland;Freshwater fish;Other freshwater fish;FPE;European perch;7000;Live weight;15000
2017;PL;Poland;Freshwater fish;Other freshwater fish;FID;Orfe(=Ide);15000;Live weight;28000
2017;PL;Poland;Freshwater fish;Carp;FCP;Common carp;16851000;Live weight;43543000
2017;PL;Poland;Freshwater fish;Carp;FCG;Grass carp(=White amur);420000;Live weight;1018000
2017;PL;Poland;Freshwater fish;Other freshwater fish;FBU;Burbot;0;Live weight;1000
2017;PL;Poland;Freshwater fish;Other freshwater fish;FBM;Freshwater bream;4000;Live weight;7000
2017;PL;Poland;Freshwater fish;Eel;ELE;European eel;1000;Live weight;11000
2017;PL;Poland;Freshwater fish;Carp;CWG;Prussian carp;208000;Live weight;298000
2017;PL;Poland;Freshwater fish;Freshwater catfish;CLZ;North African catfish;314000;Live weight;1095000
2017;PL;Poland;Salmonids;Other salmonids;CHR;Chars nei;1253000;Live weight;4264000
2017;PL;Poland;Freshwater fish;Carp;BIC;Bighead carp;111000;Live weight;142000
2017;PL;Poland;Crustaceans;Freshwater crayfish;AYS;Euro-American crayfishes nei;0;Live weight;5000
2017;PL;Poland;Freshwater fish;Other freshwater fish;ASU;Asp;0;Live weight;1000
2017;NL;Netherlands;Flatfish;Turbot;TUR;Turbot;100000;Live weight;748000
2017;NL;Netherlands;Bivalves and other molluscs and aquatic invertebrates;Oyster;OYF;European flat oyster;531000;Live weight;5608000
2017;NL;Netherlands;Bivalves and other molluscs and aquatic invertebrates;Oyster;OYC;Cupped oysters nei;1709000;Live weight;11456000
2017;NL;Netherlands;Other marine fish;Other marine fish;MZZ;Marine fishes nei;351000;Live weight;3700000
2017;NL;Netherlands;Bivalves and other molluscs and aquatic invertebrates;Mussel Mytilus spp;MUS;Blue mussel;43969000;Live weight;47000000
2017;NL;Netherlands;Freshwater fish;Pike-perch;FPP;Pike-perch;10000;Live weight;70000
2017;NL;Netherlands;Freshwater fish;Eel;ELE;European eel;2000000;Live weight;21053000
2017;NL;Netherlands;Freshwater fish;Freshwater catfish;CLZ;North African catfish;2470000;Live weight;3952000
2017;MT;Malta;Other marine fish;Seabream, gilthead;SBG;Gilthead seabream;2458000;Live weight;10900000
2017;MT;Malta;Other marine fish;Other marine fish;MZZ;Marine fishes nei;83000;Live weight;712000
2017;MT;Malta;Other marine fish;Seabass, European;BSS;European seabass;59000;Live weight;434000
2017;MT;Malta;Tuna and tuna-like species;Tuna, bluefin;BFT;Atlantic bluefin tuna;13120000;Live weight;168356000
2017;LV;Latvia;Salmonids;Trout;TRR;Rainbow trout;92000;Live weight;448000
2017;LV;Latvia;Freshwater fish;Other freshwater fish;STU;Sturgeons nei;42000;Live weight;268000
2017;LV;Latvia;Freshwater fish;Other freshwater fish;FTE;Tench;3000;Live weight;9000
2017;LV;Latvia;Freshwater fish;Other freshwater fish;FRF;Freshwater fishes nei;43000;Live weight;162000
2017;LV;Latvia;Freshwater fish;Pike-perch;FPP;Pike-perch;3000;Live weight;7000
2017;LV;Latvia;Freshwater fish;Pike;FPI;Northern pike;10000;Live weight;31000
2017;LV;Latvia;Freshwater fish;Carp;FCP;Common carp;606000;Live weight;1309000
2017;LV;Latvia;Freshwater fish;Carp;FCC;Crucian carp;9000;Live weight;10000
2017;LV;Latvia;Freshwater fish;Freshwater catfish;CLZ;North African catfish;32000;Live weight;102000
2017;LT;Lithuania;Salmonids;Trout;TRR;Rainbow trout;106000;Live weight;413000
2017;LT;Lithuania;Freshwater fish;Other freshwater fish;STU;Sturgeons nei;117000;Live weight;811000
2017;LT;Lithuania;Freshwater fish;Other freshwater fish;FTE;Tench;2000;Live weight;17000
2017;LT;Lithuania;Freshwater fish;Other freshwater fish;FRF;Freshwater fishes nei;114000;Live weight;1077000
2017;LT;Lithuania;Freshwater fish;Pike;FPI;Northern pike;13000;Live weight;45000
2017;LT;Lithuania;Freshwater fish;Carp;FCP;Common carp;2710000;Live weight;7109000
2017;LT;Lithuania;Freshwater fish;Carp;FCG;Grass carp(=White amur);54000;Live weight;172000
2017;LT;Lithuania;Freshwater fish;Carp;FCC;Crucian carp;17000;Live weight;44000
2017;LT;Lithuania;Freshwater fish;Freshwater catfish;CLZ;North African catfish;167000;Live weight;611000
2017;LT;Lithuania;Freshwater fish;Carp;BIC;Bighead carp;160000;Live weight;559000
2017;IT;Italy;Salmonids;Trout;TRS;Sea trout;436000;Live weight;1570000
2017;IT;Italy;Salmonids;Trout;TRR;Rainbow trout;34407000;Live weight;100733000
2017;IT;Italy;Salmonids;Trout;TRO;Trouts nei;528000;Live weight;2668000
2017;IT;Italy;Salmonids;Other salmonids;TLV;Grayling;11000;Live weight;33000
2017;IT;Italy;Freshwater fish;Tilapia;TLP;Tilapias nei;25000;Live weight;100000
2017;IT;Italy;Other marine fish;Seabream, other;SWA;White seabream;2000;Live weight;25000
2017;IT;Italy;Salmonids;Trout;SVF;Brook trout;529000;Live weight;2116000
2017;IT;Italy;Freshwater fish;Other freshwater fish;STU;Sturgeons nei;2040000;Live weight;18152000
2017;IT;Italy;Flatfish;Sole, common;SOL;Common sole;4000;Live weight;43000
2017;IT;Italy;Other marine fish;Seabream, other;SBX;Porgies, seabreams nei;14000;Live weight;128000
2017;IT;Italy;Freshwater fish;Other freshwater fish;SBH;Striped bass, hybrid;394000;Live weight;2614000
2017;IT;Italy;Other marine fish;Seabream, gilthead;SBG;Gilthead seabream;7173000;Live weight;55043000
2017;IT;Italy;Bivalves and other molluscs and aquatic invertebrates;Oyster;OYG;Pacific cupped oyster;78000;Live weight;543000
2017;IT;Italy;Bivalves and other molluscs and aquatic invertebrates;Oyster;OYF;European flat oyster;2000;Live weight;6000
2017;IT;Italy;Other marine fish;Other marine fish;MUL;Mullets nei;116000;Live weight;694000
2017;IT;Italy;Bivalves and other molluscs and aquatic invertebrates;Mussel Mytilus spp;MSM;Mediterranean mussel;62502000;Live weight;56252000
2017;IT;Italy;Freshwater fish;Other freshwater fish;MPS;Largemouth black bass;50000;Live weight;307000
2017;IT;Italy;Other marine fish;Other marine fish;MGS; ;2488000;Live weight;9952000
2017;IT;Italy;Other marine fish;Other marine fish;MGR;Meagre;55000;Live weight;537000
2017;IT;Italy;Crustaceans;Shrimp, warmwater;KUP;Kuruma prawn;5000;Live weight;103000
2017;IT;Italy;Freshwater fish;Freshwater catfish;ITP;Channel catfish;144000;Live weight;768000
2017;IT;Italy;Freshwater fish;Other freshwater fish;FTE;Tench;18000;Live weight;75000
2017;IT;Italy;Freshwater fish;Carp;FCP;Common carp;156000;Live weight;864000
2017;IT;Italy;Freshwater fish;Carp;FCG;Grass carp(=White amur);21000;Live weight;63000
2017;IT;Italy;Freshwater fish;Carp;FCC;Crucian carp;8000;Live weight;15000
2017;IT;Italy;Freshwater fish;Eel;ELE;European eel;876000;Live weight;9107000
2017;IT;Italy;Bivalves and other molluscs and aquatic invertebrates;Clam;CTG;Grooved carpet shell;3000000;Live weight;12126000
2017;IT;Italy;Crustaceans;Shrimp, miscellaneous;CPR;Common prawn;1000;Live weight;55000
2017;IT;Italy;Bivalves and other molluscs and aquatic invertebrates;Clam;CLJ;Japanese carpet shell;37157000;Live weight;223524000
2017;IT;Italy;Salmonids;Other salmonids;CHR;Chars nei;0;Live weight;0
2017;IT;Italy;Other marine fish;Seabass, European;BSS;European seabass;7039000;Live weight;56442000
2017;IT;Italy;Crustaceans;Freshwater crayfish;AUP;White-clawed crayfish;2000;Live weight;40000
2017;IT;Italy;Salmonids;Other salmonids;ACH;Arctic char;28000;Live weight;138000
2017;IE;Ireland;Salmonids;Trout;TRR;Rainbow trout;647000;Live weight;1971000
2017;IE;Ireland;Miscellaneous aquatic products;Seaweed and other algae;SWX;Seaweeds nei;41000;Live weight;41000
2017;IE;Ireland;Salmonids;Salmon;SAL;Atlantic salmon;18342000;Live weight;133530000
2017;IE;Ireland;Bivalves and other molluscs and aquatic invertebrates;Oyster;OYG;Pacific cupped oyster;7636000;Live weight;33133000
2017;IE;Ireland;Bivalves and other molluscs and aquatic invertebrates;Oyster;OYF;European flat oyster;237000;Live weight;1375000
2017;IE;Ireland;Bivalves and other molluscs and aquatic invertebrates;Mussel Mytilus spp;MUS;Blue mussel;16340000;Live weight;14942000
2017;IE;Ireland;Bivalves and other molluscs and aquatic invertebrates;Molluscs and aquatic invertebrates, other;INV;Aquatic invertebrates nei;4000;Live weight;27000
2017;HU;Hungary;Salmonids;Trout;TRR;Rainbow trout;54000;Live weight;268000
2017;HU;Hungary;Freshwater fish;Carp;SVC;Silver carp;883000;Live weight;793000
2017;HU;Hungary;Freshwater fish;Other freshwater fish;STU;Sturgeons nei;97000;Live weight;1095000
2017;HU;Hungary;Freshwater fish;Freshwater catfish;SOM;Wels(=Som)catfish;216000;Live weight;1070000
2017;HU;Hungary;Freshwater fish;Carp;HXP;Carps nei;205000;Live weight;188000
2017;HU;Hungary;Freshwater fish;Other freshwater fish;FTE;Tench;4000;Live weight;23000
2017;HU;Hungary;Freshwater fish;Other freshwater fish;FRF;Freshwater fishes nei;737000;Live weight;1181000
2017;HU;Hungary;Freshwater fish;Pike-perch;FPP;Pike-perch;38000;Live weight;292000
2017;HU;Hungary;Freshwater fish;Pike;FPI;Northern pike;31000;Live weight;149000
2017;HU;Hungary;Freshwater fish;Carp;FCP;Common carp;12240000;Live weight;25921000
2017;HU;Hungary;Freshwater fish;Carp;FCG;Grass carp(=White amur);579000;Live weight;1063000
2017;HU;Hungary;Freshwater fish;Freshwater catfish;CTO;Torpedo-shaped catfishes nei;3174000;Live weight;5964000
2017;HR;Croatia;Salmonids;Trout;TRS;Sea trout;28000;Live weight;135000
2017;HR;Croatia;Salmonids;Trout;TRR;Rainbow trout;367000;Live weight;1215000
2017;HR;Croatia;Freshwater fish;Carp;SVC;Silver carp;73000;Live weight;62000
2017;HR;Croatia;Freshwater fish;Freshwater catfish;SOM;Wels(=Som)catfish;31000;Live weight;150000
2017;HR;Croatia;Other marine fish;Seabream, gilthead;SBG;Gilthead seabream;4830000;Live weight;31142000
2017;HR;Croatia;Bivalves and other molluscs and aquatic invertebrates;Oyster;OYF;European flat oyster;62000;Live weight;667000
2017;HR;Croatia;Bivalves and other molluscs and aquatic invertebrates;Mussel Mytilus spp;MSM;Mediterranean mussel;920000;Live weight;1125000
2017;HR;Croatia;Other marine fish;Other marine fish;MGR;Meagre;253000;Live weight;1720000
2017;HR;Croatia;Freshwater fish;Other freshwater fish;FTE;Tench;1000;Live weight;5000
2017;HR;Croatia;Freshwater fish;Other freshwater fish;FRF;Freshwater fishes nei;66000;Live weight;85000
2017;HR;Croatia;Freshwater fish;Pike-perch;FPP;Pike-perch;9000;Live weight;74000
2017;HR;Croatia;Freshwater fish;Pike;FPI;Northern pike;12000;Live weight;70000
2017;HR;Croatia;Freshwater fish;Carp;FCP;Common carp;2039000;Live weight;4390000
2017;HR;Croatia;Freshwater fish;Carp;FCG;Grass carp(=White amur);169000;Live weight;305000
2017;HR;Croatia;Other marine fish;Seabass, European;BSS;European seabass;5616000;Live weight;36237000
2017;HR;Croatia;Freshwater fish;Carp;BIC;Bighead carp;477000;Live weight;473000
2017;HR;Croatia;Tuna and tuna-like species;Tuna, bluefin;BFT;Atlantic bluefin tuna;2162000;Live weight;23119000
2017;FR;France;Flatfish;Turbot;TUR;Turbot;300000;Live weight;2843000
2017;FR;France;Salmonids;Trout;TRS;Sea trout;626000;Live weight;4453000
2017;FR;France;Salmonids;Trout;TRR;Rainbow trout;33070000;Live weight;123535000
2017;FR;France;Flatfish;Sole, other;OAL;Senegalese sole;260000;Live weight;2464000
2017;FR;France;Crustaceans;Shrimp, warmwater;KUP;Kuruma prawn;57000;Live weight;1207000
2017;FR;France;Other marine fish;Seabream, gilthead;SBG;Gilthead seabream;1534000;Live weight;10705000
2017;FR;France;Other marine fish;Seabass, European;BSS;European seabass;1413000;Live weight;11618000
2017;FR;France;Salmonids;Salmon;SAL;Atlantic salmon;300000;Live weight;1466000
2017;FR;France;Bivalves and other molluscs and aquatic invertebrates;Oyster;OYG;Pacific cupped oyster;80169000;Live weight;395206000
2017;FR;France;Bivalves and other molluscs and aquatic invertebrates;Oyster;OYF;European flat oyster;89900000;Live weight;694800000
2017;FR;France;Salmonids;Other salmonids;SLX;Salmonoids nei;304000;Live weight;2399000
2017;FR;France;Other marine fish;Other marine fish;MZZ;Marine fishes nei;878000;Live weight;10129000
2017;FR;France;Freshwater fish;Other freshwater fish;STU;Sturgeons nei;321000;Live weight;1156000
2017;FR;France;Freshwater fish;Other freshwater fish;FTE;Tench;900000;Live weight;1998000
2017;FR;France;Freshwater fish;Other freshwater fish;FRX;Roaches nei;1900000;Live weight;4427000
2017;FR;France;Freshwater fish;Other freshwater fish;FRF;Freshwater fishes nei;500000;Live weight;1500000
2017;FR;France;Freshwater fish;Other freshwater fish;FCY;Cyprinids nei;300000;Live weight;504000
2017;FR;France;Bivalves and other molluscs and aquatic invertebrates;Mussel Mytilus spp;MUS;Blue mussel;44446000;Live weight;116312000
2017;FR;France;Bivalves and other molluscs and aquatic invertebrates;Mussel Mytilus spp;MSM;Mediterranean mussel;7031000;Live weight;14433000
2017;FR;France;Freshwater fish;Freshwater catfish;SOM;Wels(=Som)catfish;200000;Live weight;600000
2017;FR;France;Bivalves and other molluscs and aquatic invertebrates;Clam;COC;Common edible cockle;1611000;Live weight;7210000
2017;FR;France;Bivalves and other molluscs and aquatic invertebrates;Clam;CLX;Clams, etc. nei;114000;Live weight;893000
2017;FR;France;Bivalves and other molluscs and aquatic invertebrates;Clam;CLJ;Japanese carpet shell;1080000;Live weight;9529000
2017;FR;France;Freshwater fish;Carp;FCP;Common carp;4200000;Live weight;4662000
2017;FI;Finland;Salmonids;Trout;TRS;Sea trout;81000;Live weight;638000
2017;FI;Finland;Salmonids;Trout;TRR;Rainbow trout;13579000;Live weight;63414000
2017;FI;Finland;Salmonids;Other salmonids;PLN;European whitefish;799000;Live weight;7311000
2017;FI;Finland;Other marine fish;Other marine fish;FIN;Finfishes nei;125000;Live weight;648000
2017;ES;Spain;Bivalves and other molluscs and aquatic invertebrates;Clam;VEV;Warty venus;0;Live weight;5000
2017;ES;Spain;Miscellaneous aquatic products;Seaweed and other algae;UVU;Sea lettuce;0;Live weight;1000
2017;ES;Spain;Miscellaneous aquatic products;Seaweed and other algae;UNI;Dunaliella salina;1000;Live weight;17000
2017;ES;Spain;Flatfish;Turbot;TUR;Turbot;8771000;Live weight;59194000
2017;ES;Spain;Salmonids;Trout;TRS;Sea trout;6000;Live weight;29000
2017;ES;Spain;Salmonids;Trout;TRR;Rainbow trout;16829000;Live weight;50041000
2017;ES;Spain;Freshwater fish;Tilapia;TLN;Nile tilapia;1000;Live weight;4000
2017;ES;Spain;Crustaceans;Shrimp, warmwater;TGS;Caramote prawn;0;Live weight;3000
2017;ES;Spain;Miscellaneous aquatic products;Seaweed and other algae;SWX;Seaweeds nei;0;Live weight;147000
2017;ES;Spain;Other marine fish;Seabream, other;SWA;White seabream;1000;Live weight;1000
2017;ES;Spain;Other marine fish;Seabass, other;SPU;Spotted seabass;0;Live weight;1000
2017;ES;Spain;Miscellaneous aquatic products;Seaweed and other algae;SIZ;Spirulina nei;0;Live weight;12000
2017;ES;Spain;Other marine fish;Seabream, other;SBR;Blackspot(=red) seabream;142000;Live weight;1494000
2017;ES;Spain;Other marine fish;Seabream, gilthead;SBG;Gilthead seabream;17005000;Live weight;88458000
2017;ES;Spain;Salmonids;Salmon;SAL;Atlantic salmon;24000;Live weight;194000
2017;ES;Spain;Bivalves and other molluscs and aquatic invertebrates;Clam;RAZ;Solen razor clams nei;0;Live weight;1000
2017;ES;Spain;Bivalves and other molluscs and aquatic invertebrates;Clam;RAE;European razor clam;0;Live weight;1000
2017;ES;Spain;Bivalves and other molluscs and aquatic invertebrates;Scallop;QSC;Queen scallop;2000;Live weight;10000
2017;ES;Spain;Crustaceans;Shrimp, miscellaneous;PVR;Atlantic ditch shrimp;187000;Live weight;878000
2017;ES;Spain;Crustaceans;Shrimp, warmwater;PNV;Whiteleg shrimp;8000;Live weight;195000
2017;ES;Spain;Bivalves and other molluscs and aquatic invertebrates;Oyster;OYG;Pacific cupped oyster;806000;Live weight;2470000
2017;ES;Spain;Bivalves and other molluscs and aquatic invertebrates;Oyster;OYF;European flat oyster;287000;Live weight;1548000
2017;ES;Spain;Cephalopods;Octopus;OCC;Common octopus;2000;Live weight;18000
2017;ES;Spain;Flatfish;Sole, other;OAL;Senegalese sole;1012000;Live weight;11398000
2017;ES;Spain;Bivalves and other molluscs and aquatic invertebrates;Mussel Mytilus spp;MSM;Mediterranean mussel;241715000;Live weight;130365000
2017;ES;Spain;Other marine fish;Other marine fish;MGS; ;61000;Live weight;257000
2017;ES;Spain;Other marine fish;Other marine fish;MGR;Meagre;3524000;Live weight;17059000
2017;ES;Spain;Miscellaneous aquatic products;Seaweed and other algae;LQX;Sea belt;0;Live weight;1000
2017;ES;Spain;Crustaceans;Shrimp, warmwater;KUP;Kuruma prawn;1000;Live weight;23000
2017;ES;Spain;Bivalves and other molluscs and aquatic invertebrates;Clam;KTG;Olive green cockle;0;Live weight;1000
2017;ES;Spain;Miscellaneous aquatic products;Seaweed and other algae;GKA;Leather gracilaria;0;Live weight;0
2017;ES;Spain;Freshwater fish;Other freshwater fish;FTE;Tench;12000;Live weight;90000
2017;ES;Spain;Freshwater fish;Carp;FCP;Common carp;0;Live weight;0
2017;ES;Spain;Bivalves and other molluscs and aquatic invertebrates;Clam;EQE;Pod razor shell;5000;Live weight;169000
2017;ES;Spain;Freshwater fish;Eel;ELE;European eel;331000;Live weight;3315000
2017;ES;Spain;Bivalves and other molluscs and aquatic invertebrates;Clam;CTS;Pullet carpet shell;178000;Live weight;2205000
2017;ES;Spain;Bivalves and other molluscs and aquatic invertebrates;Clam;CTG;Grooved carpet shell;63000;Live weight;1291000
2017;ES;Spain;Bivalves and other molluscs and aquatic invertebrates;Clam;COC;Common edible cockle;162000;Live weight;669000
2017;ES;Spain;Bivalves and other molluscs and aquatic invertebrates;Clam;CLJ;Japanese carpet shell;944000;Live weight;7779000
2017;ES;Spain;Other marine fish;Seabass, European;BSS;European seabass;17656000;Live weight;119151000
2017;ES;Spain;Tuna and tuna-like species;Tuna, bluefin;BFT;Atlantic bluefin tuna;5136000;Live weight;79102000
2017;ES;Spain;Freshwater fish;Other freshwater fish;APG;Danube sturgeon(=Osetr);0;Live weight;2000
2017;ES;Spain;Freshwater fish;Other freshwater fish;APB;Siberian sturgeon;43000;Live weight;197000
2017;ES;Spain;Other marine fish;Other marine fish;AMB;Greater amberjack;11000;Live weight;145000
2017;ES;Spain;Bivalves and other molluscs and aquatic invertebrates;Abalone;ABJ;Japanese abalone;1000;Live weight;64000
2017;ES;Spain;Freshwater fish;Other freshwater fish;AAA;Adriatic sturgeon;28000;Live weight;253000
2017;EL;Greece;Salmonids;Trout;TRR;Rainbow trout;1989000;Live weight;6221000
2017;EL;Greece;Miscellaneous aquatic products;Seaweed and other algae;SWX;Seaweeds nei;15000;Live weight;1615000
2017;EL;Greece;Other marine fish;Seabream, other;SWA;White seabream;1000;Live weight;4000
2017;EL;Greece;Freshwater fish;Other freshwater fish;STU;Sturgeons nei;31000;Live weight;151000
2017;EL;Greece;Flatfish;Sole, common;SOL;Common sole;1000;Live weight;3000
2017;EL;Greece;Other marine fish;Seabream, other;SHR;Sharpsnout seabream;143000;Live weight;918000
2017;EL;Greece;Other marine fish;Seabream, gilthead;SBG;Gilthead seabream;55948000;Live weight;258202000
2017;EL;Greece;Other marine fish;Seabream, other;RPG;Red porgy;1292000;Live weight;8360000
2017;EL;Greece;Other marine fish;Other marine fish;MZZ;Marine fishes nei;121000;Live weight;207000
2017;EL;Greece;Other marine fish;Other marine fish;MUF;Flathead grey mullet;198000;Live weight;490000
2017;EL;Greece;Bivalves and other molluscs and aquatic invertebrates;Mussel Mytilus spp;MSM;Mediterranean mussel;19156000;Live weight;7182000
2017;EL;Greece;Bivalves and other molluscs and aquatic invertebrates;Molluscs and aquatic invertebrates, other;MOL;Marine molluscs nei;91000;Live weight;346000
2017;EL;Greece;Other marine fish;Other marine fish;MGR;Meagre;1634000;Live weight;9334000
2017;EL;Greece;Freshwater fish;Carp;FCP;Common carp;7000;Live weight;19000
2017;EL;Greece;Freshwater fish;Eel;ELE;European eel;358000;Live weight;4038000
2017;EL;Greece;Crustaceans;Crab;CRA;Marine crabs nei;211000;Live weight;72000
2017;EL;Greece;Salmonids;Salmon;COH;Coho(=Silver)salmon;2000;Live weight;16000
2017;EL;Greece;Other marine fish;Other marine fish;COB;Shi drum;158000;Live weight;843000
2017;EL;Greece;Other marine fish;Seabass, European;BSS;European seabass;44285000;Live weight;247669000
2017;EE;Estonia;Salmonids;Trout;TRR;Rainbow trout;702000;Live weight;2646000
2017;EE;Estonia;Freshwater fish;Other freshwater fish;STU;Sturgeons nei;19000;Live weight;109000
2017;EE;Estonia;Freshwater fish;Other freshwater fish;FRF;Freshwater fishes nei;148000;Live weight;932000
2017;EE;Estonia;Crustaceans;Freshwater crayfish;AAS;Noble crayfish;1000;Live weight;30000
2017;DK;Denmark;Salmonids;Trout;TRR;Rainbow trout;30546000;Live weight;100320000
2017;DK;Denmark;Miscellaneous aquatic products;Seaweed and other algae;SWB;Brown seaweeds;10000;Live weight;5000
2017;DK;Denmark;Salmonids;Trout;SVF;Brook trout;34000;Live weight;167000
2017;DK;Denmark;Freshwater fish;Other freshwater fish;STU;Sturgeons nei;3000;Live weight;54000
2017;DK;Denmark;Salmonids;Salmon;SAL;Atlantic salmon;807000;Live weight;3787000
2017;DK;Denmark;Bivalves and other molluscs and aquatic invertebrates;Mussel Mytilus spp;MUS;Blue mussel;2414000;Live weight;1488000
2017;DK;Denmark;Freshwater fish;Other freshwater fish;FRF;Freshwater fishes nei;1000;Live weight;7000
2017;DK;Denmark;Freshwater fish;Pike-perch;FPP;Pike-perch;264000;Live weight;1947000
2017;DK;Denmark;Freshwater fish;Eel;ELE;European eel;532000;Live weight;5877000
2017;DK;Denmark;Salmonids;Salmon;COH;Coho(=Silver)salmon;36000;Live weight;145000
2017;DK;Denmark;Salmonids;Other salmonids;CHR;Chars nei;218000;Live weight;964000
2017;DE;Germany;Salmonids;Trout;TRS;Sea trout;662000;Live weight;3374000
2017;DE;Germany;Salmonids;Trout;TRR;Rainbow trout;8452000;Live weight;34904000
2017;DE;Germany;Salmonids;Other salmonids;TLV;Grayling;2000;Live weight;9000
2017;DE;Germany;Freshwater fish;Tilapia;TLP;Tilapias nei;112000;Live weight;391000
2017;DE;Germany;Freshwater fish;Carp;SVC;Silver carp;5000;Live weight;16000
2017;DE;Germany;Freshwater fish;Other freshwater fish;SRE;Rudd;29000;Live weight;156000
2017;DE;Germany;Freshwater fish;Freshwater catfish;SOM;Wels(=Som)catfish;181000;Live weight;1000000
2017;DE;Germany;Crustaceans;Shrimp, warmwater;PNV;Whiteleg shrimp;36000;Live weight;2669000
2017;DE;Germany;Bivalves and other molluscs and aquatic invertebrates;Oyster;OYG;Pacific cupped oyster;80000;Live weight;637000
2017;DE;Germany;Bivalves and other molluscs and aquatic invertebrates;Mussel Mytilus spp;MUS;Blue mussel;16856000;Live weight;23708000
2017;DE;Germany;Freshwater fish;Other freshwater fish;HON;Common nase;1000;Live weight;2000
2017;DE;Germany;Freshwater fish;Other freshwater fish;FTE;Tench;134000;Live weight;707000
2017;DE;Germany;Freshwater fish;Pike-perch;FPP;Pike-perch;55000;Live weight;575000
2017;DE;Germany;Freshwater fish;Pike;FPI;Northern pike;47000;Live weight;291000
2017;DE;Germany;Freshwater fish;Carp;FCP;Common carp;4597000;Live weight;11235000
2017;DE;Germany;Freshwater fish;Carp;FCC;Crucian carp;9000;Live weight;25000
2017;DE;Germany;Freshwater fish;Other freshwater fish;FBM;Freshwater bream;4000;Live weight;13000
2017;DE;Germany;Freshwater fish;Eel;ELE;European eel;1202000;Live weight;15443000
2017;DE;Germany;Freshwater fish;Carp;CWG;Prussian carp;44000;Live weight;83000
2017;DE;Germany;Freshwater fish;Freshwater catfish;CLZ;North African catfish;1061000;Live weight;2070000
2017;DE;Germany;Freshwater fish;Carp;BIC;Bighead carp;4000;Live weight;11000
2017;DE;Germany;Freshwater fish;Other freshwater fish;APB;Siberian sturgeon;184000;Live weight;1651000
2017;DE;Germany;Salmonids;Other salmonids;ACH;Arctic char;30000;Live weight;215000
2017;CZ;Czechia;Salmonids;Trout;TRS;Sea trout;2000;Live weight;9000
2017;CZ;Czechia;Salmonids;Trout;TRR;Rainbow trout;507000;Live weight;2581000
2017;CZ;Czechia;Salmonids;Trout;SVF;Brook trout;268000;Live weight;1103000
2017;CZ;Czechia;Freshwater fish;Carp;SVC;Silver carp;184000;Live weight;308000
2017;CZ;Czechia;Freshwater fish;Freshwater catfish;SOM;Wels(=Som)catfish;100000;Live weight;627000
2017;CZ;Czechia;Freshwater fish;Other freshwater fish;FTE;Tench;158000;Live weight;594000
2017;CZ;Czechia;Freshwater fish;Other freshwater fish;FRF;Freshwater fishes nei;761000;Live weight;1759000
2017;CZ;Czechia;Freshwater fish;Pike-perch;FPP;Pike-perch;65000;Live weight;743000
2017;CZ;Czechia;Freshwater fish;Pike;FPI;Northern pike;93000;Live weight;731000
2017;CZ;Czechia;Freshwater fish;Other freshwater fish;FPE;European perch;15000;Live weight;44000
2017;CZ;Czechia;Freshwater fish;Carp;FCP;Common carp;18460000;Live weight;46276000
2017;CZ;Czechia;Freshwater fish;Carp;FCG;Grass carp(=White amur);567000;Live weight;1551000
2017;CZ;Czechia;Freshwater fish;Eel;ELE;European eel;2000;Live weight;31000
2017;CZ;Czechia;Salmonids;Other salmonids;CIJ;Peled;11000;Live weight;34000
2017;CZ;Czechia;Freshwater fish;Carp;BIC;Bighead carp;492000;Live weight;488000
2017;CY;Cyprus;Salmonids;Trout;TRR;Rainbow trout;44000;Live weight;326000
2017;CY;Cyprus;Other marine fish;Seabream, gilthead;SBG;Gilthead seabream;4950000;Live weight;24008000
2017;CY;Cyprus;Crustaceans;Shrimp, warmwater;PNI;Indian white prawn;28000;Live weight;306000
2017;CY;Cyprus;Other marine fish;Seabass, European;BSS;European seabass;2254000;Live weight;13069000
2017;CY;Cyprus;Freshwater fish;Other freshwater fish;APB;Siberian sturgeon;1000;Live weight;15000
2017;BG;Bulgaria;Salmonids;Trout;TRS;Sea trout;10000;Live weight;41000
2017;BG;Bulgaria;Salmonids;Trout;TRR;Rainbow trout;2956000;Live weight;11488000
2017;BG;Bulgaria;Salmonids;Trout;SVF;Brook trout;9000;Live weight;51000
2017;BG;Bulgaria;Freshwater fish;Carp;SVC;Silver carp;70000;Live weight;67000
2017;BG;Bulgaria;Freshwater fish;Other freshwater fish;STU;Sturgeons nei;19000;Live weight;111000
2017;BG;Bulgaria;Freshwater fish;Other freshwater fish;SRE;Rudd;3000;Live weight;1000
2017;BG;Bulgaria;Freshwater fish;Freshwater catfish;SOM;Wels(=Som)catfish;112000;Live weight;376000
2017;BG;Bulgaria;Freshwater fish;Other freshwater fish;PAM;Mississippi paddlefish;17000;Live weight;0
2017;BG;Bulgaria;Bivalves and other molluscs and aquatic invertebrates;Mussel Mytilus spp;MSM;Mediterranean mussel;1713000;Live weight;1322000
2017;BG;Bulgaria;Freshwater fish;Freshwater catfish;ITP;Channel catfish;5000;Live weight;8000
2017;BG;Bulgaria;Freshwater fish;Other freshwater fish;HUH;Beluga;6000;Live weight;23000
2017;BG;Bulgaria;Miscellaneous aquatic products;Seaweed and other algae;HQW;Unicell. Chlorella green alga;4000;Live weight;7000
2017;BG;Bulgaria;Freshwater fish;Other freshwater fish;FTE;Tench;3000;Live weight;14000
2017;BG;Bulgaria;Freshwater fish;Pike-perch;FPP;Pike-perch;25000;Live weight;64000
2017;BG;Bulgaria;Freshwater fish;Pike;FPI;Northern pike;5000;Live weight;10000
2017;BG;Bulgaria;Freshwater fish;Other freshwater fish;FPE;European perch;0;Live weight;0
2017;BG;Bulgaria;Freshwater fish;Carp;FCP;Common carp;2303000;Live weight;4829000
2017;BG;Bulgaria;Freshwater fish;Carp;FCG;Grass carp(=White amur);150000;Live weight;292000
2017;BG;Bulgaria;Freshwater fish;Carp;FCC;Crucian carp;14000;Live weight;0
2017;BG;Bulgaria;Freshwater fish;Other freshwater fish;FBM;Freshwater bream;9000;Live weight;4000
2017;BG;Bulgaria;Freshwater fish;Eel;ELE;European eel;40000;Live weight;204000
2017;BG;Bulgaria;Crustaceans;Freshwater crayfish;CRD;Danube crayfish;6000;Live weight;15000
2017;BG;Bulgaria;Salmonids;Salmon;COH;Coho(=Silver)salmon;4000;Live weight;21000
2017;BG;Bulgaria;Freshwater fish;Freshwater catfish;CLZ;North African catfish;342000;Live weight;810000
2016;AT;Austria;Salmonids;Other salmonids;ACH;Arctic char;193000;Live weight;3276000
2016;RO;Romania;Flatfish;Turbot;TUR;Turbot;20000;Live weight;111000
2016;AT;Austria;Freshwater fish;Freshwater catfish;CLZ;North African catfish;342000;Live weight;919000
2016;RO;Romania;Salmonids;Trout;TRR;Rainbow trout;1109000;Live weight;4693000
2016;AT;Austria;Freshwater fish;Carp;FCG;Grass carp(=White amur);34000;Live weight;148000
2016;RO;Romania;Salmonids;Trout;TRO;Trouts nei;22000;Live weight;78000
2016;AT;Austria;Freshwater fish;Carp;FCP;Common carp;607000;Live weight;2192000
2016;RO;Romania;Salmonids;Trout;SVF;Brook trout;464000;Live weight;2077000
2016;AT;Austria;Freshwater fish;Other freshwater fish;FCY;Cyprinids nei;2000;Live weight;9000
2016;RO;Romania;Freshwater fish;Carp;SVC;Silver carp;2364000;Live weight;3043000
2016;AT;Austria;Freshwater fish;Pike;FPI;Northern pike;6000;Live weight;84000
2016;RO;Romania;Freshwater fish;Other freshwater fish;STU;Sturgeons nei;33000;Live weight;303000
2016;AT;Austria;Freshwater fish;Pike-perch;FPP;Pike-perch;8000;Live weight;151000
2016;RO;Romania;Freshwater fish;Freshwater catfish;SOM;Wels(=Som)catfish;48000;Live weight;162000
2016;AT;Austria;Freshwater fish;Other freshwater fish;FRO;Roach;3000;Live weight;12000
2016;RO;Romania;Freshwater fish;Other freshwater fish;PAM;Mississippi paddlefish;2000;Live weight;14000
2016;AT;Austria;Freshwater fish;Other freshwater fish;FTE;Tench;7000;Live weight;46000
2016;RO;Romania;Bivalves and other molluscs and aquatic invertebrates;Mussel Mytilus spp;MSM;Mediterranean mussel;25000;Live weight;36000
2016;AT;Austria;Salmonids;Salmon;HUC;Huchen;11000;Live weight;192000
2016;RO;Romania;Freshwater fish;Other freshwater fish;FTE;Tench;1000;Live weight;1000
2016;AT;Austria;Freshwater fish;Other freshwater fish;SRE;Rudd;3000;Live weight;11000
2016;RO;Romania;Freshwater fish;Other freshwater fish;FRO;Roach;3000;Live weight;2000
2016;AT;Austria;Freshwater fish;Other freshwater fish;STU;Sturgeons nei;8000;Live weight;125000
2016;RO;Romania;Freshwater fish;Other freshwater fish;FRF;Freshwater fishes nei;181000;Live weight;233000
2016;AT;Austria;Freshwater fish;Carp;SVC;Silver carp;11000;Live weight;9000
2016;RO;Romania;Freshwater fish;Pike-perch;FPP;Pike-perch;167000;Live weight;615000
2016;AT;Austria;Salmonids;Trout;SVF;Brook trout;477000;Live weight;3046000
2016;RO;Romania;Freshwater fish;Pike;FPI;Northern pike;18000;Live weight;54000
2016;AT;Austria;Salmonids;Other salmonids;TLV;Grayling;2000;Live weight;2079000
2016;RO;Romania;Freshwater fish;Other freshwater fish;FPE;European perch;2000;Live weight;2000
2016;AT;Austria;Salmonids;Trout;TRR;Rainbow trout;1220000;Live weight;7692000
2016;RO;Romania;Freshwater fish;Carp;FCP;Common carp;4841000;Live weight;11287000
2016;AT;Austria;Salmonids;Trout;TRS;Sea trout;369000;Live weight;2407000
2016;RO;Romania;Freshwater fish;Carp;FCG;Grass carp(=White amur);96000;Live weight;126000
2016;BE;Belgium;Freshwater fish;Other freshwater fish;FRF;Freshwater fishes nei;44000;Live weight;452000
2016;RO;Romania;Freshwater fish;Other freshwater fish;FBM;Freshwater bream;91000;Live weight;91000
2016;BG;Bulgaria;Freshwater fish;Other freshwater fish;APR;Sterlet sturgeon;3000;Live weight;13000
2016;RO;Romania;Freshwater fish;Eel;ELE;European eel;0;Live weight;1000
2016;BG;Bulgaria;Freshwater fish;Other freshwater fish;ALR;Bleak;6000;Live weight;3000
2016;RO;Romania;Freshwater fish;Carp;CWG;Prussian carp;883000;Live weight;1194000
2016;BG;Bulgaria;Freshwater fish;Other freshwater fish;APB;Siberian sturgeon;48000;Live weight;386000
2016;RO;Romania;Crustaceans;Freshwater crayfish;CRD;Danube crayfish;1000;Live weight;1000
2016;BG;Bulgaria;Freshwater fish;Other freshwater fish;APE;Starry sturgeon;1000;Live weight;4000
2016;RO;Romania;Freshwater fish;Freshwater catfish;CLZ;North African catfish;113000;Live weight;194000
2016;BG;Bulgaria;Freshwater fish;Other freshwater fish;APG;Danube sturgeon(=Osetr);146000;Live weight;804000
2016;RO;Romania;Freshwater fish;Carp;BIC;Bighead carp;2121000;Live weight;2748000
2016;BG;Bulgaria;Freshwater fish;Carp;BIC;Bighead carp;1483000;Live weight;1314000
2016;UK;United Kingdom;Salmonids;Trout;TRS;Sea trout;299000;Live weight;2981000
2016;BG;Bulgaria;Freshwater fish;Other freshwater fish;BKC;Black carp;4000;Live weight;7000
2016;UK;United Kingdom;Salmonids;Trout;TRR;Rainbow trout;13851000;Live weight;50208000
2016;BG;Bulgaria;Freshwater fish;Other freshwater fish;CGO;Goldfish;224000;Live weight;112000
2016;UK;United Kingdom;Freshwater fish;Tilapia;TLN;Nile tilapia;6000;Live weight;29000
2016;BG;Bulgaria;Freshwater fish;Freshwater catfish;CLZ;North African catfish;541000;Live weight;3392000
2016;BG;Bulgaria;Crustaceans;Freshwater crayfish;CRD;Danube crayfish;49000;Live weight;161000
2016;BG;Bulgaria;Freshwater fish;Eel;ELE;European eel;5000;Live weight;25000
2016;BG;Bulgaria;Freshwater fish;Other freshwater fish;FBM;Freshwater bream;9000;Live weight;6000
2016;BG;Bulgaria;Freshwater fish;Carp;FCC;Crucian carp;1000;Live weight;1000
2016;BG;Bulgaria;Freshwater fish;Carp;FCG;Grass carp(=White amur);262000;Live weight;487000
2016;BG;Bulgaria;Freshwater fish;Carp;FCP;Common carp;2508000;Live weight;4822000
2016;BG;Bulgaria;Freshwater fish;Other freshwater fish;FPE;European perch;9000;Live weight;25000
2016;BG;Bulgaria;Freshwater fish;Pike;FPI;Northern pike;23000;Live weight;48000
2016;BG;Bulgaria;Freshwater fish;Pike-perch;FPP;Pike-perch;76000;Live weight;149000
2016;BG;Bulgaria;Freshwater fish;Other freshwater fish;FTE;Tench;3000;Live weight;11000
2016;BG;Bulgaria;Miscellaneous aquatic products;Seaweed and other algae;HQW;Unicell. Chlorella green alga;8000;Live weight;15000
2016;BG;Bulgaria;Freshwater fish;Other freshwater fish;HUH;Beluga;6000;Live weight;55000
2016;BG;Bulgaria;Freshwater fish;Freshwater catfish;ITP;Channel catfish;8000;Live weight;18000
2016;BG;Bulgaria;Freshwater fish;Other freshwater fish;LUH;Chub;0;Live weight;0
2016;BG;Bulgaria;Bivalves and other molluscs and aquatic invertebrates;Mussel Mytilus spp;MSM;Mediterranean mussel;3376000;Live weight;2935000
2016;BG;Bulgaria;Freshwater fish;Freshwater catfish;SOM;Wels(=Som)catfish;201000;Live weight;700000
2016;BG;Bulgaria;Freshwater fish;Other freshwater fish;SRE;Rudd;3000;Live weight;1000
2016;BG;Bulgaria;Freshwater fish;Other freshwater fish;STU;Sturgeons nei;99000;Live weight;538000
2016;BG;Bulgaria;Freshwater fish;Carp;SVC;Silver carp;227000;Live weight;208000
2016;BG;Bulgaria;Salmonids;Trout;SVF;Brook trout;9000;Live weight;38000
2016;BG;Bulgaria;Salmonids;Trout;TRR;Rainbow trout;3092000;Live weight;10119000
2016;BG;Bulgaria;Salmonids;Trout;TRS;Sea trout;17000;Live weight;77000
2016;CY;Cyprus;Freshwater fish;Other freshwater fish;APB;Siberian sturgeon;1000;Live weight;12000
2016;CY;Cyprus;Other marine fish;Seabass, European;BSS;European seabass;1517000;Live weight;10018000
2016;CY;Cyprus;Other marine fish;Other marine fish;MGR;Meagre;3000;Live weight;18000
2016;CY;Cyprus;Crustaceans;Shrimp, warmwater;PNI;Indian white prawn;25000;Live weight;276000
2016;CY;Cyprus;Other marine fish;Seabream, gilthead;SBG;Gilthead seabream;5039000;Live weight;25598000
2016;CY;Cyprus;Salmonids;Trout;TRR;Rainbow trout;40000;Live weight;314000
2016;CZ;Czechia;Freshwater fish;Carp;BIC;Bighead carp;244000;Live weight;254000
2016;CZ;Czechia;Salmonids;Other salmonids;CIJ;Peled;4000;Live weight;11000
2016;CZ;Czechia;Freshwater fish;Carp;FCG;Grass carp(=White amur);490000;Live weight;1249000
2016;CZ;Czechia;Freshwater fish;Carp;FCP;Common carp;18354000;Live weight;38696000
2016;CZ;Czechia;Freshwater fish;Other freshwater fish;FPE;European perch;22000;Live weight;29000
2016;CZ;Czechia;Freshwater fish;Pike;FPI;Northern pike;79000;Live weight;373000
2016;CZ;Czechia;Freshwater fish;Pike-perch;FPP;Pike-perch;54000;Live weight;512000
2016;CZ;Czechia;Freshwater fish;Other freshwater fish;FRF;Freshwater fishes nei;476000;Live weight;1429000
2016;CZ;Czechia;Freshwater fish;Other freshwater fish;FTE;Tench;157000;Live weight;450000
2016;CZ;Czechia;Freshwater fish;Freshwater catfish;SOM;Wels(=Som)catfish;74000;Live weight;464000
2016;CZ;Czechia;Freshwater fish;Carp;SVC;Silver carp;330000;Live weight;427000
2016;CZ;Czechia;Salmonids;Trout;SVF;Brook trout;301000;Live weight;1169000
2016;CZ;Czechia;Salmonids;Trout;TRR;Rainbow trout;364000;Live weight;1886000
2016;CZ;Czechia;Salmonids;Trout;TRS;Sea trout;3000;Live weight;20000
2016;DE;Germany;Freshwater fish;Other freshwater fish;APR;Sterlet sturgeon;12000;Live weight;96000
2016;DE;Germany;Freshwater fish;Carp;BIC;Bighead carp;12000;Live weight;32000
2016;DE;Germany;Salmonids;Other salmonids;CHR;Chars nei;1602000;Live weight;7588000
2016;DE;Germany;Freshwater fish;Freshwater catfish;CLZ;North African catfish;1057000;Live weight;3178000
2016;DE;Germany;Freshwater fish;Carp;CWG;Prussian carp;31000;Live weight;55000
2016;DE;Germany;Freshwater fish;Eel;ELE;European eel;1062000;Live weight;8936000
2016;DE;Germany;Freshwater fish;Carp;FCG;Grass carp(=White amur);72000;Live weight;327000
2016;DE;Germany;Freshwater fish;Carp;FCP;Common carp;5238000;Live weight;12466000
2016;DE;Germany;Freshwater fish;Pike;FPI;Northern pike;43000;Live weight;203000
2016;DE;Germany;Freshwater fish;Pike-perch;FPP;Pike-perch;55000;Live weight;525000
2016;DE;Germany;Freshwater fish;Other freshwater fish;FTE;Tench;130000;Live weight;728000
2016;DE;Germany;Freshwater fish;Other freshwater fish;GOG;Gudgeon;0;Live weight;1000
2016;DE;Germany;Bivalves and other molluscs and aquatic invertebrates;Mussel Mytilus spp;MUS;Blue mussel;22264000;Live weight;25586000
2016;DE;Germany;Crustaceans;Shrimp, warmwater;PNV;Whiteleg shrimp;21000;Live weight;902000
2016;DE;Germany;Freshwater fish;Tilapia;TLP;Tilapias nei;112000;Live weight;371000
2016;DE;Germany;Salmonids;Other salmonids;TLV;Grayling;1000;Live weight;6000
2016;DE;Germany;Salmonids;Trout;TRR;Rainbow trout;8640000;Live weight;30632000
2016;DE;Germany;Salmonids;Trout;TRS;Sea trout;632000;Live weight;2707000
2016;DK;Denmark;Salmonids;Other salmonids;CHR;Chars nei;217000;Live weight;827000
2016;DK;Denmark;Freshwater fish;Eel;ELE;European eel;1033000;Live weight;10896000
2016;DK;Denmark;Freshwater fish;Other freshwater fish;FPE;European perch;1000;Live weight;15000
2016;DK;Denmark;Freshwater fish;Pike-perch;FPP;Pike-perch;144000;Live weight;1005000
2016;DK;Denmark;Bivalves and other molluscs and aquatic invertebrates;Mussel Mytilus spp;MUS;Blue mussel;2033000;Live weight;1307000
2016;DK;Denmark;Salmonids;Salmon;SAL;Atlantic salmon;1289000;Live weight;5994000
2016;DK;Denmark;Freshwater fish;Other freshwater fish;STU;Sturgeons nei;3000;Live weight;50000
2016;DK;Denmark;Salmonids;Trout;SVF;Brook trout;93000;Live weight;401000
2016;DK;Denmark;Miscellaneous aquatic products;Seaweed and other algae;SWB;Brown seaweeds;100000;Live weight;48000
2016;DK;Denmark;Salmonids;Trout;TRR;Rainbow trout;30307000;Live weight;98311000
2016;DK;Denmark;Salmonids;Trout;TRS;Sea trout;23000;Live weight;103000
2016;EE;Estonia;Crustaceans;Freshwater crayfish;AAS;Noble crayfish;1000;Live weight;26000
2016;EE;Estonia;Freshwater fish;Carp;FCP;Common carp;34000;Live weight;102000
2016;EE;Estonia;Freshwater fish;Other freshwater fish;FRF;Freshwater fishes nei;137000;Live weight;1019000
2016;EE;Estonia;Freshwater fish;Other freshwater fish;STU;Sturgeons nei;16000;Live weight;148000
2016;EE;Estonia;Salmonids;Trout;TRR;Rainbow trout;680000;Live weight;2586000
2016;EL;Greece;Other marine fish;Seabass, European;BSS;European seabass;42557000;Live weight;235046000
2016;EL;Greece;Other marine fish;Other marine fish;COB;Shi drum;128000;Live weight;668000
2016;EL;Greece;Crustaceans;Crab;CRA;Marine crabs nei;29000;Live weight;21000
2016;EL;Greece;Freshwater fish;Eel;ELE;European eel;474000;Live weight;4869000
2016;EL;Greece;Freshwater fish;Carp;FCP;Common carp;6000;Live weight;12000
2016;EL;Greece;Freshwater fish;Other freshwater fish;FRF;Freshwater fishes nei;5000;Live weight;32000
2016;EL;Greece;Crustaceans;Shrimp, warmwater;KUP;Kuruma prawn;0;Live weight;3000
2016;EL;Greece;Other marine fish;Other marine fish;MGR;Meagre;2174000;Live weight;11959000
2016;EL;Greece;Bivalves and other molluscs and aquatic invertebrates;Molluscs and aquatic invertebrates, other;MOL;Marine molluscs nei;1000;Live weight;2000
2016;EL;Greece;Bivalves and other molluscs and aquatic invertebrates;Mussel Mytilus spp;MSM;Mediterranean mussel;23289000;Live weight;8450000
2016;EL;Greece;Other marine fish;Other marine fish;MUF;Flathead grey mullet;315000;Live weight;652000
2016;EL;Greece;Other marine fish;Other marine fish;MZZ;Marine fishes nei;239000;Live weight;396000
2016;EL;Greece;Bivalves and other molluscs and aquatic invertebrates;Oyster;OYF;European flat oyster;2000;Live weight;5000
2016;EL;Greece;Other marine fish;Seabream, other;RPG;Red porgy;3041000;Live weight;16570000
2016;EL;Greece;Other marine fish;Seabream, gilthead;SBG;Gilthead seabream;49265000;Live weight;240520000
2016;EL;Greece;Other marine fish;Seabream, other;SHR;Sharpsnout seabream;145000;Live weight;839000
2016;EL;Greece;Flatfish;Sole, common;SOL;Common sole;2000;Live weight;8000
2016;EL;Greece;Other marine fish;Seabream, other;SWA;White seabream;4000;Live weight;9000
2016;EL;Greece;Miscellaneous aquatic products;Seaweed and other algae;SWX;Seaweeds nei;10000;Live weight;382000
2016;EL;Greece;Salmonids;Trout;TRR;Rainbow trout;1644000;Live weight;5078000
2016;ES;Spain;Freshwater fish;Other freshwater fish;AAA;Adriatic sturgeon;27000;Live weight;1037000
2016;ES;Spain;Bivalves and other molluscs and aquatic invertebrates;Abalone;ABJ;Japanese abalone;0;Live weight;7000
2016;ES;Spain;Freshwater fish;Other freshwater fish;APB;Siberian sturgeon;27000;Live weight;180000
2016;ES;Spain;Other marine fish;Smelt;ATB;Big-scale sand smelt;0;Live weight;0
2016;ES;Spain;Tuna and tuna-like species;Tuna, bluefin;BFT;Atlantic bluefin tuna;4562000;Live weight;68413000
2016;ES;Spain;Other marine fish;Seabass, European;BSS;European seabass;22956000;Live weight;150305000
2016;ES;Spain;Bivalves and other molluscs and aquatic invertebrates;Clam;CLJ;Japanese carpet shell;1263000;Live weight;10370000
2016;ES;Spain;Bivalves and other molluscs and aquatic invertebrates;Clam;COC;Common edible cockle;1062000;Live weight;3777000
2016;ES;Spain;Crustaceans;Shrimp, miscellaneous;CPR;Common prawn;0;Live weight;0
2016;ES;Spain;Cephalopods;Cuttlefish;CTC;Common cuttlefish;0;Live weight;0
2016;ES;Spain;Bivalves and other molluscs and aquatic invertebrates;Clam;CTG;Grooved carpet shell;77000;Live weight;1559000
2016;ES;Spain;Bivalves and other molluscs and aquatic invertebrates;Clam;CTS;Pullet carpet shell;198000;Live weight;2902000
2016;ES;Spain;Freshwater fish;Eel;ELE;European eel;330000;Live weight;3507000
2016;ES;Spain;Bivalves and other molluscs and aquatic invertebrates;Clam;EQE;Pod razor shell;8000;Live weight;221000
2016;ES;Spain;Freshwater fish;Other freshwater fish;FTE;Tench;16000;Live weight;133000
2016;ES;Spain;Miscellaneous aquatic products;Seaweed and other algae;GKA;Leather gracilaria;0;Live weight;0
2016;ES;Spain;Crustaceans;Shrimp, warmwater;KUP;Kuruma prawn;1000;Live weight;20000
2016;ES;Spain;Other marine fish;Other marine fish;MGR;Meagre;1707000;Live weight;9404000
2016;ES;Spain;Other marine fish;Other marine fish;MGS; ;83000;Live weight;325000
2016;ES;Spain;Bivalves and other molluscs and aquatic invertebrates;Mussel Mytilus spp;MSM;Mediterranean mussel;215855000;Live weight;118000000
2016;ES;Spain;Flatfish;Sole, other;OAL;Senegalese sole;747000;Live weight;8161000
2016;ES;Spain;Cephalopods;Octopus;OCC;Common octopus;2000;Live weight;7000
2016;ES;Spain;Bivalves and other molluscs and aquatic invertebrates;Oyster;OYF;European flat oyster;438000;Live weight;2261000
2016;ES;Spain;Bivalves and other molluscs and aquatic invertebrates;Oyster;OYG;Pacific cupped oyster;635000;Live weight;2045000
2016;ES;Spain;Crustaceans;Shrimp, miscellaneous;PAL;Palaemonid shrimps nei;160000;Live weight;746000
2016;ES;Spain;Crustaceans;Shrimp, warmwater;PNV;Whiteleg shrimp;10000;Live weight;195000
2016;ES;Spain;Crustaceans;Shrimp, miscellaneous;PVR;Atlantic ditch shrimp;5000;Live weight;26000
2016;ES;Spain;Bivalves and other molluscs and aquatic invertebrates;Scallop;QSC;Queen scallop;2000;Live weight;10000
2016;ES;Spain;Bivalves and other molluscs and aquatic invertebrates;Clam;RAZ;Solen razor clams nei;0;Live weight;0
2016;ES;Spain;Salmonids;Salmon;SAL;Atlantic salmon;5000;Live weight;45000
2016;ES;Spain;Other marine fish;Seabream, gilthead;SBG;Gilthead seabream;12396000;Live weight;69382000
2016;ES;Spain;Other marine fish;Seabream, other;SBR;Blackspot(=red) seabream;178000;Live weight;1678000
2016;ES;Spain;Miscellaneous aquatic products;Seaweed and other algae;SIZ;Spirulina nei;0;Live weight;13000
2016;ES;Spain;Other marine fish;Seabass, other;SPU;Spotted seabass;0;Live weight;1000
2016;ES;Spain;Other marine fish;Seabream, other;SWA;White seabream;3000;Live weight;2000
2016;ES;Spain;Miscellaneous aquatic products;Seaweed and other algae;SWX;Seaweeds nei;0;Live weight;126000
2016;ES;Spain;Crustaceans;Shrimp, warmwater;TGS;Caramote prawn;0;Live weight;2000
2016;ES;Spain;Freshwater fish;Tilapia;TLN;Nile tilapia;4000;Live weight;21000
2016;ES;Spain;Salmonids;Trout;TRR;Rainbow trout;17209000;Live weight;49760000
2016;ES;Spain;Salmonids;Trout;TRS;Sea trout;6000;Live weight;28000
2016;ES;Spain;Flatfish;Turbot;TUR;Turbot;7306000;Live weight;54511000
2016;ES;Spain;Bivalves and other molluscs and aquatic invertebrates;Clam;VEV;Warty venus;0;Live weight;3000
2016;FI;Finland;Other marine fish;Other marine fish;FIN;Finfishes nei;166000;Live weight;890000
2016;FI;Finland;Salmonids;Other salmonids;PLN;European whitefish;765000;Live weight;6962000
2016;FI;Finland;Salmonids;Trout;TRR;Rainbow trout;13376000;Live weight;54173000
2016;FI;Finland;Salmonids;Trout;TRS;Sea trout;106000;Live weight;660000
2016;FR;France;Freshwater fish;Carp;FCP;Common carp;4200000;Live weight;4662000
2016;FR;France;Bivalves and other molluscs and aquatic invertebrates;Clam;CLJ;Japanese carpet shell;812000;Live weight;7521000
2016;FR;France;Bivalves and other molluscs and aquatic invertebrates;Clam;CLX;Clams, etc. nei;66000;Live weight;605000
2016;FR;France;Bivalves and other molluscs and aquatic invertebrates;Clam;COC;Common edible cockle;1320000;Live weight;6552000
2016;FR;France;Freshwater fish;Freshwater catfish;SOM;Wels(=Som)catfish;200000;Live weight;600000
2016;FR;France;Bivalves and other molluscs and aquatic invertebrates;Mussel Mytilus spp;MSM;Mediterranean mussel;6693000;Live weight;13175000
2016;FR;France;Bivalves and other molluscs and aquatic invertebrates;Mussel Mytilus spp;MUS;Blue mussel;44926000;Live weight;107522000
2016;FR;France;Freshwater fish;Other freshwater fish;FCY;Cyprinids nei;300000;Live weight;504000
2016;FR;France;Freshwater fish;Other freshwater fish;FRF;Freshwater fishes nei;500000;Live weight;1500000
2016;FR;France;Freshwater fish;Other freshwater fish;FRX;Roaches nei;1900000;Live weight;4427000
2016;FR;France;Freshwater fish;Other freshwater fish;FTE;Tench;900000;Live weight;1998000
2016;FR;France;Freshwater fish;Other freshwater fish;STU;Sturgeons nei;258000;Live weight;1101000
2016;FR;France;Other marine fish;Other marine fish;MGR;Meagre;256000;Live weight;2113000
2016;FR;France;Other marine fish;Other marine fish;MZZ;Marine fishes nei;601000;Live weight;7269000
2016;FR;France;Salmonids;Other salmonids;SLX;Salmonoids nei;275000;Live weight;1917000
2016;FR;France;Bivalves and other molluscs and aquatic invertebrates;Oyster;OYF;European flat oyster;48600000;Live weight;432100000
2016;FR;France;Bivalves and other molluscs and aquatic invertebrates;Oyster;OYG;Pacific cupped oyster;75002000;Live weight;379251000
2016;FR;France;Salmonids;Salmon;SAL;Atlantic salmon;300000;Live weight;1469000
2016;FR;France;Other marine fish;Seabass, European;BSS;European seabass;1748000;Live weight;15299000
2016;FR;France;Other marine fish;Seabream, gilthead;SBG;Gilthead seabream;1584000;Live weight;11564000
2016;FR;France;Crustaceans;Shrimp, warmwater;KUP;Kuruma prawn;50000;Live weight;987000
2016;FR;France;Flatfish;Sole, other;OAL;Senegalese sole;260000;Live weight;2469000
2016;FR;France;Salmonids;Trout;TRR;Rainbow trout;33725000;Live weight;120882000
2016;FR;France;Salmonids;Trout;TRS;Sea trout;586000;Live weight;4369000
2016;FR;France;Flatfish;Turbot;TUR;Turbot;300000;Live weight;2849000
2016;HR;Croatia;Tuna and tuna-like species;Tuna, bluefin;BFT;Atlantic bluefin tuna;2934000;Live weight;37277000
2016;HR;Croatia;Freshwater fish;Carp;BIC;Bighead carp;472000;Live weight;366000
2016;HR;Croatia;Other marine fish;Seabass, European;BSS;European seabass;5310000;Live weight;34217000
2016;HR;Croatia;Other marine fish;Seabream, other;DEC;Common dentex;1000;Live weight;13000
2016;HR;Croatia;Freshwater fish;Carp;FCG;Grass carp(=White amur);134000;Live weight;223000
2016;HR;Croatia;Freshwater fish;Carp;FCP;Common carp;2698000;Live weight;5225000
2016;HR;Croatia;Freshwater fish;Pike;FPI;Northern pike;9000;Live weight;52000
2016;HR;Croatia;Freshwater fish;Pike-perch;FPP;Pike-perch;7000;Live weight;57000
2016;HR;Croatia;Freshwater fish;Other freshwater fish;FRF;Freshwater fishes nei;71000;Live weight;85000
2016;HR;Croatia;Freshwater fish;Other freshwater fish;FTE;Tench;1000;Live weight;8000
2016;HR;Croatia;Other marine fish;Other marine fish;MGR;Meagre;125000;Live weight;965000
2016;HR;Croatia;Bivalves and other molluscs and aquatic invertebrates;Mussel Mytilus spp;MSM;Mediterranean mussel;699000;Live weight;831000
2016;HR;Croatia;Bivalves and other molluscs and aquatic invertebrates;Oyster;OYF;European flat oyster;64000;Live weight;848000
2016;HR;Croatia;Other marine fish;Seabream, gilthead;SBG;Gilthead seabream;4101000;Live weight;26776000
2016;HR;Croatia;Freshwater fish;Freshwater catfish;SOM;Wels(=Som)catfish;40000;Live weight;174000
2016;HR;Croatia;Freshwater fish;Carp;SVC;Silver carp;135000;Live weight;107000
2016;HR;Croatia;Salmonids;Trout;TRO;Trouts nei;12000;Live weight;58000
2016;HR;Croatia;Salmonids;Trout;TRR;Rainbow trout;454000;Live weight;1515000
2016;HR;Croatia;Flatfish;Turbot;TUR;Turbot;1000;Live weight;5000
2016;HU;Hungary;Freshwater fish;Freshwater catfish;CTO;Torpedo-shaped catfishes nei;3039000;Live weight;5894000
2016;HU;Hungary;Freshwater fish;Carp;FCG;Grass carp(=White amur);583000;Live weight;1001000
2016;HU;Hungary;Freshwater fish;Carp;FCP;Common carp;10321000;Live weight;19419000
2016;HU;Hungary;Freshwater fish;Pike;FPI;Northern pike;56000;Live weight;308000
2016;HU;Hungary;Freshwater fish;Pike-perch;FPP;Pike-perch;59000;Live weight;506000
2016;HU;Hungary;Freshwater fish;Other freshwater fish;FRF;Freshwater fishes nei;809000;Live weight;1506000
2016;HU;Hungary;Freshwater fish;Other freshwater fish;FTE;Tench;2000;Live weight;9000
2016;HU;Hungary;Freshwater fish;Carp;HXP;Carps nei;176000;Live weight;142000
2016;HU;Hungary;Freshwater fish;Freshwater catfish;SOM;Wels(=Som)catfish;178000;Live weight;853000
2016;HU;Hungary;Freshwater fish;Other freshwater fish;STU;Sturgeons nei;76000;Live weight;893000
2016;HU;Hungary;Freshwater fish;Carp;SVC;Silver carp;1144000;Live weight;944000
2016;HU;Hungary;Salmonids;Trout;TRR;Rainbow trout;67000;Live weight;298000
2016;IE;Ireland;Freshwater fish;Other freshwater fish;FRF;Freshwater fishes nei;15000;Live weight;99000
2016;IE;Ireland;Bivalves and other molluscs and aquatic invertebrates;Molluscs and aquatic invertebrates, other;INV;Aquatic invertebrates nei;4000;Live weight;98000
2016;IE;Ireland;Bivalves and other molluscs and aquatic invertebrates;Mussel Mytilus spp;MUS;Blue mussel;16156000;Live weight;12278000
2016;IE;Ireland;Bivalves and other molluscs and aquatic invertebrates;Oyster;OYF;European flat oyster;380000;Live weight;2259000
2016;IE;Ireland;Bivalves and other molluscs and aquatic invertebrates;Oyster;OYG;Pacific cupped oyster;7636000;Live weight;33136000
2016;IE;Ireland;Salmonids;Salmon;SAL;Atlantic salmon;16300000;Live weight;104483000
2016;IE;Ireland;Bivalves and other molluscs and aquatic invertebrates;Scallop;SCE;Great Atlantic scallop;33000;Live weight;158000
2016;IE;Ireland;Miscellaneous aquatic products;Seaweed and other algae;SWX;Seaweeds nei;50000;Live weight;50000
2016;IE;Ireland;Salmonids;Trout;TRR;Rainbow trout;705000;Live weight;1934000
2016;IT;Italy;Other marine fish;Seabass, European;BSS;European seabass;6800000;Live weight;53294000
2016;IT;Italy;Salmonids;Other salmonids;CHR;Chars nei;79000;Live weight;377000
2016;IT;Italy;Bivalves and other molluscs and aquatic invertebrates;Clam;CLJ;Japanese carpet shell;30053000;Live weight;132598000
2016;IT;Italy;Bivalves and other molluscs and aquatic invertebrates;Clam;CTG;Grooved carpet shell;109000;Live weight;441000
2016;IT;Italy;Freshwater fish;Eel;ELE;European eel;711000;Live weight;7279000
2016;IT;Italy;Freshwater fish;Other freshwater fish;FCY;Cyprinids nei;298000;Live weight;1043000
2016;IT;Italy;Freshwater fish;Other freshwater fish;FTE;Tench;15000;Live weight;93000
2016;IT;Italy;Freshwater fish;Other freshwater fish;ITM;Black bullhead;306000;Live weight;1838000
2016;IT;Italy;Freshwater fish;Freshwater catfish;ITP;Channel catfish;162000;Live weight;699000
2016;IT;Italy;Crustaceans;Shrimp, warmwater;KUP;Kuruma prawn;8000;Live weight;159000
2016;IT;Italy;Other marine fish;Other marine fish;MGR;Meagre;145000;Live weight;1095000
2016;IT;Italy;Freshwater fish;Other freshwater fish;MPS;Largemouth black bass;115000;Live weight;691000
2016;IT;Italy;Bivalves and other molluscs and aquatic invertebrates;Mussel Mytilus spp;MSM;Mediterranean mussel;57806000;Live weight;48593000
2016;IT;Italy;Other marine fish;Other marine fish;MUL;Mullets nei;124000;Live weight;854000
2016;IT;Italy;Bivalves and other molluscs and aquatic invertebrates;Oyster;OYF;European flat oyster;3000;Live weight;9000
2016;IT;Italy;Bivalves and other molluscs and aquatic invertebrates;Oyster;OYG;Pacific cupped oyster;115000;Live weight;936000
2016;IT;Italy;Other marine fish;Seabream, gilthead;SBG;Gilthead seabream;7600000;Live weight;53890000
2016;IT;Italy;Freshwater fish;Other freshwater fish;SBH;Striped bass, hybrid;315000;Live weight;2084000
2016;IT;Italy;Other marine fish;Seabream, other;SBX;Porgies, seabreams nei;15000;Live weight;134000
2016;IT;Italy;Flatfish;Sole, common;SOL;Common sole;4000;Live weight;37000
2016;IT;Italy;Other marine fish;Seabream, other;SRG;Sargo breams nei;14000;Live weight;154000
2016;IT;Italy;Freshwater fish;Other freshwater fish;STU;Sturgeons nei;920000;Live weight;8124000
2016;IT;Italy;Salmonids;Trout;SVF;Brook trout;590000;Live weight;2433000
2016;IT;Italy;Freshwater fish;Tilapia;TLP;Tilapias nei;80000;Live weight;320000
2016;IT;Italy;Salmonids;Other salmonids;TLV;Grayling;7000;Live weight;36000
2016;IT;Italy;Salmonids;Trout;TRO;Trouts nei;536000;Live weight;2621000
2016;IT;Italy;Salmonids;Trout;TRR;Rainbow trout;34307000;Live weight;97997000
2016;IT;Italy;Salmonids;Trout;TRS;Sea trout;668000;Live weight;2486000
2016;LT;Lithuania;Freshwater fish;Carp;BIC;Bighead carp;158000;Live weight;431000
2016;LT;Lithuania;Freshwater fish;Freshwater catfish;CLZ;North African catfish;118000;Live weight;374000
2016;LT;Lithuania;Freshwater fish;Carp;FCC;Crucian carp;12000;Live weight;22000
2016;LT;Lithuania;Freshwater fish;Carp;FCG;Grass carp(=White amur);42000;Live weight;125000
2016;LT;Lithuania;Freshwater fish;Carp;FCP;Common carp;3252000;Live weight;7602000
2016;LT;Lithuania;Freshwater fish;Pike;FPI;Northern pike;9000;Live weight;31000
2016;LT;Lithuania;Freshwater fish;Pike-perch;FPP;Pike-perch;1000;Live weight;5000
2016;LT;Lithuania;Freshwater fish;Other freshwater fish;FRF;Freshwater fishes nei;44000;Live weight;390000
2016;LT;Lithuania;Freshwater fish;Other freshwater fish;FTE;Tench;3000;Live weight;20000
2016;LT;Lithuania;Freshwater fish;Freshwater catfish;SOM;Wels(=Som)catfish;9000;Live weight;81000
2016;LT;Lithuania;Freshwater fish;Other freshwater fish;STU;Sturgeons nei;123000;Live weight;760000
2016;LT;Lithuania;Salmonids;Trout;TRR;Rainbow trout;328000;Live weight;1097000
2016;LV;Latvia;Salmonids;Other salmonids;ACH;Arctic char;1000;Live weight;6000
2016;LV;Latvia;Freshwater fish;Freshwater catfish;CLZ;North African catfish;50000;Live weight;152000
2016;LV;Latvia;Freshwater fish;Carp;FCC;Crucian carp;7000;Live weight;8000
2016;LV;Latvia;Freshwater fish;Carp;FCP;Common carp;569000;Live weight;1201000
2016;LV;Latvia;Freshwater fish;Pike;FPI;Northern pike;7000;Live weight;19000
2016;LV;Latvia;Freshwater fish;Pike-perch;FPP;Pike-perch;1000;Live weight;4000
2016;LV;Latvia;Freshwater fish;Other freshwater fish;FTE;Tench;9000;Live weight;20000
2016;LV;Latvia;Freshwater fish;Freshwater catfish;SOM;Wels(=Som)catfish;1000;Live weight;5000
2016;LV;Latvia;Freshwater fish;Other freshwater fish;STU;Sturgeons nei;51000;Live weight;266000
2016;LV;Latvia;Freshwater fish;Tilapia;TLP;Tilapias nei;1000;Live weight;4000
2016;LV;Latvia;Salmonids;Trout;TRR;Rainbow trout;82000;Live weight;340000
2016;MT;Malta;Tuna and tuna-like species;Tuna, bluefin;BFT;Atlantic bluefin tuna;10103000;Live weight;133347000
2016;MT;Malta;Other marine fish;Seabass, European;BSS;European seabass;39000;Live weight;256000
2016;MT;Malta;Other marine fish;Other marine fish;MZZ;Marine fishes nei;104000;Live weight;925000
2016;MT;Malta;Other marine fish;Seabream, gilthead;SBG;Gilthead seabream;2221000;Live weight;10330000
2016;NL;Netherlands;Freshwater fish;Freshwater catfish;CLZ;North African catfish;2900000;Live weight;4350000
2016;NL;Netherlands;Freshwater fish;Eel;ELE;European eel;2000000;Live weight;18000000
2016;NL;Netherlands;Freshwater fish;Pike-perch;FPP;Pike-perch;10000;Live weight;70000
2016;NL;Netherlands;Bivalves and other molluscs and aquatic invertebrates;Mussel Mytilus spp;MUS;Blue mussel;53175000;Live weight;44821000
2016;NL;Netherlands;Other marine fish;Other marine fish;MZZ;Marine fishes nei;390000;Live weight;2885000
2016;NL;Netherlands;Bivalves and other molluscs and aquatic invertebrates;Oyster;OYC;Cupped oysters nei;2655000;Live weight;10313000
2016;NL;Netherlands;Bivalves and other molluscs and aquatic invertebrates;Oyster;OYF;European flat oyster;644000;Live weight;5150000
2016;NL;Netherlands;Flatfish;Turbot;TUR;Turbot;100000;Live weight;749000
2016;PL;Poland;Crustaceans;Freshwater crayfish;AYS;Euro-American crayfishes nei;0;Live weight;2000
2016;PL;Poland;Freshwater fish;Other freshwater fish;CGO;Goldfish;220000;Live weight;295000
2016;PL;Poland;Salmonids;Other salmonids;CHR;Chars nei;938000;Live weight;3044000
2016;PL;Poland;Freshwater fish;Freshwater catfish;CLZ;North African catfish;282000;Live weight;604000
2016;PL;Poland;Freshwater fish;Eel;ELE;European eel;0;Live weight;0
2016;PL;Poland;Freshwater fish;Other freshwater fish;FBM;Freshwater bream;3000;Live weight;5000
2016;PL;Poland;Freshwater fish;Carp;FCG;Grass carp(=White amur);390000;Live weight;880000
2016;PL;Poland;Freshwater fish;Carp;FCP;Common carp;17400000;Live weight;39567000
2016;PL;Poland;Freshwater fish;Other freshwater fish;FID;Orfe(=Ide);15000;Live weight;24000
2016;PL;Poland;Freshwater fish;Other freshwater fish;FPE;European perch;7000;Live weight;14000
2016;PL;Poland;Freshwater fish;Pike;FPI;Northern pike;145000;Live weight;641000
2016;PL;Poland;Freshwater fish;Pike-perch;FPP;Pike-perch;20000;Live weight;128000
2016;PL;Poland;Freshwater fish;Other freshwater fish;FRF;Freshwater fishes nei;91000;Live weight;148000
2016;PL;Poland;Freshwater fish;Other freshwater fish;FRO;Roach;8000;Live weight;9000
2016;PL;Poland;Freshwater fish;Other freshwater fish;FTE;Tench;158000;Live weight;468000
2016;PL;Poland;Freshwater fish;Other freshwater fish;LUH;Chub;0;Live weight;0
2016;PL;Poland;Salmonids;Other salmonids;PLN;European whitefish;10000;Live weight;43000
2016;PL;Poland;Salmonids;Salmon;SAL;Atlantic salmon;272000;Live weight;1308000
2016;PL;Poland;Freshwater fish;Freshwater catfish;SOM;Wels(=Som)catfish;91000;Live weight;370000
2016;PL;Poland;Freshwater fish;Other freshwater fish;STU;Sturgeons nei;459000;Live weight;2454000
2016;PL;Poland;Freshwater fish;Carp;SVC;Silver carp;540000;Live weight;622000
2016;PL;Poland;Salmonids;Trout;SVF;Brook trout;617000;Live weight;1733000
2016;PL;Poland;Freshwater fish;Tilapia;TLN;Nile tilapia;150000;Live weight;385000
2016;PL;Poland;Salmonids;Trout;TRO;Trouts nei;41000;Live weight;130000
2016;PL;Poland;Salmonids;Trout;TRR;Rainbow trout;13730000;Live weight;38847000
2016;PL;Poland;Salmonids;Trout;TRS;Sea trout;16000;Live weight;121000
2016;PT;Portugal;Other marine fish;Other marine fish;AMB;Greater amberjack;1000;Live weight;13000
2016;PT;Portugal;Other marine fish;Seabass, other;BSE;Seabasses nei;3000;Live weight;13000
2016;PT;Portugal;Other marine fish;Seabass, European;BSS;European seabass;403000;Live weight;2809000
2016;PT;Portugal;Bivalves and other molluscs and aquatic invertebrates;Clam;CLX;Clams, etc. nei;4000;Live weight;19000
2016;PT;Portugal;Bivalves and other molluscs and aquatic invertebrates;Clam;COC;Common edible cockle;123000;Live weight;131000
2016;PT;Portugal;Bivalves and other molluscs and aquatic invertebrates;Clam;CTG;Grooved carpet shell;2312000;Live weight;23192000
2016;PT;Portugal;Bivalves and other molluscs and aquatic invertebrates;Clam;CTS;Pullet carpet shell;5000;Live weight;34000
2016;PT;Portugal;Freshwater fish;Eel;ELE;European eel;1000;Live weight;9000
2016;PT;Portugal;Other marine fish;Other marine fish;MGR;Meagre;63000;Live weight;512000
2016;PT;Portugal;Other marine fish;Other marine fish;MGS; ;1000;Live weight;1000
2016;PT;Portugal;Bivalves and other molluscs and aquatic invertebrates;Mussel, other;MSX;Sea mussels nei;1474000;Live weight;2433000
2016;PT;Portugal;Bivalves and other molluscs and aquatic invertebrates;Mussel Mytilus spp;MYV;Mytilus mussels nei;1474000;Live weight;2423000
2016;PT;Portugal;Flatfish;Sole, other;OAL;Senegalese sole;143000;Live weight;1601000
2016;PT;Portugal;Bivalves and other molluscs and aquatic invertebrates;Oyster;OST;Flat and cupped oysters nei;10000;Live weight;80000
2016;PT;Portugal;Bivalves and other molluscs and aquatic invertebrates;Oyster;OYC;Cupped oysters nei;356000;Live weight;1100000
2016;PT;Portugal;Bivalves and other molluscs and aquatic invertebrates;Oyster;OYG;Pacific cupped oyster;624000;Live weight;1633000
2016;PT;Portugal;Crustaceans;Shrimp, miscellaneous;PVR;Atlantic ditch shrimp;18000;Live weight;61000
2016;PT;Portugal;Bivalves and other molluscs and aquatic invertebrates;Clam;RAE;European razor clam;5000;Live weight;20000
2016;PT;Portugal;Other marine fish;Seabream, gilthead;SBG;Gilthead seabream;1162000;Live weight;6568000
2016;PT;Portugal;Flatfish;Sole, common;SOL;Common sole;4000;Live weight;58000
2016;PT;Portugal;Other marine fish;Seabream, other;SRG;Sargo breams nei;0;Live weight;1000
2016;PT;Portugal;Other marine fish;Seabream, other;SWA;White seabream;4000;Live weight;17000
2016;PT;Portugal;Miscellaneous aquatic products;Seaweed and other algae;SWG;Green seaweeds;4000;Live weight;98000
2016;PT;Portugal;Miscellaneous aquatic products;Seaweed and other algae;SWX;Seaweeds nei;0;Live weight;7000
2016;PT;Portugal;Salmonids;Trout;TRO;Trouts nei;676000;Live weight;1817000
2016;PT;Portugal;Flatfish;Turbot;TUR;Turbot;2388000;Live weight;18304000
2016;PT;Portugal;Bivalves and other molluscs and aquatic invertebrates;Clam;VNA;Golden carpet shell;3000;Live weight;3000
2016;SE;Sweden;Salmonids;Other salmonids;ACH;Arctic char;1760000;Live weight;9126000
2016;SE;Sweden;Crustaceans;Freshwater crayfish;AYS;Euro-American crayfishes nei;1000;Live weight;29000
2016;SE;Sweden;Freshwater fish;Eel;ELE;European eel;117000;Live weight;1149000
2016;SE;Sweden;Bivalves and other molluscs and aquatic invertebrates;Mussel Mytilus spp;MUS;Blue mussel;2317000;Live weight;1468000
2016;SE;Sweden;Salmonids;Salmon;SAL;Atlantic salmon;1000;Live weight;10000
2016;SE;Sweden;Salmonids;Trout;TRR;Rainbow trout;11547000;Live weight;39293000
2016;SE;Sweden;Salmonids;Trout;TRS;Sea trout;5000;Live weight;30000
2016;SI;Slovenia;Other marine fish;Seabass, European;BSS;European seabass;70000;Live weight;410000
2016;SI;Slovenia;Bivalves and other molluscs and aquatic invertebrates;Clam;CLX;Clams, etc. nei;5000;Live weight;52000
2016;SI;Slovenia;Freshwater fish;Carp;FCP;Common carp;150000;Live weight;330000
2016;SI;Slovenia;Freshwater fish;Other freshwater fish;FCY;Cyprinids nei;4000;Live weight;8000
2016;SI;Slovenia;Bivalves and other molluscs and aquatic invertebrates;Mussel Mytilus spp;MSM;Mediterranean mussel;607000;Live weight;304000
2016;SI;Slovenia;Salmonids;Other salmonids;SLZ;Salmonids nei;112000;Live weight;594000
2016;SI;Slovenia;Salmonids;Trout;TRR;Rainbow trout;833000;Live weight;3084000
2016;SK;Slovakia;Freshwater fish;Freshwater catfish;CLZ;North African catfish;10000;Live weight;71000
2016;SK;Slovakia;Freshwater fish;Carp;FCP;Common carp;357000;Live weight;745000
2016;SK;Slovakia;Freshwater fish;Other freshwater fish;FRF;Freshwater fishes nei;469000;Live weight;812000
2016;SK;Slovakia;Freshwater fish;Freshwater catfish;SOM;Wels(=Som)catfish;1000;Live weight;6000
2016;SK;Slovakia;Freshwater fish;Carp;SVC;Silver carp;51000;Live weight;30000
2016;SK;Slovakia;Salmonids;Trout;TRR;Rainbow trout;1080000;Live weight;3301000
2016;UK;United Kingdom;Salmonids;Other salmonids;ACH;Arctic char;17000;Live weight;112000
2016;UK;United Kingdom;Bivalves and other molluscs and aquatic invertebrates;Clam;CLJ;Japanese carpet shell;3000;Live weight;14000
2016;UK;United Kingdom;Bivalves and other molluscs and aquatic invertebrates;Clam;COC;Common edible cockle;1000;Live weight;4000
2016;UK;United Kingdom;Freshwater fish;Carp;FCP;Common carp;6000;Live weight;108000
2016;UK;United Kingdom;Flatfish;Halibut, Atlantic;HAL;Atlantic halibut;67000;Live weight;1047000
2016;UK;United Kingdom;Bivalves and other molluscs and aquatic invertebrates;Mussel, other;MSX;Sea mussels nei;14685000;Live weight;20816000
2016;UK;United Kingdom;Bivalves and other molluscs and aquatic invertebrates;Oyster;OYF;European flat oyster;23000;Live weight;179000
2016;UK;United Kingdom;Bivalves and other molluscs and aquatic invertebrates;Oyster;OYG;Pacific cupped oyster;2166000;Live weight;7220000
2016;UK;United Kingdom;Bivalves and other molluscs and aquatic invertebrates;Scallop;QSC;Queen scallop;6000;Live weight;22000
2016;UK;United Kingdom;Salmonids;Salmon;SAL;Atlantic salmon;163135000;Live weight;936136000
2016;UK;United Kingdom;Bivalves and other molluscs and aquatic invertebrates;Scallop;SCE;Great Atlantic scallop;4000;Live weight;83000
2016;UK;United Kingdom;Salmonids;Other salmonids;SLZ;Salmonids nei;6000;Live weight;140000
2015;FR;France;Bivalves and other molluscs and aquatic invertebrates;Mussel Mytilus spp;MSM;Mediterranean mussel;10149000;Live weight;18348000
2015;FR;France;Bivalves and other molluscs and aquatic invertebrates;Mussel Mytilus spp;MUS;Blue mussel;46653000;Live weight;94028000
2015;FR;France;Freshwater fish;Other freshwater fish;FCY;Cyprinids nei;300000;Live weight;504000
2015;FR;France;Freshwater fish;Other freshwater fish;FRF;Freshwater fishes nei;500000;Live weight;1500000
2015;FR;France;Freshwater fish;Other freshwater fish;FRX;Roaches nei;1900000;Live weight;4427000
2015;FR;France;Freshwater fish;Other freshwater fish;FTE;Tench;900000;Live weight;1998000
2015;FR;France;Freshwater fish;Other freshwater fish;STU;Sturgeons nei;445000;Live weight;2539000
2015;FR;France;Other marine fish;Other marine fish;MGR;Meagre;600000;Live weight;4459000
2015;FR;France;Other marine fish;Other marine fish;MZZ;Marine fishes nei;692000;Live weight;8079000
2015;FR;France;Salmonids;Other salmonids;SLX;Salmonoids nei;1048000;Live weight;5096000
2015;FR;France;Bivalves and other molluscs and aquatic invertebrates;Oyster;OYF;European flat oyster;70100000;Live weight;532600000
2015;FR;France;Bivalves and other molluscs and aquatic invertebrates;Oyster;OYG;Pacific cupped oyster;64180000;Live weight;330643000
2015;FR;France;Salmonids;Salmon;SAL;Atlantic salmon;300000;Live weight;1469000
2015;FR;France;Other marine fish;Seabass, European;BSS;European seabass;2156000;Live weight;18168000
2015;FR;France;Other marine fish;Seabream, gilthead;SBG;Gilthead seabream;1381000;Live weight;10678000
2015;FR;France;Miscellaneous aquatic products;Seaweed and other algae;SWX;Seaweeds nei;61000;Live weight;263000
2015;FR;France;Crustaceans;Shrimp, warmwater;KUP;Kuruma prawn;62000;Live weight;1278000
2015;FR;France;Flatfish;Sole, other;OAL;Senegalese sole;260000;Live weight;2468000
2015;FR;France;Salmonids;Trout;TRR;Rainbow trout;28830000;Live weight;105467000
2015;FR;France;Salmonids;Trout;TRS;Sea trout;1329000;Live weight;9253000
2015;FR;France;Flatfish;Turbot;TUR;Turbot;300000;Live weight;2848000
2015;HR;Croatia;Tuna and tuna-like species;Tuna, bluefin;BFT;Atlantic bluefin tuna;2603000;Live weight;37850000
2015;HR;Croatia;Freshwater fish;Carp;BIC;Bighead carp;295000;Live weight;241000
2015;HR;Croatia;Other marine fish;Seabass, European;BSS;European seabass;4488000;Live weight;28760000
2015;HR;Croatia;Other marine fish;Seabream, other;DEC;Common dentex;4000;Live weight;49000
2015;HR;Croatia;Freshwater fish;Carp;FCG;Grass carp(=White amur);132000;Live weight;195000
2015;HR;Croatia;Freshwater fish;Carp;FCP;Common carp;3401000;Live weight;5387000
2015;HR;Croatia;Freshwater fish;Pike;FPI;Northern pike;9000;Live weight;42000
2015;HR;Croatia;Freshwater fish;Pike-perch;FPP;Pike-perch;10000;Live weight;67000
2015;HR;Croatia;Freshwater fish;Other freshwater fish;FRF;Freshwater fishes nei;82000;Live weight;73000
2015;HR;Croatia;Freshwater fish;Other freshwater fish;FTE;Tench;3000;Live weight;13000
2015;HR;Croatia;Other marine fish;Other marine fish;MGR;Meagre;67000;Live weight;433000
2015;HR;Croatia;Bivalves and other molluscs and aquatic invertebrates;Mussel Mytilus spp;MSM;Mediterranean mussel;746000;Live weight;870000
2015;HR;Croatia;Bivalves and other molluscs and aquatic invertebrates;Oyster;OYF;European flat oyster;52000;Live weight;573000
2015;HR;Croatia;Other marine fish;Seabream, gilthead;SBG;Gilthead seabream;4075000;Live weight;25746000
2015;HR;Croatia;Freshwater fish;Freshwater catfish;SOM;Wels(=Som)catfish;48000;Live weight;192000
2015;HR;Croatia;Freshwater fish;Carp;SVC;Silver carp;174000;Live weight;88000
2015;HR;Croatia;Salmonids;Trout;TRO;Trouts nei;13000;Live weight;68000
2015;HR;Croatia;Salmonids;Trout;TRR;Rainbow trout;666000;Live weight;1958000
2015;HR;Croatia;Flatfish;Turbot;TUR;Turbot;7000;Live weight;59000
2015;HU;Hungary;Freshwater fish;Carp;BIC;Bighead carp;85000;Live weight;65000
2015;HU;Hungary;Freshwater fish;Freshwater catfish;CLZ;North African catfish;2840000;Live weight;5359000
2015;HU;Hungary;Freshwater fish;Carp;FCG;Grass carp(=White amur);516000;Live weight;847000
2015;HU;Hungary;Freshwater fish;Carp;FCP;Common carp;10725000;Live weight;18959000
2015;HU;Hungary;Freshwater fish;Pike;FPI;Northern pike;30000;Live weight;152000
2015;HU;Hungary;Freshwater fish;Pike-perch;FPP;Pike-perch;27000;Live weight;200000
2015;HU;Hungary;Freshwater fish;Other freshwater fish;FRF;Freshwater fishes nei;612000;Live weight;1135000
2015;HU;Hungary;Freshwater fish;Freshwater catfish;SOM;Wels(=Som)catfish;149000;Live weight;650000
2015;HU;Hungary;Freshwater fish;Other freshwater fish;STU;Sturgeons nei;142000;Live weight;1359000
2015;HU;Hungary;Freshwater fish;Carp;SVC;Silver carp;2169000;Live weight;1707000
2015;HU;Hungary;Salmonids;Trout;TRR;Rainbow trout;42000;Live weight;194000
2015;IE;Ireland;Freshwater fish;Other freshwater fish;FRF;Freshwater fishes nei;45000;Live weight;266000
2015;IE;Ireland;Bivalves and other molluscs and aquatic invertebrates;Molluscs and aquatic invertebrates, other;INV;Aquatic invertebrates nei;4000;Live weight;172000
2015;IE;Ireland;Bivalves and other molluscs and aquatic invertebrates;Mussel Mytilus spp;MUS;Blue mussel;16015000;Live weight;12692000
2015;IE;Ireland;Bivalves and other molluscs and aquatic invertebrates;Oyster;OYF;European flat oyster;474000;Live weight;2600000
2015;IE;Ireland;Bivalves and other molluscs and aquatic invertebrates;Oyster;OYG;Pacific cupped oyster;7004000;Live weight;28157000
2015;IE;Ireland;Salmonids;Salmon;SAL;Atlantic salmon;13116000;Live weight;89830000
2015;IE;Ireland;Bivalves and other molluscs and aquatic invertebrates;Scallop;SCE;Great Atlantic scallop;50000;Live weight;234000
2015;IE;Ireland;Miscellaneous aquatic products;Seaweed and other algae;SWX;Seaweeds nei;70000;Live weight;70000
2015;IE;Ireland;Salmonids;Trout;TRR;Rainbow trout;803000;Live weight;2462000
2015;IT;Italy;Freshwater fish;Other freshwater fish;AAA;Adriatic sturgeon;3000;Live weight;100000
2015;IT;Italy;Salmonids;Other salmonids;ACH;Arctic char;33000;Live weight;169000
2015;IT;Italy;Freshwater fish;Other freshwater fish;APB;Siberian sturgeon;75000;Live weight;2537000
2015;IT;Italy;Freshwater fish;Other freshwater fish;APE;Starry sturgeon;1000;Live weight;25000
2015;IT;Italy;Other marine fish;Smelt;ATB;Big-scale sand smelt;11000;Live weight;50000
2015;IT;Italy;Crustaceans;Freshwater crayfish;AYS;Euro-American crayfishes nei;9000;Live weight;124000
2015;IT;Italy;Other marine fish;Seabass, European;BSS;European seabass;5633000;Live weight;44893000
2015;IT;Italy;Salmonids;Other salmonids;CHR;Chars nei;1000;Live weight;6000
2015;IT;Italy;Bivalves and other molluscs and aquatic invertebrates;Clam;CLJ;Japanese carpet shell;39542000;Live weight;136767000
2015;IT;Italy;Other marine fish;Other marine fish;COB;Shi drum;25000;Live weight;183000
2015;IT;Italy;Bivalves and other molluscs and aquatic invertebrates;Clam;CTG;Grooved carpet shell;9133000;Live weight;40999000
2015;IT;Italy;Freshwater fish;Eel;ELE;European eel;496000;Live weight;5467000
2015;IT;Italy;Freshwater fish;Carp;FCC;Crucian carp;5000;Live weight;16000
2015;IT;Italy;Freshwater fish;Carp;FCP;Common carp;220000;Live weight;1109000
2015;IT;Italy;Freshwater fish;Other freshwater fish;FPE;European perch;60000;Live weight;630000
2015;IT;Italy;Freshwater fish;Pike;FPI;Northern pike;0;Live weight;1000
2015;IT;Italy;Freshwater fish;Other freshwater fish;FTE;Tench;16000;Live weight;175000
2015;IT;Italy;Freshwater fish;Other freshwater fish;ITM;Black bullhead;223000;Live weight;1397000
2015;IT;Italy;Freshwater fish;Freshwater catfish;ITP;Channel catfish;138000;Live weight;596000
2015;IT;Italy;Crustaceans;Shrimp, warmwater;KUP;Kuruma prawn;11000;Live weight;226000
2015;IT;Italy;Other marine fish;Other marine fish;MGR;Meagre;21000;Live weight;134000
2015;IT;Italy;Freshwater fish;Other freshwater fish;MPS;Largemouth black bass;123000;Live weight;745000
2015;IT;Italy;Bivalves and other molluscs and aquatic invertebrates;Mussel Mytilus spp;MSM;Mediterranean mussel;52526000;Live weight;43315000
2015;IT;Italy;Other marine fish;Other marine fish;MUF;Flathead grey mullet;172000;Live weight;987000
2015;IT;Italy;Other marine fish;Other marine fish;MUL;Mullets nei;161000;Live weight;855000
2015;IT;Italy;Bivalves and other molluscs and aquatic invertebrates;Oyster;OYG;Pacific cupped oyster;154000;Live weight;987000
2015;IT;Italy;Crustaceans;Shrimp, miscellaneous;PAL;Palaemonid shrimps nei;0;Live weight;0
2015;IT;Italy;Crustaceans;Freshwater crayfish;RCW;Red swamp crawfish;0;Live weight;3000
2015;IT;Italy;Other marine fish;Seabream, gilthead;SBG;Gilthead seabream;5947000;Live weight;43647000
2015;IT;Italy;Freshwater fish;Other freshwater fish;SBH;Striped bass, hybrid;305000;Live weight;1984000
2015;PT;Portugal;Bivalves and other molluscs and aquatic invertebrates;Mussel Mytilus spp;MYV;Mytilus mussels nei;1315000;Live weight;1023000
2015;PT;Portugal;Bivalves and other molluscs and aquatic invertebrates;Mussel, other;MSX;Sea mussels nei;1315000;Live weight;1026000
2015;PT;Portugal;Other marine fish;Other marine fish;MGS; ;1000;Live weight;1000
2015;PT;Portugal;Other marine fish;Other marine fish;MGR;Meagre;61000;Live weight;512000
2015;PT;Portugal;Freshwater fish;Eel;ELE;European eel;1000;Live weight;9000
2015;PT;Portugal;Bivalves and other molluscs and aquatic invertebrates;Clam;CTS;Pullet carpet shell;4000;Live weight;26000
2015;PT;Portugal;Bivalves and other molluscs and aquatic invertebrates;Clam;CTG;Grooved carpet shell;2295000;Live weight;26025000
2015;PT;Portugal;Bivalves and other molluscs and aquatic invertebrates;Clam;COC;Common edible cockle;106000;Live weight;107000
2015;PT;Portugal;Other marine fish;Seabass, European;BSS;European seabass;295000;Live weight;1941000
2015;PT;Portugal;Other marine fish;Seabass, other;BSE;Seabasses nei;2000;Live weight;7000
2015;PL;Poland;Salmonids;Trout;TRS;Sea trout;17000;Live weight;58000
2015;PL;Poland;Salmonids;Trout;TRR;Rainbow trout;12727000;Live weight;36349000
2015;PL;Poland;Salmonids;Trout;TRO;Trouts nei;4000;Live weight;17000
2015;PL;Poland;Freshwater fish;Tilapia;TLP;Tilapias nei;500000;Live weight;2271000
2015;PL;Poland;Salmonids;Trout;SVF;Brook trout;551000;Live weight;1627000
2015;PL;Poland;Freshwater fish;Carp;SVC;Silver carp;495000;Live weight;587000
2015;PL;Poland;Freshwater fish;Other freshwater fish;STU;Sturgeons nei;317000;Live weight;1657000
2015;PL;Poland;Freshwater fish;Freshwater catfish;SOM;Wels(=Som)catfish;192000;Live weight;766000
2015;PL;Poland;Salmonids;Salmon;SAL;Atlantic salmon;4000;Live weight;16000
2015;PL;Poland;Salmonids;Other salmonids;PLN;European whitefish;2000;Live weight;6000
2015;PL;Poland;Freshwater fish;Other freshwater fish;LUH;Chub;0;Live weight;0
2015;PL;Poland;Freshwater fish;Other freshwater fish;FTE;Tench;137000;Live weight;451000
2015;PL;Poland;Freshwater fish;Other freshwater fish;FRO;Roach;14000;Live weight;15000
2015;PL;Poland;Freshwater fish;Other freshwater fish;FRF;Freshwater fishes nei;1000;Live weight;1000
2015;PL;Poland;Freshwater fish;Pike-perch;FPP;Pike-perch;17000;Live weight;110000
2015;PL;Poland;Freshwater fish;Pike;FPI;Northern pike;169000;Live weight;769000
2015;PL;Poland;Freshwater fish;Other freshwater fish;FPE;European perch;7000;Live weight;15000
2015;PL;Poland;Freshwater fish;Other freshwater fish;FID;Orfe(=Ide);12000;Live weight;19000
2015;PL;Poland;Freshwater fish;Carp;FCP;Common carp;16223000;Live weight;36098000
2015;PL;Poland;Freshwater fish;Carp;FCG;Grass carp(=White amur);431000;Live weight;946000
2015;PL;Poland;Freshwater fish;Other freshwater fish;FBM;Freshwater bream;2000;Live weight;2000
2015;PL;Poland;Freshwater fish;Eel;ELE;European eel;0;Live weight;5000
2015;PL;Poland;Freshwater fish;Freshwater catfish;CLZ;North African catfish;252000;Live weight;750000
2015;PL;Poland;Salmonids;Other salmonids;CHR;Chars nei;1238000;Live weight;3775000
2015;PL;Poland;Freshwater fish;Other freshwater fish;CGO;Goldfish;248000;Live weight;292000
2015;PL;Poland;Crustaceans;Freshwater crayfish;AYS;Euro-American crayfishes nei;0;Live weight;1000
2015;NL;Netherlands;Flatfish;Turbot;TUR;Turbot;100000;Live weight;750000
2015;NL;Netherlands;Bivalves and other molluscs and aquatic invertebrates;Oyster;OYF;European flat oyster;405000;Live weight;3621000
2015;NL;Netherlands;Bivalves and other molluscs and aquatic invertebrates;Oyster;OYC;Cupped oysters nei;2299000;Live weight;9456000
2015;NL;Netherlands;Other marine fish;Other marine fish;MZZ;Marine fishes nei;390000;Live weight;2885000
2015;NL;Netherlands;Bivalves and other molluscs and aquatic invertebrates;Mussel Mytilus spp;MUS;Blue mussel;54211000;Live weight;57370000
2015;NL;Netherlands;Freshwater fish;Pike-perch;FPP;Pike-perch;130000;Live weight;910000
2015;NL;Netherlands;Freshwater fish;Eel;ELE;European eel;2000000;Live weight;17000000
2015;NL;Netherlands;Freshwater fish;Freshwater catfish;CLZ;North African catfish;2900000;Live weight;4350000
2015;MT;Malta;Other marine fish;Seabream, gilthead;SBG;Gilthead seabream;2337000;Live weight;11864000
2015;MT;Malta;Other marine fish;Other marine fish;MZZ;Marine fishes nei;385000;Live weight;4783000
2015;MT;Malta;Other marine fish;Seabass, European;BSS;European seabass;27000;Live weight;189000
2015;MT;Malta;Tuna and tuna-like species;Tuna, bluefin;BFT;Atlantic bluefin tuna;8051000;Live weight;111089000
2015;LV;Latvia;Salmonids;Trout;TRR;Rainbow trout;134000;Live weight;562000
2015;LV;Latvia;Freshwater fish;Tilapia;TLP;Tilapias nei;2000;Live weight;6000
2015;LV;Latvia;Freshwater fish;Carp;SVC;Silver carp;1000;Live weight;0
2015;LV;Latvia;Freshwater fish;Other freshwater fish;STU;Sturgeons nei;91000;Live weight;481000
2015;LV;Latvia;Freshwater fish;Other freshwater fish;FTE;Tench;5000;Live weight;14000
2015;LV;Latvia;Freshwater fish;Other freshwater fish;FRF;Freshwater fishes nei;5000;Live weight;13000
2015;LV;Latvia;Freshwater fish;Pike-perch;FPP;Pike-perch;1000;Live weight;6000
2015;LV;Latvia;Freshwater fish;Pike;FPI;Northern pike;11000;Live weight;25000
2015;LV;Latvia;Freshwater fish;Other freshwater fish;FPE;European perch;1000;Live weight;2000
2015;LV;Latvia;Freshwater fish;Carp;FCP;Common carp;549000;Live weight;1092000
2015;LV;Latvia;Freshwater fish;Carp;FCG;Grass carp(=White amur);2000;Live weight;7000
2015;LV;Latvia;Freshwater fish;Carp;FCC;Crucian carp;11000;Live weight;13000
2015;LV;Latvia;Freshwater fish;Other freshwater fish;FBM;Freshwater bream;1000;Live weight;1000
2015;LV;Latvia;Freshwater fish;Freshwater catfish;CLZ;North African catfish;49000;Live weight;153000
2015;LT;Lithuania;Salmonids;Trout;TRR;Rainbow trout;244000;Live weight;838000
2015;LT;Lithuania;Freshwater fish;Other freshwater fish;STU;Sturgeons nei;83000;Live weight;371000
2015;LT;Lithuania;Freshwater fish;Other freshwater fish;FTE;Tench;2000;Live weight;16000
2015;LT;Lithuania;Freshwater fish;Other freshwater fish;FRF;Freshwater fishes nei;10000;Live weight;71000
2015;LT;Lithuania;Freshwater fish;Pike;FPI;Northern pike;20000;Live weight;71000
2015;LT;Lithuania;Freshwater fish;Carp;FCP;Common carp;3401000;Live weight;7237000
2015;LT;Lithuania;Freshwater fish;Carp;FCG;Grass carp(=White amur);91000;Live weight;228000
2015;LT;Lithuania;Freshwater fish;Carp;FCC;Crucian carp;15000;Live weight;26000
2015;LT;Lithuania;Freshwater fish;Freshwater catfish;CLZ;North African catfish;131000;Live weight;445000
2015;LT;Lithuania;Freshwater fish;Carp;BIC;Bighead carp;89000;Live weight;215000
2015;IT;Italy;Salmonids;Trout;TRS;Sea trout;1013000;Live weight;4514000
2015;IT;Italy;Salmonids;Trout;TRR;Rainbow trout;30503000;Live weight;94074000
2015;IT;Italy;Salmonids;Trout;TRO;Trouts nei;333000;Live weight;1608000
2015;IT;Italy;Salmonids;Other salmonids;TLV;Grayling;0;Live weight;1000
2015;IT;Italy;Freshwater fish;Tilapia;TLP;Tilapias nei;1000;Live weight;5000
2015;IT;Italy;Other marine fish;Seabream, other;SWA;White seabream;3000;Live weight;36000
2015;IT;Italy;Salmonids;Trout;SVF;Brook trout;483000;Live weight;2139000
2015;IT;Italy;Freshwater fish;Other freshwater fish;STU;Sturgeons nei;725000;Live weight;6389000
2015;IT;Italy;Other marine fish;Seabream, other;SRG;Sargo breams nei;0;Live weight;1000
2015;IT;Italy;Freshwater fish;Freshwater catfish;SOM;Wels(=Som)catfish;1000;Live weight;596000
2015;IT;Italy;Flatfish;Sole, common;SOL;Common sole;6000;Live weight;60000
2015;IT;Italy;Other marine fish;Seabream, other;SHR;Sharpsnout seabream;10000;Live weight;77000
2015;IT;Italy;Other marine fish;Seabream, other;SBX;Porgies, seabreams nei;14000;Live weight;133000
2015;UK;United Kingdom;Salmonids;Trout;TRS;Sea trout;349000;Live weight;3406000
2015;UK;United Kingdom;Salmonids;Trout;TRR;Rainbow trout;14839000;Live weight;58275000
2015;UK;United Kingdom;Freshwater fish;Tilapia;TLN;Nile tilapia;4000;Live weight;20000
2015;UK;United Kingdom;Bivalves and other molluscs and aquatic invertebrates;Scallop;SCE;Great Atlantic scallop;4000;Live weight;86000
2015;UK;United Kingdom;Salmonids;Salmon;SAL;Atlantic salmon;172146000;Live weight;880897000
2015;UK;United Kingdom;Bivalves and other molluscs and aquatic invertebrates;Scallop;QSC;Queen scallop;1000;Live weight;4000
2015;UK;United Kingdom;Bivalves and other molluscs and aquatic invertebrates;Oyster;OYG;Pacific cupped oyster;1822000;Live weight;5770000
2015;UK;United Kingdom;Bivalves and other molluscs and aquatic invertebrates;Oyster;OYF;European flat oyster;24000;Live weight;207000
2015;UK;United Kingdom;Bivalves and other molluscs and aquatic invertebrates;Mussel, other;MSX;Sea mussels nei;19254000;Live weight;35066000
2015;UK;United Kingdom;Flatfish;Halibut, Atlantic;HAL;Atlantic halibut;56000;Live weight;887000
2015;UK;United Kingdom;Freshwater fish;Carp;FCP;Common carp;5000;Live weight;107000
2015;UK;United Kingdom;Bivalves and other molluscs and aquatic invertebrates;Clam;COC;Common edible cockle;3045000;Live weight;10486000
2015;UK;United Kingdom;Bivalves and other molluscs and aquatic invertebrates;Clam;CLJ;Japanese carpet shell;6000;Live weight;28000
2015;UK;United Kingdom;Bivalves and other molluscs and aquatic invertebrates;Clam;CLH;Northern quahog(=Hard clam);2000;Live weight;9000
2015;UK;United Kingdom;Salmonids;Other salmonids;ACH;Arctic char;11000;Live weight;86000
2015;SK;Slovakia;Salmonids;Trout;TRR;Rainbow trout;926000;Live weight;2870000
2015;SK;Slovakia;Salmonids;Trout;SVF;Brook trout;12000;Live weight;40000
2015;SK;Slovakia;Freshwater fish;Other freshwater fish;FRF;Freshwater fishes nei;16000;Live weight;50000
2015;SK;Slovakia;Freshwater fish;Carp;FCP;Common carp;258000;Live weight;552000
2015;SK;Slovakia;Freshwater fish;Carp;FCG;Grass carp(=White amur);6000;Live weight;15000
2015;SK;Slovakia;Freshwater fish;Freshwater catfish;CLZ;North African catfish;11000;Live weight;39000
2015;SK;Slovakia;Freshwater fish;Other freshwater fish;CGO;Goldfish;20000;Live weight;10000
2015;SI;Slovenia;Salmonids;Trout;TRR;Rainbow trout;656000;Live weight;2303000
2015;SI;Slovenia;Salmonids;Other salmonids;SLZ;Salmonids nei;142000;Live weight;822000
2015;SI;Slovenia;Bivalves and other molluscs and aquatic invertebrates;Mussel Mytilus spp;MSM;Mediterranean mussel;573000;Live weight;287000
2015;SI;Slovenia;Freshwater fish;Other freshwater fish;FCY;Cyprinids nei;8000;Live weight;17000
2015;SI;Slovenia;Freshwater fish;Carp;FCP;Common carp;127000;Live weight;285000
2015;SI;Slovenia;Bivalves and other molluscs and aquatic invertebrates;Clam;CLX;Clams, etc. nei;5000;Live weight;55000
2015;SI;Slovenia;Other marine fish;Seabass, European;BSS;European seabass;70000;Live weight;434000
2015;SE;Sweden;Salmonids;Trout;TRS;Sea trout;5000;Live weight;37000
2015;SE;Sweden;Salmonids;Trout;TRR;Rainbow trout;8967000;Live weight;31078000
2015;SE;Sweden;Bivalves and other molluscs and aquatic invertebrates;Mussel Mytilus spp;MUS;Blue mussel;1525000;Live weight;995000
2015;SE;Sweden;Freshwater fish;Eel;ELE;European eel;104000;Live weight;823000
2015;SE;Sweden;Crustaceans;Freshwater crayfish;AYS;Euro-American crayfishes nei;1000;Live weight;26000
2015;SE;Sweden;Salmonids;Other salmonids;ACH;Arctic char;1675000;Live weight;10154000
2015;RO;Romania;Flatfish;Turbot;TUR;Turbot;20000;Live weight;113000
2015;RO;Romania;Salmonids;Trout;TRR;Rainbow trout;1345000;Live weight;4777000
2015;RO;Romania;Salmonids;Trout;TRO;Trouts nei;27000;Live weight;116000
2015;RO;Romania;Salmonids;Trout;SVF;Brook trout;170000;Live weight;540000
2015;RO;Romania;Freshwater fish;Carp;SVC;Silver carp;1843000;Live weight;2073000
2015;RO;Romania;Freshwater fish;Other freshwater fish;STU;Sturgeons nei;13000;Live weight;92000
2015;RO;Romania;Freshwater fish;Freshwater catfish;SOM;Wels(=Som)catfish;85000;Live weight;219000
2015;RO;Romania;Freshwater fish;Other freshwater fish;PAM;Mississippi paddlefish;1000;Live weight;4000
2015;RO;Romania;Other marine fish;Other marine fish;MZZ;Marine fishes nei;1000;Live weight;3000
2015;RO;Romania;Bivalves and other molluscs and aquatic invertebrates;Mussel Mytilus spp;MSM;Mediterranean mussel;35000;Live weight;51000
2015;RO;Romania;Freshwater fish;Other freshwater fish;FRF;Freshwater fishes nei;5000;Live weight;7000
2015;RO;Romania;Freshwater fish;Pike-perch;FPP;Pike-perch;84000;Live weight;344000
2015;RO;Romania;Freshwater fish;Pike;FPI;Northern pike;42000;Live weight;95000
2015;RO;Romania;Freshwater fish;Other freshwater fish;FCY;Cyprinids nei;28000;Live weight;36000
2015;RO;Romania;Freshwater fish;Carp;FCP;Common carp;4349000;Live weight;9959000
2015;RO;Romania;Freshwater fish;Carp;FCG;Grass carp(=White amur);128000;Live weight;269000
2015;RO;Romania;Freshwater fish;Other freshwater fish;FBM;Freshwater bream;38000;Live weight;35000
2015;RO;Romania;Freshwater fish;Carp;CWG;Prussian carp;873000;Live weight;820000
2015;RO;Romania;Freshwater fish;Freshwater catfish;CLZ;North African catfish;110000;Live weight;185000
2015;RO;Romania;Freshwater fish;Carp;BIC;Bighead carp;1840000;Live weight;2148000
2015;PT;Portugal;Bivalves and other molluscs and aquatic invertebrates;Clam;VNA;Golden carpet shell;1000;Live weight;1000
2015;PT;Portugal;Flatfish;Turbot;TUR;Turbot;2302000;Live weight;11998000
2015;PT;Portugal;Salmonids;Trout;TRO;Trouts nei;890000;Live weight;2136000
2015;PT;Portugal;Miscellaneous aquatic products;Seaweed and other algae;SWX;Seaweeds nei;0;Live weight;10000
2015;PT;Portugal;Miscellaneous aquatic products;Seaweed and other algae;SWG;Green seaweeds;2000;Live weight;71000
2015;PT;Portugal;Other marine fish;Seabream, other;SWA;White seabream;0;Live weight;0
2015;PT;Portugal;Other marine fish;Seabream, other;SRG;Sargo breams nei;0;Live weight;1000
2015;PT;Portugal;Flatfish;Sole, common;SOL;Common sole;130000;Live weight;1508000
2015;PT;Portugal;Other marine fish;Seabream, gilthead;SBG;Gilthead seabream;1099000;Live weight;6124000
2015;PT;Portugal;Bivalves and other molluscs and aquatic invertebrates;Clam;RAE;European razor clam;10000;Live weight;42000
2015;PT;Portugal;Crustaceans;Shrimp, miscellaneous;PVR;Atlantic ditch shrimp;13000;Live weight;38000
2015;PT;Portugal;Bivalves and other molluscs and aquatic invertebrates;Oyster;OYG;Pacific cupped oyster;576000;Live weight;1011000
2015;PT;Portugal;Bivalves and other molluscs and aquatic invertebrates;Oyster;OYF;European flat oyster;0;Live weight;1000
2015;PT;Portugal;Bivalves and other molluscs and aquatic invertebrates;Oyster;OYC;Cupped oysters nei;451000;Live weight;1604000
2015;PT;Portugal;Bivalves and other molluscs and aquatic invertebrates;Oyster;OST;Flat and cupped oysters nei;8000;Live weight;20000
2015;AT;Austria;Salmonids;Other salmonids;ACH;Arctic char;208000;Live weight;2025000
2015;AT;Austria;Freshwater fish;Carp;BIC;Bighead carp;0;Live weight;2000
2015;AT;Austria;Freshwater fish;Freshwater catfish;CLZ;North African catfish;441000;Live weight;1154000
2015;AT;Austria;Freshwater fish;Carp;FCG;Grass carp(=White amur);29000;Live weight;128000
2015;AT;Austria;Freshwater fish;Carp;FCP;Common carp;618000;Live weight;2220000
2015;AT;Austria;Freshwater fish;Pike;FPI;Northern pike;5000;Live weight;64000
2015;AT;Austria;Freshwater fish;Pike-perch;FPP;Pike-perch;8000;Live weight;132000
2015;AT;Austria;Freshwater fish;Other freshwater fish;FRO;Roach;6000;Live weight;17000
2015;AT;Austria;Freshwater fish;Other freshwater fish;FTE;Tench;7000;Live weight;50000
2015;AT;Austria;Salmonids;Salmon;HUC;Huchen;15000;Live weight;238000
2015;AT;Austria;Salmonids;Other salmonids;SLX;Salmonoids nei;10000;Live weight;1420000
2015;AT;Austria;Freshwater fish;Other freshwater fish;SRE;Rudd;3000;Live weight;11000
2015;AT;Austria;Freshwater fish;Other freshwater fish;STU;Sturgeons nei;4000;Live weight;56000
2015;AT;Austria;Freshwater fish;Carp;SVC;Silver carp;10000;Live weight;8000
2015;AT;Austria;Salmonids;Trout;SVF;Brook trout;426000;Live weight;2659000
2015;AT;Austria;Salmonids;Other salmonids;TLV;Grayling;3000;Live weight;1398000
2015;AT;Austria;Salmonids;Trout;TRR;Rainbow trout;1185000;Live weight;7260000
2015;AT;Austria;Salmonids;Trout;TRS;Sea trout;347000;Live weight;2202000
2015;AT;Austria;Salmonids;Other salmonids;WHF;Whitefishes nei;1000;Live weight;1200000
2015;BE;Belgium;Freshwater fish;Other freshwater fish;FRF;Freshwater fishes nei;32000;Live weight;320000
2015;BE;Belgium;Salmonids;Trout;TRR;Rainbow trout;50000;Live weight;220000
2015;BG;Bulgaria;Freshwater fish;Other freshwater fish;ALR;Bleak;12000;Live weight;11000
2015;BG;Bulgaria;Freshwater fish;Other freshwater fish;APB;Siberian sturgeon;96000;Live weight;479000
2015;BG;Bulgaria;Freshwater fish;Other freshwater fish;APE;Starry sturgeon;1000;Live weight;6000
2015;BG;Bulgaria;Freshwater fish;Other freshwater fish;APG;Danube sturgeon(=Osetr);217000;Live weight;1288000
2015;BG;Bulgaria;Crustaceans;Freshwater crayfish;AYS;Euro-American crayfishes nei;2000;Live weight;5000
2015;BG;Bulgaria;Freshwater fish;Carp;BIC;Bighead carp;1576000;Live weight;1360000
2015;BG;Bulgaria;Freshwater fish;Other freshwater fish;BKC;Black carp;13000;Live weight;28000
2015;BG;Bulgaria;Freshwater fish;Freshwater catfish;CLZ;North African catfish;286000;Live weight;1793000
2015;BG;Bulgaria;Crustaceans;Freshwater crayfish;CRD;Danube crayfish;12000;Live weight;33000
2015;BG;Bulgaria;Freshwater fish;Other freshwater fish;FBM;Freshwater bream;11000;Live weight;6000
2015;BG;Bulgaria;Freshwater fish;Carp;FCG;Grass carp(=White amur);264000;Live weight;535000
2015;BG;Bulgaria;Freshwater fish;Carp;FCP;Common carp;2142000;Live weight;4223000
2015;BG;Bulgaria;Freshwater fish;Other freshwater fish;FPE;European perch;38000;Live weight;101000
2015;BG;Bulgaria;Freshwater fish;Pike;FPI;Northern pike;29000;Live weight;65000
2015;BG;Bulgaria;Freshwater fish;Pike-perch;FPP;Pike-perch;70000;Live weight;155000
2015;BG;Bulgaria;Freshwater fish;Other freshwater fish;FTE;Tench;4000;Live weight;16000
2015;BG;Bulgaria;Freshwater fish;Other freshwater fish;HUH;Beluga;9000;Live weight;79000
2015;BG;Bulgaria;Freshwater fish;Freshwater catfish;ITP;Channel catfish;64000;Live weight;114000
2015;BG;Bulgaria;Freshwater fish;Other freshwater fish;LUH;Chub;0;Live weight;0
2015;BG;Bulgaria;Bivalves and other molluscs and aquatic invertebrates;Mussel Mytilus spp;MSM;Mediterranean mussel;3114000;Live weight;2770000
2015;BG;Bulgaria;Freshwater fish;Freshwater catfish;SOM;Wels(=Som)catfish;109000;Live weight;362000
2015;BG;Bulgaria;Freshwater fish;Other freshwater fish;SRE;Rudd;6000;Live weight;3000
2015;BG;Bulgaria;Freshwater fish;Other freshwater fish;STU;Sturgeons nei;13000;Live weight;65000
2015;BG;Bulgaria;Freshwater fish;Carp;SVC;Silver carp;227000;Live weight;202000
2015;BG;Bulgaria;Salmonids;Trout;SVF;Brook trout;8000;Live weight;35000
2015;BG;Bulgaria;Salmonids;Trout;TRR;Rainbow trout;2322000;Live weight;8999000
2015;BG;Bulgaria;Salmonids;Trout;TRS;Sea trout;8000;Live weight;37000
2015;CY;Cyprus;Freshwater fish;Other freshwater fish;APB;Siberian sturgeon;3000;Live weight;50000
2015;CY;Cyprus;Other marine fish;Seabass, European;BSS;European seabass;1726000;Live weight;11896000
2015;CY;Cyprus;Other marine fish;Other marine fish;MGR;Meagre;14000;Live weight;99000
2015;CY;Cyprus;Crustaceans;Shrimp, warmwater;PNI;Indian white prawn;19000;Live weight;205000
2015;CY;Cyprus;Other marine fish;Seabream, gilthead;SBG;Gilthead seabream;3656000;Live weight;19746000
2015;CY;Cyprus;Salmonids;Trout;TRR;Rainbow trout;41000;Live weight;299000
2015;CZ;Czechia;Freshwater fish;Carp;BIC;Bighead carp;239000;Live weight;201000
2015;CZ;Czechia;Salmonids;Other salmonids;CIJ;Peled;5000;Live weight;13000
2015;CZ;Czechia;Freshwater fish;Eel;ELE;European eel;1000;Live weight;11000
2015;CZ;Czechia;Freshwater fish;Carp;FCG;Grass carp(=White amur);445000;Live weight;815000
2015;CZ;Czechia;Freshwater fish;Carp;FCP;Common carp;17860000;Live weight;29464000
2015;CZ;Czechia;Freshwater fish;Other freshwater fish;FPE;European perch;20000;Live weight;40000
2015;CZ;Czechia;Freshwater fish;Pike;FPI;Northern pike;75000;Live weight;434000
2015;CZ;Czechia;Freshwater fish;Pike-perch;FPP;Pike-perch;54000;Live weight;467000
2015;CZ;Czechia;Freshwater fish;Other freshwater fish;FRF;Freshwater fishes nei;537000;Live weight;671000
2015;CZ;Czechia;Freshwater fish;Other freshwater fish;FTE;Tench;152000;Live weight;423000
2015;CZ;Czechia;Freshwater fish;Freshwater catfish;SOM;Wels(=Som)catfish;63000;Live weight;243000
2015;CZ;Czechia;Freshwater fish;Carp;SVC;Silver carp;138000;Live weight;96000
2015;CZ;Czechia;Salmonids;Trout;SVF;Brook trout;243000;Live weight;883000
2015;CZ;Czechia;Salmonids;Trout;TRR;Rainbow trout;368000;Live weight;1288000
2015;DE;Germany;Crustaceans;Freshwater crayfish;AAS;Noble crayfish;1000;Live weight;54000
2015;DE;Germany;Salmonids;Other salmonids;CHR;Chars nei;1512000;Live weight;7092000
2015;DE;Germany;Freshwater fish;Freshwater catfish;CLZ;North African catfish;2144000;Live weight;2250000
2015;DE;Germany;Freshwater fish;Eel;ELE;European eel;1147000;Live weight;10182000
2015;DE;Germany;Freshwater fish;Other freshwater fish;FBM;Freshwater bream;7000;Live weight;24000
2015;DE;Germany;Freshwater fish;Carp;FCP;Common carp;4916000;Live weight;11406000
2015;DE;Germany;Freshwater fish;Pike;FPI;Northern pike;43000;Live weight;267000
2015;DE;Germany;Freshwater fish;Pike-perch;FPP;Pike-perch;66000;Live weight;600000
2015;DE;Germany;Freshwater fish;Other freshwater fish;GOG;Gudgeon;0;Live weight;1000
2015;DE;Germany;Salmonids;Salmon;HUC;Huchen;18000;Live weight;378000
2015;DE;Germany;Bivalves and other molluscs and aquatic invertebrates;Mussel Mytilus spp;MUS;Blue mussel;10875000;Live weight;11849000
2015;DE;Germany;Bivalves and other molluscs and aquatic invertebrates;Oyster;OYG;Pacific cupped oyster;80000;Live weight;720000
2015;DE;Germany;Freshwater fish;Freshwater catfish;SOM;Wels(=Som)catfish;190000;Live weight;1000
2015;DE;Germany;Freshwater fish;Other freshwater fish;SRE;Rudd;19000;Live weight;55000
2015;DE;Germany;Salmonids;Trout;TRR;Rainbow trout;8527000;Live weight;29336000
2015;DE;Germany;Salmonids;Trout;TRS;Sea trout;622000;Live weight;2943000
2015;DK;Denmark;Freshwater fish;Other freshwater fish;APU;Sturgeon;4000;Live weight;71000
2015;DK;Denmark;Salmonids;Other salmonids;CHR;Chars nei;211000;Live weight;824000
2015;DK;Denmark;Freshwater fish;Eel;ELE;European eel;1183000;Live weight;9649000
2015;DK;Denmark;Freshwater fish;Pike-perch;FPP;Pike-perch;44000;Live weight;304000
2015;DK;Denmark;Miscellaneous aquatic products;Seaweed and other algae;LQX;Sea belt;1000;Live weight;2000
2015;DK;Denmark;Bivalves and other molluscs and aquatic invertebrates;Mussel Mytilus spp;MUS;Blue mussel;1789000;Live weight;1271000
2015;DK;Denmark;Salmonids;Salmon;SAL;Atlantic salmon;428000;Live weight;1875000
2015;DK;Denmark;Salmonids;Trout;SVF;Brook trout;151000;Live weight;640000
2015;DK;Denmark;Miscellaneous aquatic products;Seaweed and other algae;SWB;Brown seaweeds;100000;Live weight;48000
2015;DK;Denmark;Salmonids;Trout;TRR;Rainbow trout;32164000;Live weight;95327000
2015;DK;Denmark;Salmonids;Trout;TRS;Sea trout;44000;Live weight;192000
2015;EE;Estonia;Crustaceans;Freshwater crayfish;AAS;Noble crayfish;1000;Live weight;22000
2015;EE;Estonia;Freshwater fish;Other freshwater fish;FRF;Freshwater fishes nei;183000;Live weight;1144000
2015;EE;Estonia;Freshwater fish;Other freshwater fish;STU;Sturgeons nei;57000;Live weight;223000
2015;EE;Estonia;Salmonids;Trout;TRR;Rainbow trout;559000;Live weight;2001000
2015;EL;Greece;Other marine fish;Seabass, European;BSS;European seabass;36600000;Live weight;199871000
2015;EL;Greece;Other marine fish;Other marine fish;COB;Shi drum;476000;Live weight;2664000
2015;EL;Greece;Salmonids;Salmon;COH;Coho(=Silver)salmon;4000;Live weight;30000
2015;EL;Greece;Crustaceans;Crab;CRA;Marine crabs nei;50000;Live weight;34000
2015;EL;Greece;Freshwater fish;Eel;ELE;European eel;322000;Live weight;2780000
2015;EL;Greece;Freshwater fish;Carp;FCP;Common carp;14000;Live weight;31000
2015;EL;Greece;Freshwater fish;Other freshwater fish;FRF;Freshwater fishes nei;17000;Live weight;281000
2015;EL;Greece;Crustaceans;Shrimp, warmwater;KUP;Kuruma prawn;0;Live weight;1000
2015;EL;Greece;Other marine fish;Other marine fish;MGR;Meagre;1005000;Live weight;5199000
2015;EL;Greece;Bivalves and other molluscs and aquatic invertebrates;Mussel Mytilus spp;MSM;Mediterranean mussel;18628000;Live weight;6849000
2015;EL;Greece;Other marine fish;Other marine fish;MUF;Flathead grey mullet;251000;Live weight;628000
2015;EL;Greece;Other marine fish;Other marine fish;MZZ;Marine fishes nei;181000;Live weight;313000
2015;EL;Greece;Other marine fish;Seabream, other;RPG;Red porgy;782000;Live weight;4918000
2015;EL;Greece;Other marine fish;Seabream, gilthead;SBG;Gilthead seabream;47713000;Live weight;246551000
2015;EL;Greece;Other marine fish;Seabream, other;SHR;Sharpsnout seabream;202000;Live weight;1126000
2015;EL;Greece;Flatfish;Sole, common;SOL;Common sole;2000;Live weight;8000
2015;EL;Greece;Other marine fish;Seabream, other;SWA;White seabream;8000;Live weight;43000
2015;EL;Greece;Miscellaneous aquatic products;Seaweed and other algae;SWX;Seaweeds nei;15000;Live weight;562000
2015;EL;Greece;Salmonids;Trout;TRR;Rainbow trout;1759000;Live weight;5521000
2015;ES;Spain;Freshwater fish;Other freshwater fish;AAA;Adriatic sturgeon;5000;Live weight;218000
2015;ES;Spain;Freshwater fish;Other freshwater fish;APB;Siberian sturgeon;31000;Live weight;123000
2015;ES;Spain;Other marine fish;Smelt;ATB;Big-scale sand smelt;1000;Live weight;4000
2015;ES;Spain;Tuna and tuna-like species;Tuna, bluefin;BFT;Atlantic bluefin tuna;4691000;Live weight;71210000
2015;ES;Spain;Other marine fish;Seabass, European;BSS;European seabass;18600000;Live weight;113235000
2015;ES;Spain;Bivalves and other molluscs and aquatic invertebrates;Clam;CLJ;Japanese carpet shell;667000;Live weight;4695000
2015;ES;Spain;Bivalves and other molluscs and aquatic invertebrates;Clam;COC;Common edible cockle;426000;Live weight;1969000
2015;ES;Spain;Crustaceans;Shrimp, miscellaneous;CPR;Common prawn;0;Live weight;2000
2015;ES;Spain;Crustaceans;Crab;CRG;Green crab;1000;Live weight;3000
2015;ES;Spain;Cephalopods;Cuttlefish;CTC;Common cuttlefish;0;Live weight;2000
2015;ES;Spain;Bivalves and other molluscs and aquatic invertebrates;Clam;CTG;Grooved carpet shell;85000;Live weight;1767000
2015;ES;Spain;Bivalves and other molluscs and aquatic invertebrates;Clam;CTS;Pullet carpet shell;195000;Live weight;2358000
2015;ES;Spain;Freshwater fish;Eel;ELE;European eel;372000;Live weight;3413000
2015;ES;Spain;Bivalves and other molluscs and aquatic invertebrates;Clam;EQE;Pod razor shell;13000;Live weight;335000
2015;ES;Spain;Freshwater fish;Carp;FCP;Common carp;0;Live weight;3000
2015;ES;Spain;Freshwater fish;Other freshwater fish;FTE;Tench;5000;Live weight;68000
2015;ES;Spain;Miscellaneous aquatic products;Seaweed and other algae;GJW;Warty gracilaria;0;Live weight;0
2015;ES;Spain;Miscellaneous aquatic products;Seaweed and other algae;GKA;Leather gracilaria;0;Live weight;0
2015;ES;Spain;Crustaceans;Shrimp, warmwater;KUP;Kuruma prawn;0;Live weight;9000
2015;ES;Spain;Miscellaneous aquatic products;Seaweed and other algae;LQX;Sea belt;0;Live weight;0
2015;ES;Spain;Other marine fish;Other marine fish;MGR;Meagre;1301000;Live weight;6076000
2015;ES;Spain;Other marine fish;Other marine fish;MGS; ;90000;Live weight;359000
2015;ES;Spain;Freshwater fish;Other freshwater fish;MPS;Largemouth black bass;0;Live weight;1000
2015;ES;Spain;Bivalves and other molluscs and aquatic invertebrates;Mussel Mytilus spp;MSM;Mediterranean mussel;225307000;Live weight;115175000
2015;ES;Spain;Flatfish;Sole, other;OAL;Senegalese sole;591000;Live weight;5757000
2015;ES;Spain;Cephalopods;Octopus;OCC;Common octopus;0;Live weight;2000
2015;ES;Spain;Bivalves and other molluscs and aquatic invertebrates;Oyster;OYF;European flat oyster;438000;Live weight;2131000
2015;ES;Spain;Bivalves and other molluscs and aquatic invertebrates;Oyster;OYG;Pacific cupped oyster;669000;Live weight;2181000
2015;ES;Spain;Crustaceans;Shrimp, miscellaneous;PAL;Palaemonid shrimps nei;183000;Live weight;823000
2015;ES;Spain;Crustaceans;Shrimp, warmwater;PNV;Whiteleg shrimp;6000;Live weight;120000
2015;ES;Spain;Crustaceans;Shrimp, miscellaneous;PVR;Atlantic ditch shrimp;7000;Live weight;59000
2015;ES;Spain;Bivalves and other molluscs and aquatic invertebrates;Scallop;QSC;Queen scallop;3000;Live weight;19000
2015;ES;Spain;Bivalves and other molluscs and aquatic invertebrates;Clam;RAZ;Solen razor clams nei;0;Live weight;0
2015;ES;Spain;Salmonids;Salmon;SAL;Atlantic salmon;8000;Live weight;34000
2015;ES;Spain;Other marine fish;Seabream, gilthead;SBG;Gilthead seabream;16005000;Live weight;85337000
2015;ES;Spain;Other marine fish;Seabream, other;SBR;Blackspot(=red) seabream;171000;Live weight;1044000
2015;ES;Spain;Other marine fish;Seabass, other;SPU;Spotted seabass;0;Live weight;1000
2015;ES;Spain;Other marine fish;Seabream, other;SWA;White seabream;0;Live weight;0
2015;ES;Spain;Crustaceans;Shrimp, warmwater;TGS;Caramote prawn;1000;Live weight;17000
2015;ES;Spain;Freshwater fish;Tilapia;TLN;Nile tilapia;12000;Live weight;51000
2015;ES;Spain;Salmonids;Trout;TRR;Rainbow trout;16154000;Live weight;46095000
2015;ES;Spain;Salmonids;Trout;TRS;Sea trout;4000;Live weight;28000
2015;ES;Spain;Flatfish;Turbot;TUR;Turbot;7464000;Live weight;48663000
2015;ES;Spain;Bivalves and other molluscs and aquatic invertebrates;Clam;VEV;Warty venus;0;Live weight;3000
2015;ES;Spain;Bivalves and other molluscs and aquatic invertebrates;Scallop;VSC;Variegated scallop;0;Live weight;6000
2015;FI;Finland;Other marine fish;Other marine fish;FIN;Finfishes nei;105000;Live weight;481000
2015;FI;Finland;Crustaceans;Freshwater crayfish;PCL;Signal crayfish;1000;Live weight;25000
2015;FI;Finland;Salmonids;Other salmonids;PLN;European whitefish;818000;Live weight;6961000
2015;FI;Finland;Salmonids;Trout;TRR;Rainbow trout;13862000;Live weight;41309000
2015;FI;Finland;Salmonids;Trout;TRS;Sea trout;93000;Live weight;623000
2015;FR;France;Freshwater fish;Carp;FCP;Common carp;4200000;Live weight;4662000
2015;FR;France;Bivalves and other molluscs and aquatic invertebrates;Clam;CLJ;Japanese carpet shell;659000;Live weight;4982000
2015;FR;France;Bivalves and other molluscs and aquatic invertebrates;Clam;CLX;Clams, etc. nei;323000;Live weight;2701000
2015;FR;France;Bivalves and other molluscs and aquatic invertebrates;Clam;COC;Common edible cockle;1815000;Live weight;6769000
2015;FR;France;Freshwater fish;Freshwater catfish;SOM;Wels(=Som)catfish;200000;Live weight;600000
2014;FR;France;Freshwater fish;Other freshwater fish;FRX;Roaches nei;1900000;Live weight;4427000
2014;FR;France;Freshwater fish;Other freshwater fish;FTE;Tench;900000;Live weight;1998000
2014;FR;France;Freshwater fish;Other freshwater fish;STU;Sturgeons nei;402000;Live weight;2994000
2014;FR;France;Other marine fish;Other marine fish;MGR;Meagre;588000;Live weight;4000000
2014;FR;France;Other marine fish;Other marine fish;MZZ;Marine fishes nei;592000;Live weight;5110000
2014;FR;France;Salmonids;Other salmonids;SLX;Salmonoids nei;860000;Live weight;4023000
2014;FR;France;Bivalves and other molluscs and aquatic invertebrates;Oyster;OYF;European flat oyster;1659000;Live weight;10522000
2014;FR;France;Bivalves and other molluscs and aquatic invertebrates;Oyster;OYG;Pacific cupped oyster;73508000;Live weight;334139000
2014;FR;France;Salmonids;Salmon;SAL;Atlantic salmon;300000;Live weight;1350000
2014;FR;France;Other marine fish;Seabass, European;BSS;European seabass;2244000;Live weight;17766000
2014;FR;France;Other marine fish;Seabream, gilthead;SBG;Gilthead seabream;1379000;Live weight;10354000
2014;FR;France;Miscellaneous aquatic products;Seaweed and other algae;SWX;Seaweeds nei;64000;Live weight;145000
2014;FR;France;Crustaceans;Shrimp, warmwater;KUP;Kuruma prawn;58000;Live weight;1130000
2014;FR;France;Flatfish;Sole, other;OAL;Senegalese sole;260000;Live weight;2467000
2014;FR;France;Salmonids;Trout;TRR;Rainbow trout;29086000;Live weight;97194000
2014;FR;France;Salmonids;Trout;TRS;Sea trout;1223000;Live weight;8624000
2014;FR;France;Flatfish;Turbot;TUR;Turbot;279000;Live weight;3329000
2014;HR;Croatia;Tuna and tuna-like species;Tuna, bluefin;BFT;Atlantic bluefin tuna;2224000;Live weight;29514000
2014;HR;Croatia;Freshwater fish;Carp;BIC;Bighead carp;519000;Live weight;426000
2014;HR;Croatia;Other marine fish;Seabass, European;BSS;European seabass;3215000;Live weight;19488000
2014;HR;Croatia;Other marine fish;Seabream, other;DEC;Common dentex;7000;Live weight;136000
2014;HR;Croatia;Freshwater fish;Carp;FCG;Grass carp(=White amur);288000;Live weight;418000
2014;HR;Croatia;Freshwater fish;Carp;FCP;Common carp;2284000;Live weight;4346000
2014;HR;Croatia;Freshwater fish;Pike;FPI;Northern pike;16000;Live weight;66000
2014;HR;Croatia;Freshwater fish;Pike-perch;FPP;Pike-perch;12000;Live weight;72000
2014;HR;Croatia;Freshwater fish;Other freshwater fish;FRF;Freshwater fishes nei;78000;Live weight;64000
2014;HR;Croatia;Freshwater fish;Other freshwater fish;FTE;Tench;1000;Live weight;7000
2014;HR;Croatia;Other marine fish;Other marine fish;MGR;Meagre;60000;Live weight;718000
2014;HR;Croatia;Bivalves and other molluscs and aquatic invertebrates;Mussel Mytilus spp;MSM;Mediterranean mussel;714000;Live weight;834000
2014;HR;Croatia;Bivalves and other molluscs and aquatic invertebrates;Oyster;OYF;European flat oyster;32000;Live weight;361000
2014;HR;Croatia;Other marine fish;Seabream, gilthead;SBG;Gilthead seabream;3655000;Live weight;19553000
2014;HR;Croatia;Other marine fish;Seabream, other;SBP;Pargo breams nei;40000;Live weight;219000
2014;HR;Croatia;Freshwater fish;Freshwater catfish;SOM;Wels(=Som)catfish;38000;Live weight;156000
2014;HR;Croatia;Freshwater fish;Carp;SVC;Silver carp;194000;Live weight;166000
2014;HR;Croatia;Salmonids;Trout;TRO;Trouts nei;9000;Live weight;40000
2014;HR;Croatia;Salmonids;Trout;TRR;Rainbow trout;382000;Live weight;1146000
2014;HR;Croatia;Flatfish;Turbot;TUR;Turbot;1000;Live weight;5000
2014;HU;Hungary;Freshwater fish;Carp;BIC;Bighead carp;62000;Live weight;52000
2014;HU;Hungary;Freshwater fish;Freshwater catfish;CLZ;North African catfish;2187000;Live weight;4350000
2014;HU;Hungary;Freshwater fish;Carp;FCG;Grass carp(=White amur);516000;Live weight;885000
2014;HU;Hungary;Freshwater fish;Carp;FCP;Common carp;10291000;Live weight;20634000
2014;HU;Hungary;Freshwater fish;Pike;FPI;Northern pike;35000;Live weight;185000
2014;HU;Hungary;Freshwater fish;Pike-perch;FPP;Pike-perch;44000;Live weight;347000
2014;HU;Hungary;Freshwater fish;Other freshwater fish;FRF;Freshwater fishes nei;488000;Live weight;908000
2014;HU;Hungary;Freshwater fish;Other freshwater fish;FTE;Tench;2000;Live weight;10000
2014;HU;Hungary;Freshwater fish;Freshwater catfish;SOM;Wels(=Som)catfish;158000;Live weight;699000
2014;HU;Hungary;Freshwater fish;Other freshwater fish;STU;Sturgeons nei;48000;Live weight;513000
2014;HU;Hungary;Freshwater fish;Carp;SVC;Silver carp;1434000;Live weight;1184000
2014;HU;Hungary;Salmonids;Trout;TRR;Rainbow trout;61000;Live weight;291000
2014;IE;Ireland;Freshwater fish;Other freshwater fish;FRF;Freshwater fishes nei;78000;Live weight;546000
2014;IE;Ireland;Bivalves and other molluscs and aquatic invertebrates;Molluscs and aquatic invertebrates, other;INV;Aquatic invertebrates nei;4000;Live weight;165000
2014;IE;Ireland;Bivalves and other molluscs and aquatic invertebrates;Mussel Mytilus spp;MUS;Blue mussel;11374000;Live weight;9576000
2014;IE;Ireland;Bivalves and other molluscs and aquatic invertebrates;Oyster;OYF;European flat oyster;555000;Live weight;2862000
2014;IE;Ireland;Bivalves and other molluscs and aquatic invertebrates;Oyster;OYG;Pacific cupped oyster;7014000;Live weight;32184000
2014;IE;Ireland;Salmonids;Salmon;SAL;Atlantic salmon;9368000;Live weight;57726000
2014;IE;Ireland;Bivalves and other molluscs and aquatic invertebrates;Scallop;SCE;Great Atlantic scallop;26000;Live weight;133000
2014;IE;Ireland;Miscellaneous aquatic products;Seaweed and other algae;SWX;Seaweeds nei;100000;Live weight;100000
2014;IE;Ireland;Salmonids;Trout;TRR;Rainbow trout;808000;Live weight;2586000
2014;IT;Italy;Salmonids;Other salmonids;ACH;Arctic char;16000;Live weight;76000
2014;IT;Italy;Crustaceans;Freshwater crayfish;AYS;Euro-American crayfishes nei;2000;Live weight;30000
2014;IT;Italy;Other marine fish;Seabass, European;BSS;European seabass;5724000;Live weight;43667000
2014;IT;Italy;Salmonids;Other salmonids;CHR;Chars nei;0;Live weight;2000
2014;IT;Italy;Bivalves and other molluscs and aquatic invertebrates;Clam;CLJ;Japanese carpet shell;33494000;Live weight;94072000
2014;IT;Italy;Bivalves and other molluscs and aquatic invertebrates;Clam;CTG;Grooved carpet shell;3032000;Live weight;12257000
2014;IT;Italy;Other marine fish;Other marine fish;DRU;Sciaenas nei;45000;Live weight;280000
2014;IT;Italy;Freshwater fish;Eel;ELE;European eel;572000;Live weight;5829000
2014;IT;Italy;Freshwater fish;Carp;FCP;Common carp;134000;Live weight;682000
2014;IT;Italy;Freshwater fish;Other freshwater fish;FPE;European perch;2000;Live weight;18000
2014;IT;Italy;Freshwater fish;Other freshwater fish;FTE;Tench;13000;Live weight;111000
2014;IT;Italy;Freshwater fish;Other freshwater fish;ITM;Black bullhead;135000;Live weight;832000
2014;IT;Italy;Freshwater fish;Freshwater catfish;ITP;Channel catfish;95000;Live weight;366000
2014;IT;Italy;Crustaceans;Shrimp, warmwater;KUP;Kuruma prawn;6000;Live weight;122000
2014;IT;Italy;Other marine fish;Other marine fish;MGR;Meagre;28000;Live weight;191000
2014;IT;Italy;Freshwater fish;Other freshwater fish;MPS;Largemouth black bass;60000;Live weight;363000
2014;IT;Italy;Bivalves and other molluscs and aquatic invertebrates;Mussel Mytilus spp;MSM;Mediterranean mussel;63700000;Live weight;49766000
2014;IT;Italy;Other marine fish;Other marine fish;MUF;Flathead grey mullet;690000;Live weight;4317000
2014;IT;Italy;Other marine fish;Other marine fish;MUL;Mullets nei;89000;Live weight;691000
2014;IT;Italy;Bivalves and other molluscs and aquatic invertebrates;Oyster;OYG;Pacific cupped oyster;147000;Live weight;677000
2014;IT;Italy;Crustaceans;Freshwater crayfish;RCW;Red swamp crawfish;7000;Live weight;91000
2014;IT;Italy;Other marine fish;Seabream, gilthead;SBG;Gilthead seabream;6830000;Live weight;49204000
2014;IT;Italy;Freshwater fish;Other freshwater fish;SBH;Striped bass, hybrid;249000;Live weight;1659000
2014;IT;Italy;Other marine fish;Seabream, other;SBX;Porgies, seabreams nei;15000;Live weight;138000
2014;IT;Italy;Other marine fish;Seabream, other;SHR;Sharpsnout seabream;15000;Live weight;143000
2014;IT;Italy;Flatfish;Sole, common;SOL;Common sole;7000;Live weight;70000
2014;IT;Italy;Freshwater fish;Other freshwater fish;STU;Sturgeons nei;824000;Live weight;7290000
2014;IT;Italy;Salmonids;Trout;SVF;Brook trout;378000;Live weight;1601000
2014;IT;Italy;Other marine fish;Seabream, other;SWA;White seabream;4000;Live weight;39000
2014;IT;Italy;Freshwater fish;Tilapia;TLP;Tilapias nei;1000;Live weight;5000
2014;IT;Italy;Salmonids;Trout;TRO;Trouts nei;334000;Live weight;1554000
2014;IT;Italy;Salmonids;Trout;TRR;Rainbow trout;31300000;Live weight;86799000
2014;IT;Italy;Salmonids;Trout;TRS;Sea trout;782000;Live weight;3059000
2014;LV;Latvia;Freshwater fish;Freshwater catfish;CLZ;North African catfish;19000;Live weight;84000
2014;LV;Latvia;Freshwater fish;Other freshwater fish;FBM;Freshwater bream;1000;Live weight;1000
2014;LV;Latvia;Freshwater fish;Carp;FCC;Crucian carp;14000;Live weight;17000
2014;LV;Latvia;Freshwater fish;Carp;FCP;Common carp;508000;Live weight;1017000
2014;LV;Latvia;Freshwater fish;Other freshwater fish;FPE;European perch;1000;Live weight;2000
2014;LV;Latvia;Freshwater fish;Pike;FPI;Northern pike;13000;Live weight;38000
2014;LV;Latvia;Freshwater fish;Pike-perch;FPP;Pike-perch;1000;Live weight;10000
2014;LV;Latvia;Freshwater fish;Other freshwater fish;FRF;Freshwater fishes nei;23000;Live weight;87000
2014;LV;Latvia;Freshwater fish;Other freshwater fish;FTE;Tench;11000;Live weight;23000
2014;LV;Latvia;Freshwater fish;Other freshwater fish;STU;Sturgeons nei;54000;Live weight;382000
2014;LV;Latvia;Freshwater fish;Tilapia;TLP;Tilapias nei;2000;Live weight;8000
2014;LV;Latvia;Salmonids;Trout;TRR;Rainbow trout;38000;Live weight;180000
2014;MT;Malta;Tuna and tuna-like species;Tuna, bluefin;BFT;Atlantic bluefin tuna;5451000;Live weight;81462000
2014;MT;Malta;Other marine fish;Seabass, European;BSS;European seabass;190000;Live weight;983000
2014;MT;Malta;Other marine fish;Other marine fish;MZZ;Marine fishes nei;261000;Live weight;2920000
2014;MT;Malta;Other marine fish;Seabream, gilthead;SBG;Gilthead seabream;2704000;Live weight;11976000
2014;NL;Netherlands;Freshwater fish;Freshwater catfish;CLZ;North African catfish;2900000;Live weight;4350000
2014;NL;Netherlands;Freshwater fish;Eel;ELE;European eel;2335000;Live weight;16345000
2014;NL;Netherlands;Freshwater fish;Pike-perch;FPP;Pike-perch;100000;Live weight;699000
2014;NL;Netherlands;Bivalves and other molluscs and aquatic invertebrates;Mussel Mytilus spp;MUS;Blue mussel;54100000;Live weight;66110000
2014;NL;Netherlands;Other marine fish;Other marine fish;MZZ;Marine fishes nei;490000;Live weight;3585000
2014;NL;Netherlands;Bivalves and other molluscs and aquatic invertebrates;Oyster;OYC;Cupped oysters nei;2885000;Live weight;5810000
2014;NL;Netherlands;Bivalves and other molluscs and aquatic invertebrates;Oyster;OYF;European flat oyster;379000;Live weight;1885000
2014;NL;Netherlands;Flatfish;Turbot;TUR;Turbot;100000;Live weight;749000
2014;PL;Poland;Crustaceans;Freshwater crayfish;AYS;Euro-American crayfishes nei;0;Live weight;0
2014;PL;Poland;Freshwater fish;Other freshwater fish;CGO;Goldfish;238000;Live weight;299000
2014;PL;Poland;Salmonids;Other salmonids;CHR;Chars nei;1172000;Live weight;3625000
2014;PL;Poland;Freshwater fish;Freshwater catfish;CLZ;North African catfish;143000;Live weight;372000
2014;PL;Poland;Freshwater fish;Eel;ELE;European eel;0;Live weight;3000
2014;PL;Poland;Freshwater fish;Other freshwater fish;FBM;Freshwater bream;1000;Live weight;1000
2014;PL;Poland;Freshwater fish;Carp;FCG;Grass carp(=White amur);326000;Live weight;695000
2014;PL;Poland;Freshwater fish;Carp;FCP;Common carp;18368000;Live weight;36859000
2014;PL;Poland;Freshwater fish;Other freshwater fish;FID;Orfe(=Ide);14000;Live weight;22000
2014;PL;Poland;Freshwater fish;Other freshwater fish;FPE;European perch;2000;Live weight;3000
2014;PL;Poland;Freshwater fish;Pike;FPI;Northern pike;155000;Live weight;653000
2014;PL;Poland;Freshwater fish;Pike-perch;FPP;Pike-perch;19000;Live weight;115000
2014;PL;Poland;Freshwater fish;Other freshwater fish;FRF;Freshwater fishes nei;6000;Live weight;7000
2014;PL;Poland;Freshwater fish;Other freshwater fish;FRO;Roach;3000;Live weight;3000
2014;PL;Poland;Freshwater fish;Other freshwater fish;FTE;Tench;144000;Live weight;444000
2014;PL;Poland;Freshwater fish;Other freshwater fish;LUH;Chub;0;Live weight;0
2014;PL;Poland;Salmonids;Other salmonids;PLN;European whitefish;0;Live weight;0
2014;PL;Poland;Salmonids;Salmon;SAL;Atlantic salmon;0;Live weight;1000
2014;PL;Poland;Freshwater fish;Freshwater catfish;SOM;Wels(=Som)catfish;426000;Live weight;1411000
2014;PL;Poland;Freshwater fish;Other freshwater fish;STU;Sturgeons nei;329000;Live weight;1676000
2014;PL;Poland;Freshwater fish;Carp;SVC;Silver carp;371000;Live weight;426000
2014;PL;Poland;Salmonids;Trout;SVF;Brook trout;552000;Live weight;1634000
2014;PL;Poland;Freshwater fish;Tilapia;TLP;Tilapias nei;600000;Live weight;2730000
2014;PL;Poland;Salmonids;Trout;TRO;Trouts nei;0;Live weight;0
2014;PL;Poland;Salmonids;Trout;TRR;Rainbow trout;13449000;Live weight;37486000
2014;PL;Poland;Salmonids;Trout;TRS;Sea trout;17000;Live weight;120000
2014;PT;Portugal;Other marine fish;Seabass, other;BSE;Seabasses nei;0;Live weight;1000
2014;PT;Portugal;Other marine fish;Seabass, European;BSS;European seabass;400000;Live weight;2615000
2014;PT;Portugal;Bivalves and other molluscs and aquatic invertebrates;Clam;COC;Common edible cockle;264000;Live weight;66000
2014;PT;Portugal;Bivalves and other molluscs and aquatic invertebrates;Clam;CTG;Grooved carpet shell;2250000;Live weight;18371000
2014;PT;Portugal;Bivalves and other molluscs and aquatic invertebrates;Clam;CTS;Pullet carpet shell;2000;Live weight;9000
2014;PT;Portugal;Freshwater fish;Eel;ELE;European eel;1000;Live weight;9000
2014;PT;Portugal;Other marine fish;Other marine fish;MGR;Meagre;5000;Live weight;45000
2014;PT;Portugal;Other marine fish;Other marine fish;MGS; ;1000;Live weight;2000
2014;PT;Portugal;Bivalves and other molluscs and aquatic invertebrates;Mussel Mytilus spp;MYV;Mytilus mussels nei;1244000;Live weight;1519000
2014;PT;Portugal;Bivalves and other molluscs and aquatic invertebrates;Oyster;OST;Flat and cupped oysters nei;30000;Live weight;89000
2014;PT;Portugal;Bivalves and other molluscs and aquatic invertebrates;Oyster;OYC;Cupped oysters nei;528000;Live weight;1615000
2014;PT;Portugal;Bivalves and other molluscs and aquatic invertebrates;Oyster;OYG;Pacific cupped oyster;527000;Live weight;1108000
2014;PT;Portugal;Bivalves and other molluscs and aquatic invertebrates;Molluscs and aquatic invertebrates, other;PEE;Common periwinkle;0;Live weight;1000
2014;PT;Portugal;Crustaceans;Shrimp, miscellaneous;PVR;Atlantic ditch shrimp;2000;Live weight;3000
2014;PT;Portugal;Bivalves and other molluscs and aquatic invertebrates;Clam;RAE;European razor clam;6000;Live weight;17000
2014;PT;Portugal;Other marine fish;Seabream, gilthead;SBG;Gilthead seabream;1071000;Live weight;6029000
2014;PT;Portugal;Flatfish;Sole, common;SOL;Common sole;83000;Live weight;849000
2014;PT;Portugal;Other marine fish;Seabream, other;SRG;Sargo breams nei;0;Live weight;1000
2014;PT;Portugal;Miscellaneous aquatic products;Seaweed and other algae;SWG;Green seaweeds;3000;Live weight;149000
2014;PT;Portugal;Miscellaneous aquatic products;Seaweed and other algae;SWX;Seaweeds nei;0;Live weight;3000
2014;PT;Portugal;Salmonids;Trout;TRO;Trouts nei;788000;Live weight;1974000
2014;PT;Portugal;Flatfish;Turbot;TUR;Turbot;3588000;Live weight;15962000
2014;PT;Portugal;Bivalves and other molluscs and aquatic invertebrates;Clam;VNA;Golden carpet shell;1000;Live weight;2000
2014;RO;Romania;Freshwater fish;Carp;BIC;Bighead carp;2287000;Live weight;2603000
2014;RO;Romania;Freshwater fish;Freshwater catfish;CLZ;North African catfish;201000;Live weight;365000
2014;RO;Romania;Freshwater fish;Carp;CWG;Prussian carp;916000;Live weight;923000
2014;RO;Romania;Freshwater fish;Other freshwater fish;FBM;Freshwater bream;79000;Live weight;44000
2014;RO;Romania;Freshwater fish;Carp;FCG;Grass carp(=White amur);204000;Live weight;323000
2014;RO;Romania;Freshwater fish;Carp;FCP;Common carp;3737000;Live weight;8506000
2014;RO;Romania;Freshwater fish;Other freshwater fish;FCY;Cyprinids nei;14000;Live weight;25000
2014;RO;Romania;Freshwater fish;Other freshwater fish;FPE;European perch;7000;Live weight;15000
2014;RO;Romania;Freshwater fish;Pike;FPI;Northern pike;44000;Live weight;109000
2014;RO;Romania;Freshwater fish;Pike-perch;FPP;Pike-perch;51000;Live weight;131000
2014;RO;Romania;Bivalves and other molluscs and aquatic invertebrates;Mussel Mytilus spp;MSM;Mediterranean mussel;21000;Live weight;25000
2014;RO;Romania;Other marine fish;Other marine fish;MZZ;Marine fishes nei;1000;Live weight;2000
2014;RO;Romania;Bivalves and other molluscs and aquatic invertebrates;Oyster;OYG;Pacific cupped oyster;0;Live weight;1000
2014;RO;Romania;Freshwater fish;Other freshwater fish;PAM;Mississippi paddlefish;7000;Live weight;37000
2014;RO;Romania;Freshwater fish;Freshwater catfish;SOM;Wels(=Som)catfish;41000;Live weight;124000
2014;RO;Romania;Freshwater fish;Other freshwater fish;STU;Sturgeons nei;1000;Live weight;7000
2014;RO;Romania;Freshwater fish;Carp;SVC;Silver carp;1900000;Live weight;2043000
2014;RO;Romania;Salmonids;Trout;TRR;Rainbow trout;1152000;Live weight;3821000
2014;RO;Romania;Flatfish;Turbot;TUR;Turbot;16000;Live weight;86000
2014;SE;Sweden;Salmonids;Other salmonids;ACH;Arctic char;1644000;Live weight;9908000
2014;SE;Sweden;Crustaceans;Freshwater crayfish;AYS;Euro-American crayfishes nei;1000;Live weight;26000
2014;SE;Sweden;Freshwater fish;Eel;ELE;European eel;64000;Live weight;499000
2014;SE;Sweden;Bivalves and other molluscs and aquatic invertebrates;Mussel Mytilus spp;MUS;Blue mussel;1746000;Live weight;1189000
2014;SE;Sweden;Salmonids;Salmon;SAL;Atlantic salmon;8000;Live weight;61000
2014;SE;Sweden;Salmonids;Trout;TRR;Rainbow trout;9436000;Live weight;36011000
2014;SE;Sweden;Salmonids;Trout;TRS;Sea trout;8000;Live weight;62000
2014;SI;Slovenia;Other marine fish;Seabass, European;BSS;European seabass;66000;Live weight;409000
2014;SI;Slovenia;Bivalves and other molluscs and aquatic invertebrates;Clam;CLX;Clams, etc. nei;8000;Live weight;83000
2014;SI;Slovenia;Freshwater fish;Carp;FCP;Common carp;134000;Live weight;295000
2014;SI;Slovenia;Freshwater fish;Other freshwater fish;FCY;Cyprinids nei;3000;Live weight;7000
2014;SI;Slovenia;Salmonids;Salmon;HUC;Huchen;3000;Live weight;7000
2014;SI;Slovenia;Bivalves and other molluscs and aquatic invertebrates;Mussel Mytilus spp;MSM;Mediterranean mussel;423000;Live weight;212000
2014;SI;Slovenia;Salmonids;Trout;SVF;Brook trout;100000;Live weight;310000
2014;SI;Slovenia;Salmonids;Trout;TRR;Rainbow trout;647000;Live weight;2187000
2014;SK;Slovakia;Freshwater fish;Carp;FCG;Grass carp(=White amur);6000;Live weight;15000
2014;SK;Slovakia;Freshwater fish;Carp;FCP;Common carp;241000;Live weight;528000
2014;SK;Slovakia;Freshwater fish;Other freshwater fish;FRF;Freshwater fishes nei;96000;Live weight;218000
2014;SK;Slovakia;Salmonids;Trout;TRO;Trouts nei;1000;Live weight;7000
2014;SK;Slovakia;Salmonids;Trout;TRR;Rainbow trout;870000;Live weight;2474000
2014;UK;United Kingdom;Salmonids;Other salmonids;ACH;Arctic char;10000;Live weight;68000
2014;UK;United Kingdom;Other marine fish;Seabass, European;BSS;European seabass;250000;Live weight;1345000
2014;UK;United Kingdom;Bivalves and other molluscs and aquatic invertebrates;Clam;CLH;Northern quahog(=Hard clam);11000;Live weight;44000
2014;UK;United Kingdom;Bivalves and other molluscs and aquatic invertebrates;Clam;CLJ;Japanese carpet shell;4000;Live weight;18000
2014;UK;United Kingdom;Bivalves and other molluscs and aquatic invertebrates;Clam;COC;Common edible cockle;5000;Live weight;16000
2014;UK;United Kingdom;Freshwater fish;Carp;FCP;Common carp;5000;Live weight;83000
2014;UK;United Kingdom;Flatfish;Halibut, Atlantic;HAL;Atlantic halibut;66000;Live weight;783000
2014;UK;United Kingdom;Bivalves and other molluscs and aquatic invertebrates;Mussel, other;MSX;Sea mussels nei;20023000;Live weight;37291000
2014;UK;United Kingdom;Bivalves and other molluscs and aquatic invertebrates;Oyster;OYF;European flat oyster;28000;Live weight;224000
2014;UK;United Kingdom;Bivalves and other molluscs and aquatic invertebrates;Oyster;OYG;Pacific cupped oyster;1659000;Live weight;5191000
2014;UK;United Kingdom;Bivalves and other molluscs and aquatic invertebrates;Scallop;QSC;Queen scallop;1000;Live weight;4000
2014;UK;United Kingdom;Salmonids;Salmon;SAL;Atlantic salmon;179397000;Live weight;861306000
2014;UK;United Kingdom;Bivalves and other molluscs and aquatic invertebrates;Scallop;SCE;Great Atlantic scallop;6000;Live weight;77000
2014;UK;United Kingdom;Freshwater fish;Tilapia;TLN;Nile tilapia;137000;Live weight;623000
2014;UK;United Kingdom;Salmonids;Trout;TRR;Rainbow trout;12707000;Live weight;43341000
2014;UK;United Kingdom;Salmonids;Trout;TRS;Sea trout;317000;Live weight;2805000
2014;LT;Lithuania;Freshwater fish;Carp;BIC;Bighead carp;93000;Live weight;265000
2014;LT;Lithuania;Freshwater fish;Freshwater catfish;CLZ;North African catfish;44000;Live weight;142000
2014;LT;Lithuania;Freshwater fish;Carp;FCC;Crucian carp;11000;Live weight;13000
2014;LT;Lithuania;Freshwater fish;Carp;FCG;Grass carp(=White amur);81000;Live weight;222000
2014;LT;Lithuania;Freshwater fish;Carp;FCP;Common carp;2900000;Live weight;5835000
2014;LT;Lithuania;Freshwater fish;Pike;FPI;Northern pike;18000;Live weight;47000
2014;LT;Lithuania;Freshwater fish;Other freshwater fish;FRF;Freshwater fishes nei;90000;Live weight;369000
2014;LT;Lithuania;Freshwater fish;Other freshwater fish;FTE;Tench;7000;Live weight;38000
2014;LT;Lithuania;Freshwater fish;Other freshwater fish;STU;Sturgeons nei;73000;Live weight;367000
2014;LT;Lithuania;Salmonids;Trout;TRR;Rainbow trout;38000;Live weight;165000
2014;AT;Austria;Salmonids;Other salmonids;ACH;Arctic char;328000;Live weight;563000
2014;AT;Austria;Freshwater fish;Carp;BIC;Bighead carp;0;Live weight;2000
2014;AT;Austria;Freshwater fish;Freshwater catfish;CLZ;North African catfish;354000;Live weight;1061000
2014;AT;Austria;Freshwater fish;Carp;FCG;Grass carp(=White amur);29000;Live weight;119000
2014;AT;Austria;Freshwater fish;Carp;FCP;Common carp;573000;Live weight;2035000
2014;AT;Austria;Freshwater fish;Other freshwater fish;FCY;Cyprinids nei;4000;Live weight;12000
2014;AT;Austria;Freshwater fish;Pike;FPI;Northern pike;7000;Live weight;91000
2014;AT;Austria;Freshwater fish;Pike-perch;FPP;Pike-perch;7000;Live weight;121000
2014;AT;Austria;Freshwater fish;Other freshwater fish;FRO;Roach;2000;Live weight;9000
2014;AT;Austria;Freshwater fish;Other freshwater fish;FTE;Tench;8000;Live weight;58000
2014;AT;Austria;Salmonids;Salmon;HUC;Huchen;14000;Live weight;244000
2014;AT;Austria;Salmonids;Other salmonids;SLX;Salmonoids nei;5000;Live weight;451000
2014;AT;Austria;Freshwater fish;Other freshwater fish;SRE;Rudd;2000;Live weight;7000
2014;AT;Austria;Freshwater fish;Other freshwater fish;STU;Sturgeons nei;3000;Live weight;55000
2014;AT;Austria;Freshwater fish;Carp;SVC;Silver carp;11000;Live weight;14000
2014;AT;Austria;Salmonids;Trout;SVF;Brook trout;431000;Live weight;2675000
2014;AT;Austria;Salmonids;Other salmonids;TLV;Grayling;3000;Live weight;422000
2014;AT;Austria;Salmonids;Trout;TRR;Rainbow trout;1277000;Live weight;7702000
2014;AT;Austria;Salmonids;Trout;TRS;Sea trout;335000;Live weight;2150000
2014;AT;Austria;Salmonids;Other salmonids;WHF;Whitefishes nei;2000;Live weight;379000
2014;BE;Belgium;Freshwater fish;Other freshwater fish;FRF;Freshwater fishes nei;39000;Live weight;259000
2014;BE;Belgium;Salmonids;Trout;TRR;Rainbow trout;175000;Live weight;759000
2014;BG;Bulgaria;Freshwater fish;Other freshwater fish;ALR;Bleak;3000;Live weight;2000
2014;BG;Bulgaria;Freshwater fish;Other freshwater fish;APG;Danube sturgeon(=Osetr);233000;Live weight;1082000
2014;BG;Bulgaria;Freshwater fish;Carp;BIC;Bighead carp;1273000;Live weight;1013000
2014;BG;Bulgaria;Freshwater fish;Other freshwater fish;BKC;Black carp;1000;Live weight;2000
2014;BG;Bulgaria;Crustaceans;Freshwater crayfish;CRD;Danube crayfish;17000;Live weight;39000
2014;BG;Bulgaria;Freshwater fish;Other freshwater fish;FBM;Freshwater bream;9000;Live weight;5000
2014;BG;Bulgaria;Freshwater fish;Carp;FCG;Grass carp(=White amur);208000;Live weight;185000
2014;BG;Bulgaria;Freshwater fish;Carp;FCP;Common carp;1885000;Live weight;2448000
2014;BG;Bulgaria;Freshwater fish;Other freshwater fish;FPE;European perch;3000;Live weight;8000
2014;BG;Bulgaria;Freshwater fish;Pike;FPI;Northern pike;26000;Live weight;54000
2014;BG;Bulgaria;Freshwater fish;Pike-perch;FPP;Pike-perch;142000;Live weight;274000
2014;BG;Bulgaria;Freshwater fish;Other freshwater fish;FTE;Tench;2000;Live weight;6000
2014;BG;Bulgaria;Freshwater fish;Other freshwater fish;HUH;Beluga;14000;Live weight;215000
2014;BG;Bulgaria;Freshwater fish;Freshwater catfish;ITP;Channel catfish;13000;Live weight;21000
2014;BG;Bulgaria;Bivalves and other molluscs and aquatic invertebrates;Mussel Mytilus spp;MSM;Mediterranean mussel;2520000;Live weight;2213000
2014;BG;Bulgaria;Freshwater fish;Freshwater catfish;SOM;Wels(=Som)catfish;97000;Live weight;303000
2014;BG;Bulgaria;Freshwater fish;Other freshwater fish;SRE;Rudd;5000;Live weight;2000
2014;BG;Bulgaria;Freshwater fish;Carp;SVC;Silver carp;125000;Live weight;122000
2014;BG;Bulgaria;Salmonids;Trout;TRR;Rainbow trout;2865000;Live weight;7505000
2014;BG;Bulgaria;Salmonids;Trout;TRS;Sea trout;5000;Live weight;10000
2014;CY;Cyprus;Freshwater fish;Other freshwater fish;APB;Siberian sturgeon;1000;Live weight;21000
2014;CY;Cyprus;Other marine fish;Seabass, European;BSS;European seabass;1817000;Live weight;11589000
2014;CY;Cyprus;Other marine fish;Other marine fish;MGR;Meagre;33000;Live weight;211000
2014;CY;Cyprus;Crustaceans;Shrimp, warmwater;PNI;Indian white prawn;23000;Live weight;303000
2014;CY;Cyprus;Other marine fish;Seabream, gilthead;SBG;Gilthead seabream;2919000;Live weight;15281000
2014;CY;Cyprus;Other marine fish;Other marine fish;SRI;Marbled spinefoot;0;Live weight;2000
2014;CY;Cyprus;Salmonids;Trout;TRR;Rainbow trout;42000;Live weight;367000
2014;CZ;Czechia;Freshwater fish;Carp;BIC;Bighead carp;289000;Live weight;251000
2014;CZ;Czechia;Salmonids;Other salmonids;CIJ;Peled;13000;Live weight;39000
2014;CZ;Czechia;Freshwater fish;Carp;FCG;Grass carp(=White amur);337000;Live weight;795000
2014;CZ;Czechia;Freshwater fish;Carp;FCP;Common carp;17833000;Live weight;36284000
2014;CZ;Czechia;Freshwater fish;Other freshwater fish;FPE;European perch;17000;Live weight;28000
2014;CZ;Czechia;Freshwater fish;Pike;FPI;Northern pike;82000;Live weight;513000
2014;CZ;Czechia;Freshwater fish;Pike-perch;FPP;Pike-perch;71000;Live weight;753000
2014;CZ;Czechia;Freshwater fish;Other freshwater fish;FRF;Freshwater fishes nei;466000;Live weight;626000
2014;CZ;Czechia;Freshwater fish;Other freshwater fish;FTE;Tench;152000;Live weight;404000
2014;CZ;Czechia;Freshwater fish;Freshwater catfish;SOM;Wels(=Som)catfish;55000;Live weight;313000
2014;CZ;Czechia;Freshwater fish;Carp;SVC;Silver carp;154000;Live weight;134000
2014;CZ;Czechia;Salmonids;Trout;SVF;Brook trout;267000;Live weight;981000
2014;CZ;Czechia;Salmonids;Trout;TRR;Rainbow trout;421000;Live weight;1326000
2014;CZ;Czechia;Salmonids;Trout;TRS;Sea trout;6000;Live weight;24000
2014;DE;Germany;Crustaceans;Freshwater crayfish;AAS;Noble crayfish;2000;Live weight;89000
2014;DE;Germany;Salmonids;Other salmonids;CHR;Chars nei;2061000;Live weight;9684000
2014;DE;Germany;Freshwater fish;Freshwater catfish;CLZ;North African catfish;876000;Live weight;699000
2014;DE;Germany;Freshwater fish;Eel;ELE;European eel;643000;Live weight;6158000
2014;DE;Germany;Freshwater fish;Carp;FCP;Common carp;5285000;Live weight;12264000
2014;DE;Germany;Freshwater fish;Pike;FPI;Northern pike;53000;Live weight;329000
2014;DE;Germany;Freshwater fish;Pike-perch;FPP;Pike-perch;74000;Live weight;674000
2014;DE;Germany;Freshwater fish;Other freshwater fish;FRF;Freshwater fishes nei;365000;Live weight;730000
2014;DE;Germany;Freshwater fish;Other freshwater fish;FTE;Tench;146000;Live weight;553000
2014;DE;Germany;Bivalves and other molluscs and aquatic invertebrates;Mussel Mytilus spp;MUS;Blue mussel;5280000;Live weight;12708000
2014;DE;Germany;Bivalves and other molluscs and aquatic invertebrates;Oyster;OYG;Pacific cupped oyster;80000;Live weight;721000
2014;DE;Germany;Freshwater fish;Freshwater catfish;SOM;Wels(=Som)catfish;163000;Live weight;906000
2014;DE;Germany;Freshwater fish;Other freshwater fish;STU;Sturgeons nei;257000;Live weight;1508000
2014;DE;Germany;Freshwater fish;Tilapia;TLP;Tilapias nei;116000;Live weight;407000
2014;DE;Germany;Salmonids;Trout;TRR;Rainbow trout;9957000;Live weight;34315000
2014;DE;Germany;Salmonids;Trout;TRS;Sea trout;676000;Live weight;3203000
2014;DK;Denmark;Freshwater fish;Other freshwater fish;APU;Sturgeon;1000;Live weight;23000
2014;DK;Denmark;Salmonids;Other salmonids;CHR;Chars nei;216000;Live weight;1063000
2014;DK;Denmark;Freshwater fish;Eel;ELE;European eel;736000;Live weight;5080000
2014;DK;Denmark;Freshwater fish;Pike-perch;FPP;Pike-perch;88000;Live weight;770000
2014;DK;Denmark;Bivalves and other molluscs and aquatic invertebrates;Mussel Mytilus spp;MUS;Blue mussel;1730000;Live weight;1317000
2014;DK;Denmark;Salmonids;Salmon;SAL;Atlantic salmon;405000;Live weight;1646000
2014;DK;Denmark;Salmonids;Trout;SVF;Brook trout;107000;Live weight;464000
2014;DK;Denmark;Miscellaneous aquatic products;Seaweed and other algae;SWX;Seaweeds nei;10000;Live weight;0
2014;DK;Denmark;Salmonids;Trout;TRR;Rainbow trout;30296000;Live weight;87847000
2014;DK;Denmark;Salmonids;Trout;TRS;Sea trout;46000;Live weight;218000
2014;EE;Estonia;Crustaceans;Freshwater crayfish;AAS;Noble crayfish;0;Live weight;15000
2014;EE;Estonia;Freshwater fish;Eel;ELE;European eel;127000;Live weight;877000
2014;EE;Estonia;Freshwater fish;Carp;FCP;Common carp;35000;Live weight;88000
2014;EE;Estonia;Salmonids;Trout;TRR;Rainbow trout;570000;Live weight;1941000
2014;EL;Greece;Tuna and tuna-like species;Tuna, bluefin;BFT;Atlantic bluefin tuna;75000;Live weight;1335000
2014;EL;Greece;Other marine fish;Seabass, European;BSS;European seabass;32142000;Live weight;173219000
2014;EL;Greece;Other marine fish;Other marine fish;COB;Shi drum;462000;Live weight;2737000
2014;EL;Greece;Salmonids;Salmon;COH;Coho(=Silver)salmon;2000;Live weight;17000
2014;EL;Greece;Other marine fish;Other marine fish;DRU;Sciaenas nei;8000;Live weight;21000
2014;EL;Greece;Freshwater fish;Eel;ELE;European eel;285000;Live weight;2585000
2014;EL;Greece;Freshwater fish;Carp;FCP;Common carp;28000;Live weight;69000
2014;EL;Greece;Crustaceans;Shrimp, warmwater;KUP;Kuruma prawn;0;Live weight;1000
2014;EL;Greece;Other marine fish;Other marine fish;MGR;Meagre;795000;Live weight;3928000
2014;EL;Greece;Other marine fish;Other marine fish;MUF;Flathead grey mullet;264000;Live weight;1549000
2014;EL;Greece;Other marine fish;Other marine fish;MZZ;Marine fishes nei;161000;Live weight;536000
2014;EL;Greece;Other marine fish;Seabream, other;PAC;Common pandora;15000;Live weight;96000
2014;EL;Greece;Other marine fish;Seabream, other;RPG;Red porgy;711000;Live weight;4705000
2014;EL;Greece;Other marine fish;Seabream, gilthead;SBG;Gilthead seabream;50688000;Live weight;239632000
2014;EL;Greece;Other marine fish;Seabream, other;SHR;Sharpsnout seabream;530000;Live weight;2778000
2014;EL;Greece;Flatfish;Sole, common;SOL;Common sole;3000;Live weight;18000
2014;EL;Greece;Freshwater fish;Other freshwater fish;STU;Sturgeons nei;43000;Live weight;614000
2014;EL;Greece;Other marine fish;Seabream, other;SWA;White seabream;10000;Live weight;65000
2014;EL;Greece;Miscellaneous aquatic products;Seaweed and other algae;SWX;Seaweeds nei;13000;Live weight;510000
2014;EL;Greece;Salmonids;Trout;TRR;Rainbow trout;1611000;Live weight;5030000
2014;ES;Spain;Freshwater fish;Other freshwater fish;AAA;Adriatic sturgeon;10000;Live weight;277000
2014;ES;Spain;Freshwater fish;Other freshwater fish;APB;Siberian sturgeon;22000;Live weight;96000
2014;ES;Spain;Other marine fish;Smelt;ATB;Big-scale sand smelt;0;Live weight;2000
2014;ES;Spain;Tuna and tuna-like species;Tuna, bluefin;BFT;Atlantic bluefin tuna;3088000;Live weight;55870000
2014;ES;Spain;Other marine fish;Seabass, European;BSS;European seabass;16722000;Live weight;99719000
2014;ES;Spain;Bivalves and other molluscs and aquatic invertebrates;Clam;CLJ;Japanese carpet shell;646000;Live weight;4124000
2014;ES;Spain;Bivalves and other molluscs and aquatic invertebrates;Clam;COC;Common edible cockle;206000;Live weight;962000
2014;ES;Spain;Crustaceans;Shrimp, miscellaneous;CPR;Common prawn;0;Live weight;3000
2014;ES;Spain;Crustaceans;Crab;CRG;Green crab;0;Live weight;3000
2014;ES;Spain;Cephalopods;Cuttlefish;CTC;Common cuttlefish;0;Live weight;2000
2014;ES;Spain;Bivalves and other molluscs and aquatic invertebrates;Clam;CTG;Grooved carpet shell;167000;Live weight;2718000
2014;ES;Spain;Bivalves and other molluscs and aquatic invertebrates;Clam;CTS;Pullet carpet shell;70000;Live weight;654000
2014;ES;Spain;Freshwater fish;Eel;ELE;European eel;361000;Live weight;3211000
2014;ES;Spain;Bivalves and other molluscs and aquatic invertebrates;Clam;EQE;Pod razor shell;12000;Live weight;290000
2014;ES;Spain;Freshwater fish;Carp;FCP;Common carp;0;Live weight;3000
2014;ES;Spain;Freshwater fish;Other freshwater fish;FTE;Tench;11000;Live weight;139000
2014;ES;Spain;Bivalves and other molluscs and aquatic invertebrates;Molluscs and aquatic invertebrates, other;GAS;Gastropods nei;1000;Live weight;3000
2014;ES;Spain;Bivalves and other molluscs and aquatic invertebrates;Clam;KTG;Olive green cockle;0;Live weight;1000
2014;ES;Spain;Crustaceans;Shrimp, warmwater;KUP;Kuruma prawn;1000;Live weight;19000
2014;ES;Spain;Miscellaneous aquatic products;Seaweed and other algae;LQX;Sea belt;2000;Live weight;16000
2014;ES;Spain;Other marine fish;Other marine fish;MGR;Meagre;1101000;Live weight;4994000
2014;ES;Spain;Other marine fish;Other marine fish;MGS; ;175000;Live weight;830000
2014;ES;Spain;Freshwater fish;Other freshwater fish;MPS;Largemouth black bass;0;Live weight;1000
2014;ES;Spain;Bivalves and other molluscs and aquatic invertebrates;Mussel Mytilus spp;MSM;Mediterranean mussel;220449000;Live weight;110494000
2014;ES;Spain;Flatfish;Sole, other;OAL;Senegalese sole;806000;Live weight;7022000
2014;ES;Spain;Cephalopods;Octopus;OCC;Common octopus;1000;Live weight;6000
2014;ES;Spain;Bivalves and other molluscs and aquatic invertebrates;Oyster;OYF;European flat oyster;427000;Live weight;2096000
2014;ES;Spain;Bivalves and other molluscs and aquatic invertebrates;Oyster;OYG;Pacific cupped oyster;558000;Live weight;1854000
2014;ES;Spain;Crustaceans;Shrimp, miscellaneous;PAL;Palaemonid shrimps nei;153000;Live weight;402000
2014;ES;Spain;Crustaceans;Shrimp, warmwater;PNV;Whiteleg shrimp;4000;Live weight;70000
2014;ES;Spain;Crustaceans;Shrimp, miscellaneous;PVR;Atlantic ditch shrimp;3000;Live weight;19000
2014;ES;Spain;Bivalves and other molluscs and aquatic invertebrates;Scallop;QSC;Queen scallop;6000;Live weight;22000
2014;ES;Spain;Bivalves and other molluscs and aquatic invertebrates;Clam;RAZ;Solen razor clams nei;0;Live weight;0
2014;ES;Spain;Salmonids;Salmon;SAL;Atlantic salmon;0;Live weight;0
2014;ES;Spain;Other marine fish;Seabream, gilthead;SBG;Gilthead seabream;16915000;Live weight;82426000
2014;ES;Spain;Other marine fish;Seabream, other;SBR;Blackspot(=red) seabream;172000;Live weight;1527000
2014;ES;Spain;Other marine fish;Seabass, other;SPU;Spotted seabass;1000;Live weight;3000
2014;ES;Spain;Other marine fish;Seabream, other;SWA;White seabream;2000;Live weight;5000
2014;ES;Spain;Miscellaneous aquatic products;Seaweed and other algae;SWX;Seaweeds nei;0;Live weight;20000
2014;ES;Spain;Crustaceans;Shrimp, warmwater;TGS;Caramote prawn;1000;Live weight;4000
2014;ES;Spain;Freshwater fish;Tilapia;TLN;Nile tilapia;10000;Live weight;51000
2014;ES;Spain;Salmonids;Trout;TRR;Rainbow trout;15104000;Live weight;41624000
2014;ES;Spain;Salmonids;Trout;TRS;Sea trout;2000;Live weight;11000
2014;ES;Spain;Flatfish;Turbot;TUR;Turbot;7767000;Live weight;50037000
2014;ES;Spain;Bivalves and other molluscs and aquatic invertebrates;Clam;VEV;Warty venus;0;Live weight;6000
2014;ES;Spain;Bivalves and other molluscs and aquatic invertebrates;Scallop;VSC;Variegated scallop;1000;Live weight;11000
2014;FI;Finland;Other marine fish;Other marine fish;FIN;Finfishes nei;18000;Live weight;144000
2014;FI;Finland;Crustaceans;Freshwater crayfish;PCL;Signal crayfish;1000;Live weight;25000
2014;FI;Finland;Salmonids;Other salmonids;PLN;European whitefish;857000;Live weight;6599000
2014;FI;Finland;Salmonids;Trout;TRR;Rainbow trout;12357000;Live weight;41396000
2014;FI;Finland;Salmonids;Trout;TRS;Sea trout;91000;Live weight;610000
2014;FR;France;Freshwater fish;Carp;FCP;Common carp;4200000;Live weight;4662000
2014;FR;France;Bivalves and other molluscs and aquatic invertebrates;Clam;CLJ;Japanese carpet shell;892000;Live weight;6017000
2014;FR;France;Bivalves and other molluscs and aquatic invertebrates;Clam;CLX;Clams, etc. nei;226000;Live weight;1875000
2014;FR;France;Bivalves and other molluscs and aquatic invertebrates;Clam;COC;Common edible cockle;1650000;Live weight;5678000
2014;FR;France;Freshwater fish;Freshwater catfish;SOM;Wels(=Som)catfish;200000;Live weight;600000
2014;FR;France;Bivalves and other molluscs and aquatic invertebrates;Mussel Mytilus spp;MSM;Mediterranean mussel;11807000;Live weight;19483000
2014;FR;France;Bivalves and other molluscs and aquatic invertebrates;Mussel Mytilus spp;MUS;Blue mussel;45826000;Live weight;82949000
2014;FR;France;Freshwater fish;Other freshwater fish;FCY;Cyprinids nei;300000;Live weight;504000
2014;FR;France;Freshwater fish;Other freshwater fish;FRF;Freshwater fishes nei;500000;Live weight;1500000
2013;PL;Poland;Salmonids;Trout;TRO;Trouts nei;0;Live weight;1000
2013;PL;Poland;Salmonids;Trout;TRR;Rainbow trout;10251000;Live weight;27792000
2013;PL;Poland;Salmonids;Trout;TRS;Sea trout;16000;Live weight;114000
2013;PT;Portugal;Other marine fish;Seabass, other;BSE;Seabasses nei;0;Live weight;1000
2013;PT;Portugal;Other marine fish;Seabass, European;BSS;European seabass;575000;Live weight;3578000
2013;PT;Portugal;Bivalves and other molluscs and aquatic invertebrates;Clam;COC;Common edible cockle;90000;Live weight;64000
2013;PT;Portugal;Bivalves and other molluscs and aquatic invertebrates;Clam;CTG;Grooved carpet shell;2314000;Live weight;24691000
2013;PT;Portugal;Bivalves and other molluscs and aquatic invertebrates;Clam;CTS;Pullet carpet shell;13000;Live weight;120000
2013;PT;Portugal;Freshwater fish;Eel;ELE;European eel;1000;Live weight;10000
2013;PT;Portugal;Other marine fish;Other marine fish;MGR;Meagre;8000;Live weight;36000
2013;PT;Portugal;Other marine fish;Other marine fish;MGS; ;0;Live weight;1000
2013;PT;Portugal;Bivalves and other molluscs and aquatic invertebrates;Mussel Mytilus spp;MYV;Mytilus mussels nei;1547000;Live weight;961000
2013;PT;Portugal;Bivalves and other molluscs and aquatic invertebrates;Oyster;OST;Flat and cupped oysters nei;26000;Live weight;84000
2013;PT;Portugal;Bivalves and other molluscs and aquatic invertebrates;Oyster;OYC;Cupped oysters nei;369000;Live weight;943000
2013;PT;Portugal;Bivalves and other molluscs and aquatic invertebrates;Oyster;OYG;Pacific cupped oyster;399000;Live weight;984000
2013;PT;Portugal;Crustaceans;Shrimp, miscellaneous;PVR;Atlantic ditch shrimp;5000;Live weight;8000
2013;PT;Portugal;Bivalves and other molluscs and aquatic invertebrates;Clam;RAE;European razor clam;4000;Live weight;13000
2013;PT;Portugal;Other marine fish;Seabream, gilthead;SBG;Gilthead seabream;1427000;Live weight;7294000
2013;PT;Portugal;Flatfish;Sole, common;SOL;Common sole;154000;Live weight;2036000
2013;PT;Portugal;Other marine fish;Seabream, other;SRG;Sargo breams nei;0;Live weight;1000
2013;PT;Portugal;Other marine fish;Seabream, other;SWA;White seabream;0;Live weight;0
2013;PT;Portugal;Salmonids;Trout;TRO;Trouts nei;775000;Live weight;1902000
2013;PT;Portugal;Flatfish;Turbot;TUR;Turbot;2353000;Live weight;12078000
2013;PT;Portugal;Bivalves and other molluscs and aquatic invertebrates;Clam;VNA;Golden carpet shell;5000;Live weight;27000
2013;RO;Romania;Freshwater fish;Other freshwater fish;APB;Siberian sturgeon;5000;Live weight;36000
2013;RO;Romania;Freshwater fish;Carp;BIC;Bighead carp;2110000;Live weight;2865000
2013;RO;Romania;Freshwater fish;Freshwater catfish;CLZ;North African catfish;94000;Live weight;234000
2013;RO;Romania;Freshwater fish;Other freshwater fish;FBM;Freshwater bream;58000;Live weight;46000
2013;RO;Romania;Freshwater fish;Carp;FCC;Crucian carp;1003000;Live weight;1135000
2013;RO;Romania;Freshwater fish;Carp;FCG;Grass carp(=White amur);190000;Live weight;430000
2013;RO;Romania;Freshwater fish;Carp;FCP;Common carp;3395000;Live weight;8452000
2013;RO;Romania;Freshwater fish;Other freshwater fish;FCY;Cyprinids nei;10000;Live weight;8000
2013;RO;Romania;Freshwater fish;Other freshwater fish;FPE;European perch;2000;Live weight;2000
2013;RO;Romania;Freshwater fish;Pike;FPI;Northern pike;28000;Live weight;64000
2013;RO;Romania;Freshwater fish;Pike-perch;FPP;Pike-perch;43000;Live weight;126000
2013;RO;Romania;Bivalves and other molluscs and aquatic invertebrates;Mussel Mytilus spp;MSM;Mediterranean mussel;16000;Live weight;24000
2013;RO;Romania;Bivalves and other molluscs and aquatic invertebrates;Oyster;OYG;Pacific cupped oyster;0;Live weight;3000
2013;RO;Romania;Freshwater fish;Other freshwater fish;PAM;Mississippi paddlefish;4000;Live weight;18000
2013;RO;Romania;Freshwater fish;Freshwater catfish;SOM;Wels(=Som)catfish;44000;Live weight;129000
2013;RO;Romania;Freshwater fish;Other freshwater fish;STU;Sturgeons nei;7000;Live weight;53000
2013;RO;Romania;Freshwater fish;Carp;SVC;Silver carp;2031000;Live weight;2758000
2013;RO;Romania;Salmonids;Trout;SVF;Brook trout;34000;Live weight;138000
2013;RO;Romania;Salmonids;Trout;TRR;Rainbow trout;1072000;Live weight;4125000
2013;SE;Sweden;Salmonids;Other salmonids;ACH;Arctic char;1808000;Live weight;11034000
2013;SE;Sweden;Crustaceans;Freshwater crayfish;AYS;Euro-American crayfishes nei;1000;Live weight;31000
2013;SE;Sweden;Freshwater fish;Eel;ELE;European eel;92000;Live weight;806000
2013;SE;Sweden;Bivalves and other molluscs and aquatic invertebrates;Mussel Mytilus spp;MUS;Blue mussel;1702000;Live weight;1180000
2013;SE;Sweden;Salmonids;Salmon;SAL;Atlantic salmon;6000;Live weight;49000
2013;SE;Sweden;Salmonids;Trout;TRR;Rainbow trout;9757000;Live weight;30491000
2013;SE;Sweden;Salmonids;Trout;TRS;Sea trout;6000;Live weight;49000
2013;SI;Slovenia;Other marine fish;Seabass, European;BSS;European seabass;50000;Live weight;371000
2013;SI;Slovenia;Freshwater fish;Carp;FCP;Common carp;123000;Live weight;295000
2013;SI;Slovenia;Freshwater fish;Other freshwater fish;FCY;Cyprinids nei;2000;Live weight;5000
2013;SI;Slovenia;Bivalves and other molluscs and aquatic invertebrates;Mussel Mytilus spp;MSM;Mediterranean mussel;327000;Live weight;164000
2013;SI;Slovenia;Salmonids;Trout;TRR;Rainbow trout;582000;Live weight;2014000
2013;SK;Slovakia;Freshwater fish;Carp;FCG;Grass carp(=White amur);15000;Live weight;30000
2013;SK;Slovakia;Freshwater fish;Carp;FCP;Common carp;217000;Live weight;486000
2013;SK;Slovakia;Freshwater fish;Other freshwater fish;FRF;Freshwater fishes nei;115000;Live weight;370000
2013;SK;Slovakia;Salmonids;Trout;TRO;Trouts nei;3000;Live weight;23000
2013;SK;Slovakia;Salmonids;Trout;TRR;Rainbow trout;735000;Live weight;2256000
2013;UK;United Kingdom;Salmonids;Other salmonids;ACH;Arctic char;11000;Live weight;71000
2013;UK;United Kingdom;Other marine fish;Seabass, European;BSS;European seabass;252000;Live weight;1335000
2013;UK;United Kingdom;Bivalves and other molluscs and aquatic invertebrates;Clam;CLH;Northern quahog(=Hard clam);1000;Live weight;4000
2013;UK;United Kingdom;Bivalves and other molluscs and aquatic invertebrates;Clam;CLJ;Japanese carpet shell;11000;Live weight;45000
2013;UK;United Kingdom;Bivalves and other molluscs and aquatic invertebrates;Clam;COC;Common edible cockle;2504000;Live weight;7371000
2013;UK;United Kingdom;Freshwater fish;Other freshwater fish;FBM;Freshwater bream;3000;Live weight;64000
2013;UK;United Kingdom;Freshwater fish;Carp;FCP;Common carp;149000;Live weight;2475000
2013;UK;United Kingdom;Freshwater fish;Other freshwater fish;FRF;Freshwater fishes nei;3000;Live weight;66000
2013;UK;United Kingdom;Freshwater fish;Other freshwater fish;FRO;Roach;3000;Live weight;55000
2013;UK;United Kingdom;Freshwater fish;Other freshwater fish;FTE;Tench;4000;Live weight;145000
2013;UK;United Kingdom;Flatfish;Halibut, Atlantic;HAL;Atlantic halibut;56000;Live weight;330000
2013;UK;United Kingdom;Bivalves and other molluscs and aquatic invertebrates;Mussel, other;MSX;Sea mussels nei;22480000;Live weight;44057000
2013;UK;United Kingdom;Bivalves and other molluscs and aquatic invertebrates;Oyster;OYF;European flat oyster;55000;Live weight;385000
2013;UK;United Kingdom;Bivalves and other molluscs and aquatic invertebrates;Oyster;OYG;Pacific cupped oyster;1261000;Live weight;4688000
2013;UK;United Kingdom;Bivalves and other molluscs and aquatic invertebrates;Scallop;QSC;Queen scallop;1000;Live weight;4000
2013;UK;United Kingdom;Salmonids;Salmon;SAL;Atlantic salmon;163518000;Live weight;799780000
2013;UK;United Kingdom;Bivalves and other molluscs and aquatic invertebrates;Scallop;SCE;Great Atlantic scallop;5000;Live weight;61000
2013;UK;United Kingdom;Freshwater fish;Tilapia;TLN;Nile tilapia;122000;Live weight;460000
2013;UK;United Kingdom;Salmonids;Trout;TRR;Rainbow trout;12466000;Live weight;34022000
2013;UK;United Kingdom;Salmonids;Trout;TRS;Sea trout;358000;Live weight;1283000
2013;LT;Lithuania;Freshwater fish;Carp;BIC;Bighead carp;46000;Live weight;138000
2013;LT;Lithuania;Freshwater fish;Freshwater catfish;CLZ;North African catfish;33000;Live weight;119000
2013;LT;Lithuania;Freshwater fish;Carp;FCC;Crucian carp;12000;Live weight;14000
2013;LT;Lithuania;Freshwater fish;Carp;FCG;Grass carp(=White amur);45000;Live weight;116000
2013;LT;Lithuania;Freshwater fish;Carp;FCP;Common carp;3457000;Live weight;6823000
2013;LT;Lithuania;Freshwater fish;Pike;FPI;Northern pike;11000;Live weight;31000
2013;LT;Lithuania;Freshwater fish;Other freshwater fish;FRF;Freshwater fishes nei;67000;Live weight;217000
2013;LT;Lithuania;Freshwater fish;Other freshwater fish;FTE;Tench;2000;Live weight;13000
2013;LT;Lithuania;Freshwater fish;Other freshwater fish;STU;Sturgeons nei;115000;Live weight;663000
2013;LT;Lithuania;Salmonids;Trout;TRR;Rainbow trout;52000;Live weight;217000
2013;DK;Denmark;Freshwater fish;Other freshwater fish;STU;Sturgeons nei;2000;Live weight;36000
2013;DK;Denmark;Salmonids;Trout;SVF;Brook trout;76000;Live weight;304000
2013;DK;Denmark;Salmonids;Trout;TRR;Rainbow trout;29645000;Live weight;85399000
2013;DK;Denmark;Salmonids;Trout;TRS;Sea trout;60000;Live weight;351000
2013;DK;Denmark;Flatfish;Turbot;TUR;Turbot;7000;Live weight;54000
2013;EE;Estonia;Crustaceans;Freshwater crayfish;AAS;Noble crayfish;0;Live weight;17000
2013;EE;Estonia;Freshwater fish;Other freshwater fish;FBM;Freshwater bream;0;Live weight;0
2013;EE;Estonia;Freshwater fish;Carp;FCC;Crucian carp;0;Live weight;0
2013;EE;Estonia;Freshwater fish;Carp;FCP;Common carp;44000;Live weight;136000
2013;EE;Estonia;Freshwater fish;Other freshwater fish;FPE;European perch;0;Live weight;0
2013;EE;Estonia;Freshwater fish;Pike;FPI;Northern pike;0;Live weight;0
2013;EE;Estonia;Freshwater fish;Other freshwater fish;FRF;Freshwater fishes nei;223000;Live weight;1508000
2013;EE;Estonia;Freshwater fish;Other freshwater fish;FRO;Roach;0;Live weight;0
2013;EE;Estonia;Freshwater fish;Other freshwater fish;FTE;Tench;0;Live weight;0
2013;EE;Estonia;Salmonids;Trout;TRR;Rainbow trout;465000;Live weight;1368000
2013;EL;Greece;Tuna and tuna-like species;Tuna, bluefin;BFT;Atlantic bluefin tuna;55000;Live weight;832000
2013;EL;Greece;Other marine fish;Seabass, European;BSS;European seabass;34920000;Live weight;179352000
2013;EL;Greece;Other marine fish;Other marine fish;COB;Shi drum;308000;Live weight;1880000
2013;EL;Greece;Freshwater fish;Eel;ELE;European eel;350000;Live weight;4483000
2013;EL;Greece;Freshwater fish;Carp;FCP;Common carp;120000;Live weight;578000
2013;EL;Greece;Other marine fish;Other marine fish;MGR;Meagre;376000;Live weight;1904000
2013;EL;Greece;Other marine fish;Other marine fish;MUF;Flathead grey mullet;390000;Live weight;1330000
2013;EL;Greece;Other marine fish;Other marine fish;MZZ;Marine fishes nei;278000;Live weight;490000
2013;EL;Greece;Bivalves and other molluscs and aquatic invertebrates;Oyster;OYF;European flat oyster;1000;Live weight;2000
2013;EL;Greece;Other marine fish;Seabream, other;PAC;Common pandora;28000;Live weight;169000
2013;EL;Greece;Other marine fish;Seabream, other;RPG;Red porgy;639000;Live weight;3662000
2013;EL;Greece;Other marine fish;Seabream, gilthead;SBG;Gilthead seabream;55751000;Live weight;229174000
2013;EL;Greece;Other marine fish;Seabream, other;SHR;Sharpsnout seabream;255000;Live weight;1371000
2013;EL;Greece;Flatfish;Sole, common;SOL;Common sole;4000;Live weight;41000
2013;EL;Greece;Freshwater fish;Other freshwater fish;STU;Sturgeons nei;35000;Live weight;658000
2013;EL;Greece;Other marine fish;Seabream, other;SWA;White seabream;4000;Live weight;4000
2013;EL;Greece;Miscellaneous aquatic products;Seaweed and other algae;SWX;Seaweeds nei;29000;Live weight;413000
2013;EL;Greece;Salmonids;Trout;TRR;Rainbow trout;2013000;Live weight;6535000
2013;ES;Spain;Freshwater fish;Other freshwater fish;AAA;Adriatic sturgeon;19000;Live weight;314000
2013;ES;Spain;Freshwater fish;Other freshwater fish;APB;Siberian sturgeon;73000;Live weight;383000
2013;ES;Spain;Tuna and tuna-like species;Tuna, bluefin;BFT;Atlantic bluefin tuna;2903000;Live weight;52733000
2013;ES;Spain;Other marine fish;Seabass, European;BSS;European seabass;14946000;Live weight;92559000
2013;ES;Spain;Bivalves and other molluscs and aquatic invertebrates;Clam;CLJ;Japanese carpet shell;1205000;Live weight;6199000
2013;ES;Spain;Bivalves and other molluscs and aquatic invertebrates;Clam;COC;Common edible cockle;226000;Live weight;704000
2013;ES;Spain;Bivalves and other molluscs and aquatic invertebrates;Clam;CTG;Grooved carpet shell;174000;Live weight;2827000
2013;ES;Spain;Bivalves and other molluscs and aquatic invertebrates;Clam;CTS;Pullet carpet shell;325000;Live weight;3535000
2013;ES;Spain;Freshwater fish;Eel;ELE;European eel;305000;Live weight;2989000
2013;ES;Spain;Bivalves and other molluscs and aquatic invertebrates;Clam;EQE;Pod razor shell;5000;Live weight;116000
2013;ES;Spain;Freshwater fish;Other freshwater fish;FTE;Tench;10000;Live weight;102000
2013;ES;Spain;Crustaceans;Shrimp, warmwater;KUP;Kuruma prawn;1000;Live weight;21000
2013;ES;Spain;Other marine fish;Other marine fish;MGR;Meagre;483000;Live weight;2209000
2013;ES;Spain;Other marine fish;Other marine fish;MGS; ;159000;Live weight;656000
2013;ES;Spain;Bivalves and other molluscs and aquatic invertebrates;Mussel Mytilus spp;MSM;Mediterranean mussel;162012000;Live weight;79962000
2013;ES;Spain;Flatfish;Sole, other;OAL;Senegalese sole;440000;Live weight;4373000
2013;ES;Spain;Cephalopods;Octopus;OCC;Common octopus;2000;Live weight;7000
2013;ES;Spain;Bivalves and other molluscs and aquatic invertebrates;Oyster;OYF;European flat oyster;474000;Live weight;2545000
2013;ES;Spain;Bivalves and other molluscs and aquatic invertebrates;Oyster;OYG;Pacific cupped oyster;547000;Live weight;1589000
2013;ES;Spain;Crustaceans;Shrimp, miscellaneous;PAL;Palaemonid shrimps nei;66000;Live weight;194000
2013;ES;Spain;Crustaceans;Shrimp, warmwater;PNV;Whiteleg shrimp;1000;Live weight;25000
2013;ES;Spain;Crustaceans;Shrimp, miscellaneous;PVR;Atlantic ditch shrimp;1000;Live weight;10000
2013;ES;Spain;Bivalves and other molluscs and aquatic invertebrates;Scallop;QSC;Queen scallop;6000;Live weight;26000
2013;ES;Spain;Other marine fish;Seabream, gilthead;SBG;Gilthead seabream;18897000;Live weight;76924000
2013;ES;Spain;Other marine fish;Seabream, other;SBR;Blackspot(=red) seabream;228000;Live weight;1972000
2013;ES;Spain;Other marine fish;Seabass, other;SPU;Spotted seabass;2000;Live weight;6000
2013;ES;Spain;Other marine fish;Seabream, other;SWA;White seabream;2000;Live weight;6000
2013;ES;Spain;Freshwater fish;Tilapia;TLN;Nile tilapia;9000;Live weight;61000
2013;ES;Spain;Salmonids;Trout;TRR;Rainbow trout;15797000;Live weight;42146000
2013;ES;Spain;Salmonids;Trout;TRS;Sea trout;2000;Live weight;11000
2013;ES;Spain;Flatfish;Turbot;TUR;Turbot;6900000;Live weight;54205000
2013;ES;Spain;Bivalves and other molluscs and aquatic invertebrates;Clam;VEV;Warty venus;1000;Live weight;19000
2013;ES;Spain;Bivalves and other molluscs and aquatic invertebrates;Scallop;VSC;Variegated scallop;1000;Live weight;10000
2013;FI;Finland;Other marine fish;Other marine fish;FIN;Finfishes nei;103000;Live weight;620000
2013;FI;Finland;Crustaceans;Freshwater crayfish;PCL;Signal crayfish;1000;Live weight;29000
2013;FI;Finland;Salmonids;Other salmonids;PLN;European whitefish;1155000;Live weight;7646000
2013;FI;Finland;Salmonids;Trout;TRR;Rainbow trout;11914000;Live weight;38601000
2013;FI;Finland;Salmonids;Trout;TRS;Sea trout;113000;Live weight;1025000
2013;FR;France;Other marine fish;Seabass, European;BSS;European seabass;2428000;Live weight;17677000
2013;FR;France;Bivalves and other molluscs and aquatic invertebrates;Clam;CLJ;Japanese carpet shell;1024000;Live weight;6983000
2013;FR;France;Bivalves and other molluscs and aquatic invertebrates;Clam;CLX;Clams, etc. nei;234000;Live weight;2082000
2013;FR;France;Bivalves and other molluscs and aquatic invertebrates;Clam;COC;Common edible cockle;1611000;Live weight;4335000
2013;FR;France;Freshwater fish;Carp;FCP;Common carp;4200000;Live weight;4662000
2013;FR;France;Freshwater fish;Other freshwater fish;FCY;Cyprinids nei;300000;Live weight;504000
2013;FR;France;Freshwater fish;Other freshwater fish;FRF;Freshwater fishes nei;500000;Live weight;1500000
2013;FR;France;Freshwater fish;Other freshwater fish;FRX;Roaches nei;1923000;Live weight;17851000
2013;FR;France;Freshwater fish;Other freshwater fish;FTE;Tench;900000;Live weight;1998000
2013;FR;France;Crustaceans;Shrimp, warmwater;KUP;Kuruma prawn;47000;Live weight;767000
2013;FR;France;Other marine fish;Other marine fish;MGR;Meagre;446000;Live weight;3172000
2013;FR;France;Bivalves and other molluscs and aquatic invertebrates;Mussel Mytilus spp;MSM;Mediterranean mussel;14091000;Live weight;22084000
2013;FR;France;Bivalves and other molluscs and aquatic invertebrates;Mussel Mytilus spp;MUS;Blue mussel;60048000;Live weight;110090000
2013;FR;France;Other marine fish;Other marine fish;MZZ;Marine fishes nei;705000;Live weight;5089000
2013;FR;France;Bivalves and other molluscs and aquatic invertebrates;Oyster;OYF;European flat oyster;1503000;Live weight;10108000
2013;FR;France;Bivalves and other molluscs and aquatic invertebrates;Oyster;OYG;Pacific cupped oyster;76008000;Live weight;379013000
2013;FR;France;Salmonids;Salmon;SAL;Atlantic salmon;300000;Live weight;1350000
2013;FR;France;Other marine fish;Seabream, gilthead;SBG;Gilthead seabream;1636000;Live weight;9886000
2013;FR;France;Salmonids;Other salmonids;SLX;Salmonoids nei;414000;Live weight;2518000
2013;FR;France;Freshwater fish;Freshwater catfish;SOM;Wels(=Som)catfish;200000;Live weight;600000
2013;FR;France;Freshwater fish;Other freshwater fish;STU;Sturgeons nei;335000;Live weight;2262000
2013;FR;France;Miscellaneous aquatic products;Seaweed and other algae;SWX;Seaweeds nei;38000;Live weight;135000
2013;FR;France;Salmonids;Trout;TRR;Rainbow trout;30818000;Live weight;96963000
2013;FR;France;Salmonids;Trout;TRS;Sea trout;946000;Live weight;6233000
2013;FR;France;Flatfish;Turbot;TUR;Turbot;255000;Live weight;3043000
2013;HR;Croatia;Tuna and tuna-like species;Tuna, bluefin;BFT;Atlantic bluefin tuna;2616000;Live weight;37942000
2013;HR;Croatia;Freshwater fish;Carp;BIC;Bighead carp;303000;Live weight;302000
2013;HR;Croatia;Other marine fish;Seabass, European;BSS;European seabass;2826000;Live weight;15975000
2013;HR;Croatia;Other marine fish;Seabream, other;DEC;Common dentex;6000;Live weight;77000
2013;HR;Croatia;Freshwater fish;Carp;FCG;Grass carp(=White amur);209000;Live weight;350000
2013;HR;Croatia;Freshwater fish;Carp;FCP;Common carp;2100000;Live weight;4336000
2013;HR;Croatia;Freshwater fish;Pike;FPI;Northern pike;6000;Live weight;32000
2013;HR;Croatia;Freshwater fish;Pike-perch;FPP;Pike-perch;11000;Live weight;71000
2013;HR;Croatia;Freshwater fish;Other freshwater fish;FRF;Freshwater fishes nei;92000;Live weight;87000
2013;HR;Croatia;Freshwater fish;Other freshwater fish;FTE;Tench;2000;Live weight;5000
2013;HR;Croatia;Other marine fish;Other marine fish;MGR;Meagre;44000;Live weight;312000
2013;HR;Croatia;Bivalves and other molluscs and aquatic invertebrates;Mussel Mytilus spp;MSM;Mediterranean mussel;1950000;Live weight;2012000
2013;HR;Croatia;Bivalves and other molluscs and aquatic invertebrates;Oyster;OYF;European flat oyster;50000;Live weight;547000
2013;HR;Croatia;Other marine fish;Seabream, other;RPG;Red porgy;11000;Live weight;80000
2013;HR;Croatia;Other marine fish;Seabream, gilthead;SBG;Gilthead seabream;2978000;Live weight;15394000
2013;HR;Croatia;Freshwater fish;Freshwater catfish;SOM;Wels(=Som)catfish;35000;Live weight;150000
2013;HR;Croatia;Freshwater fish;Carp;SVC;Silver carp;127000;Live weight;113000
2013;HR;Croatia;Salmonids;Trout;TRO;Trouts nei;6000;Live weight;21000
2013;HR;Croatia;Salmonids;Trout;TRR;Rainbow trout;348000;Live weight;1140000
2013;HU;Hungary;Freshwater fish;Carp;BIC;Bighead carp;49000;Live weight;39000
2013;HU;Hungary;Freshwater fish;Freshwater catfish;CLZ;North African catfish;2050000;Live weight;3798000
2013;HU;Hungary;Freshwater fish;Carp;FCG;Grass carp(=White amur);576000;Live weight;931000
2013;HU;Hungary;Freshwater fish;Carp;FCP;Common carp;9632000;Live weight;17358000
2013;HU;Hungary;Freshwater fish;Pike;FPI;Northern pike;32000;Live weight;143000
2013;HU;Hungary;Freshwater fish;Pike-perch;FPP;Pike-perch;37000;Live weight;233000
2013;HU;Hungary;Freshwater fish;Other freshwater fish;FRF;Freshwater fishes nei;620000;Live weight;939000
2013;HU;Hungary;Freshwater fish;Other freshwater fish;FTE;Tench;2000;Live weight;8000
2013;HU;Hungary;Freshwater fish;Freshwater catfish;SOM;Wels(=Som)catfish;212000;Live weight;846000
2013;HU;Hungary;Freshwater fish;Other freshwater fish;STU;Sturgeons nei;32000;Live weight;346000
2013;HU;Hungary;Freshwater fish;Carp;SVC;Silver carp;1624000;Live weight;1286000
2013;HU;Hungary;Salmonids;Trout;TRR;Rainbow trout;52000;Live weight;213000
2013;IE;Ireland;Bivalves and other molluscs and aquatic invertebrates;Clam;CLX;Clams, etc. nei;41000;Live weight;274000
2013;IE;Ireland;Freshwater fish;Other freshwater fish;FRF;Freshwater fishes nei;80000;Live weight;507000
2013;IE;Ireland;Bivalves and other molluscs and aquatic invertebrates;Molluscs and aquatic invertebrates, other;INV;Aquatic invertebrates nei;3000;Live weight;75000
2013;IE;Ireland;Bivalves and other molluscs and aquatic invertebrates;Mussel Mytilus spp;MUS;Blue mussel;15361000;Live weight;14906000
2013;IE;Ireland;Bivalves and other molluscs and aquatic invertebrates;Oyster;OYF;European flat oyster;459000;Live weight;2440000
2013;IE;Ireland;Bivalves and other molluscs and aquatic invertebrates;Oyster;OYG;Pacific cupped oyster;8181000;Live weight;37466000
2013;IE;Ireland;Salmonids;Salmon;SAL;Atlantic salmon;9125000;Live weight;55680000
2013;IE;Ireland;Bivalves and other molluscs and aquatic invertebrates;Scallop;SCE;Great Atlantic scallop;37000;Live weight;224000
2013;IE;Ireland;Miscellaneous aquatic products;Seaweed and other algae;SWX;Seaweeds nei;42000;Live weight;42000
2013;IE;Ireland;Salmonids;Trout;TRR;Rainbow trout;908000;Live weight;2795000
2013;IT;Italy;Salmonids;Other salmonids;ACH;Arctic char;165000;Live weight;792000
2013;IT;Italy;Other marine fish;Seabass, European;BSS;European seabass;6330000;Live weight;49195000
2013;IT;Italy;Freshwater fish;Freshwater catfish;CAF;Catfishes nei;131000;Live weight;708000
2013;IT;Italy;Salmonids;Other salmonids;CHR;Chars nei;0;Live weight;1000
2013;IT;Italy;Bivalves and other molluscs and aquatic invertebrates;Clam;CLJ;Japanese carpet shell;21510000;Live weight;114282000
2013;IT;Italy;Bivalves and other molluscs and aquatic invertebrates;Clam;CTG;Grooved carpet shell;3099000;Live weight;13368000
2013;IT;Italy;Other marine fish;Other marine fish;DRU;Sciaenas nei;76000;Live weight;508000
2013;IT;Italy;Freshwater fish;Eel;ELE;European eel;642000;Live weight;6904000
2013;IT;Italy;Freshwater fish;Carp;FCG;Grass carp(=White amur);2000;Live weight;9000
2013;IT;Italy;Freshwater fish;Carp;FCP;Common carp;91000;Live weight;458000
2013;IT;Italy;Freshwater fish;Other freshwater fish;FRF;Freshwater fishes nei;40000;Live weight;158000
2013;IT;Italy;Freshwater fish;Other freshwater fish;FTE;Tench;8000;Live weight;42000
2013;IT;Italy;Freshwater fish;Other freshwater fish;ITM;Black bullhead;43000;Live weight;220000
2013;IT;Italy;Freshwater fish;Freshwater catfish;ITP;Channel catfish;103000;Live weight;460000
2013;IT;Italy;Crustaceans;Shrimp, warmwater;KUP;Kuruma prawn;1000;Live weight;19000
2013;IT;Italy;Other marine fish;Other marine fish;MGR;Meagre;38000;Live weight;304000
2013;IT;Italy;Freshwater fish;Other freshwater fish;MPS;Largemouth black bass;77000;Live weight;460000
2013;IT;Italy;Bivalves and other molluscs and aquatic invertebrates;Mussel Mytilus spp;MSM;Mediterranean mussel;64235000;Live weight;44354000
2013;IT;Italy;Other marine fish;Other marine fish;MUF;Flathead grey mullet;127000;Live weight;575000
2013;IT;Italy;Other marine fish;Other marine fish;MUL;Mullets nei;69000;Live weight;472000
2013;IT;Italy;Bivalves and other molluscs and aquatic invertebrates;Oyster;OYG;Pacific cupped oyster;53000;Live weight;391000
2013;IT;Italy;Crustaceans;Freshwater crayfish;RCW;Red swamp crawfish;7000;Live weight;98000
2013;IT;Italy;Other marine fish;Seabream, gilthead;SBG;Gilthead seabream;6184000;Live weight;43276000
2013;IT;Italy;Freshwater fish;Other freshwater fish;SBH;Striped bass, hybrid;218000;Live weight;1164000
2013;IT;Italy;Other marine fish;Seabream, other;SBX;Porgies, seabreams nei;15000;Live weight;152000
2013;IT;Italy;Other marine fish;Seabream, other;SHR;Sharpsnout seabream;30000;Live weight;213000
2013;IT;Italy;Flatfish;Sole, common;SOL;Common sole;9000;Live weight;69000
2013;IT;Italy;Freshwater fish;Other freshwater fish;STU;Sturgeons nei;717000;Live weight;6186000
2013;IT;Italy;Salmonids;Trout;SVF;Brook trout;498000;Live weight;2111000
2013;IT;Italy;Other marine fish;Seabream, other;SWA;White seabream;4000;Live weight;35000
2013;IT;Italy;Freshwater fish;Tilapia;TLP;Tilapias nei;1000;Live weight;5000
2013;IT;Italy;Salmonids;Other salmonids;TLV;Grayling;4000;Live weight;34000
2013;IT;Italy;Salmonids;Trout;TRO;Trouts nei;1140000;Live weight;4602000
2013;IT;Italy;Salmonids;Trout;TRR;Rainbow trout;35059000;Live weight;100421000
2013;IT;Italy;Salmonids;Trout;TRS;Sea trout;153000;Live weight;838000
2013;LV;Latvia;Crustaceans;Freshwater crayfish;AYS;Euro-American crayfishes nei;0;Live weight;1000
2013;LV;Latvia;Freshwater fish;Other freshwater fish;FBM;Freshwater bream;0;Live weight;0
2013;LV;Latvia;Freshwater fish;Carp;FCC;Crucian carp;4000;Live weight;3000
2013;LV;Latvia;Freshwater fish;Carp;FCG;Grass carp(=White amur);1000;Live weight;3000
2013;LV;Latvia;Freshwater fish;Carp;FCP;Common carp;524000;Live weight;1063000
2013;LV;Latvia;Freshwater fish;Other freshwater fish;FID;Orfe(=Ide);1000;Live weight;6000
2013;LV;Latvia;Freshwater fish;Other freshwater fish;FPE;European perch;1000;Live weight;1000
2013;LV;Latvia;Freshwater fish;Pike;FPI;Northern pike;8000;Live weight;19000
2013;LV;Latvia;Freshwater fish;Pike-perch;FPP;Pike-perch;2000;Live weight;6000
2013;LV;Latvia;Freshwater fish;Other freshwater fish;FRF;Freshwater fishes nei;23000;Live weight;76000
2013;LV;Latvia;Freshwater fish;Other freshwater fish;FTE;Tench;14000;Live weight;47000
2013;LV;Latvia;Freshwater fish;Other freshwater fish;STU;Sturgeons nei;35000;Live weight;237000
2013;LV;Latvia;Freshwater fish;Tilapia;TLP;Tilapias nei;1000;Live weight;5000
2013;LV;Latvia;Salmonids;Trout;TRO;Trouts nei;26000;Live weight;134000
2013;LV;Latvia;Salmonids;Trout;TRR;Rainbow trout;4000;Live weight;16000
2013;MT;Malta;Tuna and tuna-like species;Tuna, bluefin;BFT;Atlantic bluefin tuna;6123000;Live weight;92797000
2013;MT;Malta;Other marine fish;Seabass, European;BSS;European seabass;127000;Live weight;696000
2013;MT;Malta;Other marine fish;Other marine fish;MZZ;Marine fishes nei;277000;Live weight;1445000
2013;MT;Malta;Other marine fish;Seabream, gilthead;SBG;Gilthead seabream;2550000;Live weight;10927000
2013;NL;Netherlands;Freshwater fish;Freshwater catfish;CLZ;North African catfish;3100000;Live weight;4650000
2013;NL;Netherlands;Freshwater fish;Eel;ELE;European eel;2885000;Live weight;24523000
2013;NL;Netherlands;Freshwater fish;Pike-perch;FPP;Pike-perch;150000;Live weight;1050000
2013;NL;Netherlands;Bivalves and other molluscs and aquatic invertebrates;Mussel Mytilus spp;MUS;Blue mussel;37112000;Live weight;72834000
2013;NL;Netherlands;Other marine fish;Other marine fish;MZZ;Marine fishes nei;400000;Live weight;3375000
2013;NL;Netherlands;Bivalves and other molluscs and aquatic invertebrates;Oyster;OYC;Cupped oysters nei;2750000;Live weight;2750000
2013;NL;Netherlands;Bivalves and other molluscs and aquatic invertebrates;Oyster;OYF;European flat oyster;208000;Live weight;969000
2013;NL;Netherlands;Flatfish;Turbot;TUR;Turbot;100000;Live weight;750000
2013;PL;Poland;Crustaceans;Freshwater crayfish;AYS;Euro-American crayfishes nei;0;Live weight;1000
2013;PL;Poland;Freshwater fish;Other freshwater fish;CGO;Goldfish;299000;Live weight;405000
2013;PL;Poland;Salmonids;Other salmonids;CHR;Chars nei;891000;Live weight;2834000
2013;PL;Poland;Freshwater fish;Freshwater catfish;CLZ;North African catfish;169000;Live weight;432000
2013;PL;Poland;Freshwater fish;Other freshwater fish;FBM;Freshwater bream;0;Live weight;0
2013;PL;Poland;Freshwater fish;Carp;FCG;Grass carp(=White amur);269000;Live weight;586000
2013;PL;Poland;Freshwater fish;Carp;FCP;Common carp;16778000;Live weight;35015000
2013;PL;Poland;Freshwater fish;Other freshwater fish;FID;Orfe(=Ide);2000;Live weight;4000
2013;PL;Poland;Freshwater fish;Other freshwater fish;FPE;European perch;5000;Live weight;7000
2013;PL;Poland;Freshwater fish;Pike;FPI;Northern pike;164000;Live weight;671000
2013;PL;Poland;Freshwater fish;Pike-perch;FPP;Pike-perch;17000;Live weight;104000
2013;PL;Poland;Freshwater fish;Other freshwater fish;FRF;Freshwater fishes nei;64000;Live weight;94000
2013;PL;Poland;Freshwater fish;Other freshwater fish;FRO;Roach;2000;Live weight;2000
2013;PL;Poland;Freshwater fish;Other freshwater fish;FTE;Tench;133000;Live weight;388000
2013;PL;Poland;Salmonids;Other salmonids;PLN;European whitefish;0;Live weight;0
2013;PL;Poland;Salmonids;Salmon;SAL;Atlantic salmon;0;Live weight;0
2013;PL;Poland;Freshwater fish;Freshwater catfish;SOM;Wels(=Som)catfish;328000;Live weight;1041000
2013;PL;Poland;Freshwater fish;Other freshwater fish;STU;Sturgeons nei;400000;Live weight;2038000
2013;PL;Poland;Freshwater fish;Carp;SVC;Silver carp;317000;Live weight;394000
2013;PL;Poland;Salmonids;Trout;SVF;Brook trout;1152000;Live weight;3147000
2013;AT;Austria;Salmonids;Other salmonids;ACH;Arctic char;142000;Live weight;375000
2013;AT;Austria;Freshwater fish;Carp;BIC;Bighead carp;4000;Live weight;18000
2013;AT;Austria;Freshwater fish;Freshwater catfish;CLZ;North African catfish;290000;Live weight;870000
2013;AT;Austria;Freshwater fish;Carp;FCG;Grass carp(=White amur);27000;Live weight;88000
2013;AT;Austria;Freshwater fish;Carp;FCP;Common carp;619000;Live weight;2210000
2013;AT;Austria;Freshwater fish;Other freshwater fish;FCY;Cyprinids nei;6000;Live weight;22000
2013;AT;Austria;Freshwater fish;Pike;FPI;Northern pike;5000;Live weight;71000
2013;AT;Austria;Freshwater fish;Pike-perch;FPP;Pike-perch;6000;Live weight;104000
2013;AT;Austria;Freshwater fish;Other freshwater fish;FTE;Tench;12000;Live weight;82000
2013;AT;Austria;Salmonids;Salmon;HUC;Huchen;7000;Live weight;118000
2013;AT;Austria;Salmonids;Other salmonids;SLX;Salmonoids nei;40000;Live weight;315000
2013;AT;Austria;Freshwater fish;Other freshwater fish;STU;Sturgeons nei;2000;Live weight;31000
2013;AT;Austria;Freshwater fish;Carp;SVC;Silver carp;10000;Live weight;23000
2013;AT;Austria;Salmonids;Trout;SVF;Brook trout;455000;Live weight;2902000
2013;AT;Austria;Salmonids;Trout;TRR;Rainbow trout;1322000;Live weight;7325000
2013;AT;Austria;Salmonids;Trout;TRS;Sea trout;289000;Live weight;1935000
2013;AT;Austria;Salmonids;Other salmonids;WHF;Whitefishes nei;1000;Live weight;280000
2013;BE;Belgium;Freshwater fish;Other freshwater fish;FRF;Freshwater fishes nei;39000;Live weight;260000
2013;BE;Belgium;Salmonids;Trout;TRR;Rainbow trout;173000;Live weight;749000
2013;BG;Bulgaria;Freshwater fish;Other freshwater fish;APR;Sterlet sturgeon;1000;Live weight;0
2013;BG;Bulgaria;Crustaceans;Freshwater crayfish;AAS;Noble crayfish;0;Live weight;0
2013;BG;Bulgaria;Freshwater fish;Other freshwater fish;ALR;Bleak;6000;Live weight;4000
2013;BG;Bulgaria;Freshwater fish;Other freshwater fish;APB;Siberian sturgeon;8000;Live weight;48000
2013;BG;Bulgaria;Freshwater fish;Other freshwater fish;APE;Starry sturgeon;6000;Live weight;0
2013;BG;Bulgaria;Freshwater fish;Other freshwater fish;APG;Danube sturgeon(=Osetr);260000;Live weight;1515000
2013;BG;Bulgaria;Crustaceans;Freshwater crayfish;AYS;Euro-American crayfishes nei;0;Live weight;0
2013;BG;Bulgaria;Freshwater fish;Carp;BIC;Bighead carp;2152000;Live weight;1953000
2013;BG;Bulgaria;Freshwater fish;Other freshwater fish;BKC;Black carp;2000;Live weight;5000
2013;BG;Bulgaria;Freshwater fish;Other freshwater fish;BUF;Buffalofishes nei;1000;Live weight;0
2013;BG;Bulgaria;Freshwater fish;Other freshwater fish;CGO;Goldfish;267000;Live weight;128000
2013;BG;Bulgaria;Freshwater fish;Freshwater catfish;CLZ;North African catfish;30000;Live weight;155000
2013;BG;Bulgaria;Crustaceans;Freshwater crayfish;CRD;Danube crayfish;32000;Live weight;70000
2013;BG;Bulgaria;Freshwater fish;Other freshwater fish;FBM;Freshwater bream;9000;Live weight;5000
2013;BG;Bulgaria;Freshwater fish;Carp;FCG;Grass carp(=White amur);283000;Live weight;548000
2013;BG;Bulgaria;Freshwater fish;Carp;FCP;Common carp;3036000;Live weight;6030000
2013;BG;Bulgaria;Freshwater fish;Other freshwater fish;FPE;European perch;11000;Live weight;8000
2013;BG;Bulgaria;Freshwater fish;Pike;FPI;Northern pike;45000;Live weight;91000
2013;BG;Bulgaria;Freshwater fish;Pike-perch;FPP;Pike-perch;166000;Live weight;415000
2013;BG;Bulgaria;Freshwater fish;Other freshwater fish;FRO;Roach;2000;Live weight;3000
2013;BG;Bulgaria;Freshwater fish;Other freshwater fish;FTE;Tench;2000;Live weight;7000
2013;BG;Bulgaria;Groundfish;Other groundfish;GIP;Barramundi(=Giant seaperch);1000;Live weight;4000
2013;BG;Bulgaria;Freshwater fish;Other freshwater fish;HUH;Beluga;19000;Live weight;68000
2013;BG;Bulgaria;Freshwater fish;Freshwater catfish;ITP;Channel catfish;4000;Live weight;7000
2013;BG;Bulgaria;Freshwater fish;Other freshwater fish;LUH;Chub;0;Live weight;0
2013;BG;Bulgaria;Bivalves and other molluscs and aquatic invertebrates;Mussel Mytilus spp;MSM;Mediterranean mussel;1827000;Live weight;1624000
2013;BG;Bulgaria;Freshwater fish;Other freshwater fish;PAM;Mississippi paddlefish;1000;Live weight;0
2013;BG;Bulgaria;Freshwater fish;Freshwater catfish;SOM;Wels(=Som)catfish;153000;Live weight;510000
2013;BG;Bulgaria;Freshwater fish;Other freshwater fish;SRE;Rudd;6000;Live weight;2000
2013;BG;Bulgaria;Freshwater fish;Carp;SVC;Silver carp;69000;Live weight;65000
2013;BG;Bulgaria;Salmonids;Trout;SVF;Brook trout;11000;Live weight;38000
2013;BG;Bulgaria;Salmonids;Trout;TRR;Rainbow trout;2858000;Live weight;9751000
2013;BG;Bulgaria;Salmonids;Trout;TRS;Sea trout;23000;Live weight;76000
2013;CY;Cyprus;Freshwater fish;Other freshwater fish;APB;Siberian sturgeon;0;Live weight;4000
2013;CY;Cyprus;Other marine fish;Seabass, European;BSS;European seabass;1422000;Live weight;9271000
2013;CY;Cyprus;Other marine fish;Other marine fish;MGR;Meagre;49000;Live weight;317000
2013;CY;Cyprus;Crustaceans;Shrimp, warmwater;PNI;Indian white prawn;19000;Live weight;252000
2013;CY;Cyprus;Other marine fish;Seabream, gilthead;SBG;Gilthead seabream;3795000;Live weight;18880000
2013;CY;Cyprus;Other marine fish;Seabream, other;SBP;Pargo breams nei;0;Live weight;2000
2013;CY;Cyprus;Salmonids;Trout;TRR;Rainbow trout;56000;Live weight;487000
2013;CZ;Czechia;Freshwater fish;Carp;BIC;Bighead carp;355000;Live weight;273000
2013;CZ;Czechia;Salmonids;Other salmonids;CIJ;Peled;8000;Live weight;18000
2013;CZ;Czechia;Freshwater fish;Carp;FCG;Grass carp(=White amur);384000;Live weight;710000
2013;CZ;Czechia;Freshwater fish;Carp;FCP;Common carp;16809000;Live weight;29119000
2013;CZ;Czechia;Freshwater fish;Other freshwater fish;FPE;European perch;20000;Live weight;36000
2013;CZ;Czechia;Freshwater fish;Pike;FPI;Northern pike;93000;Live weight;479000
2013;CZ;Czechia;Freshwater fish;Pike-perch;FPP;Pike-perch;65000;Live weight;545000
2013;CZ;Czechia;Freshwater fish;Other freshwater fish;FRF;Freshwater fishes nei;573000;Live weight;798000
2013;CZ;Czechia;Freshwater fish;Other freshwater fish;FTE;Tench;158000;Live weight;430000
2013;CZ;Czechia;Freshwater fish;Freshwater catfish;SOM;Wels(=Som)catfish;61000;Live weight;266000
2013;CZ;Czechia;Freshwater fish;Carp;SVC;Silver carp;152000;Live weight;135000
2013;CZ;Czechia;Salmonids;Trout;SVF;Brook trout;237000;Live weight;836000
2013;CZ;Czechia;Salmonids;Trout;TRR;Rainbow trout;439000;Live weight;1583000
2013;CZ;Czechia;Salmonids;Trout;TRS;Sea trout;6000;Live weight;38000
2013;DE;Germany;Salmonids;Other salmonids;CHR;Chars nei;1883000;Live weight;10123000
2013;DE;Germany;Freshwater fish;Freshwater catfish;CLZ;North African catfish;695000;Live weight;822000
2013;DE;Germany;Freshwater fish;Carp;CWG;Prussian carp;20000;Live weight;21000
2013;DE;Germany;Freshwater fish;Eel;ELE;European eel;471000;Live weight;6112000
2013;DE;Germany;Freshwater fish;Carp;FCC;Crucian carp;20000;Live weight;68000
2013;DE;Germany;Freshwater fish;Carp;FCG;Grass carp(=White amur);97000;Live weight;376000
2013;DE;Germany;Freshwater fish;Carp;FCP;Common carp;5699000;Live weight;13336000
2013;DE;Germany;Freshwater fish;Pike;FPI;Northern pike;45000;Live weight;255000
2013;DE;Germany;Freshwater fish;Pike-perch;FPP;Pike-perch;55000;Live weight;578000
2013;DE;Germany;Freshwater fish;Other freshwater fish;FRF;Freshwater fishes nei;401000;Live weight;802000
2013;DE;Germany;Freshwater fish;Other freshwater fish;FTE;Tench;156000;Live weight;841000
2013;DE;Germany;Salmonids;Salmon;HUC;Huchen;19000;Live weight;317000
2013;DE;Germany;Bivalves and other molluscs and aquatic invertebrates;Mussel Mytilus spp;MUS;Blue mussel;5036000;Live weight;10875000
2013;DE;Germany;Bivalves and other molluscs and aquatic invertebrates;Oyster;OYG;Pacific cupped oyster;80000;Live weight;720000
2013;DE;Germany;Freshwater fish;Freshwater catfish;SOM;Wels(=Som)catfish;158000;Live weight;710000
2013;DE;Germany;Freshwater fish;Other freshwater fish;SRE;Rudd;30000;Live weight;182000
2013;DE;Germany;Freshwater fish;Other freshwater fish;STU;Sturgeons nei;258000;Live weight;1768000
2013;DE;Germany;Salmonids;Trout;SVF;Brook trout;354000;Live weight;2408000
2013;DE;Germany;Freshwater fish;Tilapia;TLP;Tilapias nei;50000;Live weight;175000
2013;DE;Germany;Salmonids;Trout;TRR;Rainbow trout;9601000;Live weight;38089000
2013;DE;Germany;Salmonids;Trout;TRS;Sea trout;701000;Live weight;3994000
2013;DK;Denmark;Salmonids;Other salmonids;CHR;Chars nei;272000;Live weight;1061000
2013;DK;Denmark;Freshwater fish;Eel;ELE;European eel;791000;Live weight;6777000
2013;DK;Denmark;Freshwater fish;Pike-perch;FPP;Pike-perch;112000;Live weight;777000
2013;DK;Denmark;Bivalves and other molluscs and aquatic invertebrates;Mussel Mytilus spp;MUS;Blue mussel;810000;Live weight;863000
2013;DK;Denmark;Salmonids;Salmon;SAL;Atlantic salmon;10000;Live weight;29000
2012;FI;Finland;Salmonids;Trout;TRS;Sea trout;58000;Live weight;414000
2012;FR;France;Other marine fish;Seabass, European;BSS;European seabass;2321000;Live weight;16570000
2012;FI;Finland;Salmonids;Trout;TRR;Rainbow trout;11275000;Live weight;29992000
2012;FR;France;Bivalves and other molluscs and aquatic invertebrates;Clam;CLJ;Japanese carpet shell;1020000;Live weight;6030000
2012;FI;Finland;Salmonids;Other salmonids;PLN;European whitefish;1240000;Live weight;7514000
2012;FR;France;Bivalves and other molluscs and aquatic invertebrates;Clam;CLX;Clams, etc. nei;64000;Live weight;775000
2012;FI;Finland;Other marine fish;Other marine fish;FIN;Finfishes nei;87000;Live weight;386000
2012;FR;France;Bivalves and other molluscs and aquatic invertebrates;Clam;COC;Common edible cockle;987000;Live weight;2881000
2012;ES;Spain;Bivalves and other molluscs and aquatic invertebrates;Scallop;VSC;Variegated scallop;1000;Live weight;7000
2012;FR;France;Freshwater fish;Carp;FCP;Common carp;4200000;Live weight;4662000
2012;ES;Spain;Bivalves and other molluscs and aquatic invertebrates;Clam;VEV;Warty venus;1000;Live weight;15000
2012;FR;France;Freshwater fish;Other freshwater fish;FCY;Cyprinids nei;300000;Live weight;504000
2012;ES;Spain;Flatfish;Turbot;TUR;Turbot;7758000;Live weight;37266000
2012;FR;France;Freshwater fish;Other freshwater fish;FRF;Freshwater fishes nei;500000;Live weight;1500000
2012;ES;Spain;Salmonids;Trout;TRS;Sea trout;5000;Live weight;40000
2012;FR;France;Freshwater fish;Other freshwater fish;FRX;Roaches nei;1900000;Live weight;4427000
2012;ES;Spain;Salmonids;Trout;TRR;Rainbow trout;16302000;Live weight;39619000
2012;FR;France;Freshwater fish;Other freshwater fish;FTE;Tench;900000;Live weight;1998000
2012;ES;Spain;Crustaceans;Shrimp, warmwater;TGS;Caramote prawn;0;Live weight;1000
2012;FR;France;Crustaceans;Shrimp, warmwater;KUP;Kuruma prawn;44000;Live weight;941000
2012;ES;Spain;Other marine fish;Seabream, other;SWA;White seabream;0;Live weight;1000
2012;FR;France;Other marine fish;Other marine fish;MGR;Meagre;566000;Live weight;3474000
2012;ES;Spain;Other marine fish;Seabass, other;SPU;Spotted seabass;1000;Live weight;1000
2012;FR;France;Bivalves and other molluscs and aquatic invertebrates;Mussel Mytilus spp;MSM;Mediterranean mussel;17358000;Live weight;25174000
2012;ES;Spain;Other marine fish;Seabream, other;SBR;Blackspot(=red) seabream;187000;Live weight;1550000
2012;FR;France;Bivalves and other molluscs and aquatic invertebrates;Mussel Mytilus spp;MUS;Blue mussel;59781000;Live weight;114181000
2012;ES;Spain;Other marine fish;Seabream, gilthead;SBG;Gilthead seabream;16607000;Live weight;77548000
2012;FR;France;Other marine fish;Other marine fish;MZZ;Marine fishes nei;743000;Live weight;7137000
2012;ES;Spain;Salmonids;Salmon;SAL;Atlantic salmon;4000;Live weight;15000
2012;FR;France;Bivalves and other molluscs and aquatic invertebrates;Oyster;OYF;European flat oyster;1133000;Live weight;8768000
2012;ES;Spain;Bivalves and other molluscs and aquatic invertebrates;Clam;RAZ;Solen razor clams nei;0;Live weight;4000
2012;FR;France;Bivalves and other molluscs and aquatic invertebrates;Oyster;OYG;Pacific cupped oyster;79220000;Live weight;388269000
2012;ES;Spain;Bivalves and other molluscs and aquatic invertebrates;Scallop;QSC;Queen scallop;0;Live weight;2000
2012;FR;France;Salmonids;Salmon;SAL;Atlantic salmon;300000;Live weight;1350000
2012;ES;Spain;Crustaceans;Shrimp, warmwater;PNV;Whiteleg shrimp;1000;Live weight;10000
2012;FR;France;Other marine fish;Seabream, gilthead;SBG;Gilthead seabream;1316000;Live weight;8941000
2012;ES;Spain;Crustaceans;Freshwater crayfish;PCL;Signal crayfish;0;Live weight;2000
2012;FR;France;Salmonids;Other salmonids;SLX;Salmonoids nei;449000;Live weight;2645000
2012;ES;Spain;Crustaceans;Shrimp, miscellaneous;PAL;Palaemonid shrimps nei;131000;Live weight;342000
2012;FR;France;Freshwater fish;Freshwater catfish;SOM;Wels(=Som)catfish;200000;Live weight;600000
2012;ES;Spain;Bivalves and other molluscs and aquatic invertebrates;Oyster;OYG;Pacific cupped oyster;562000;Live weight;1540000
2012;FR;France;Freshwater fish;Other freshwater fish;STU;Sturgeons nei;224000;Live weight;2427000
2012;ES;Spain;Bivalves and other molluscs and aquatic invertebrates;Oyster;OYF;European flat oyster;694000;Live weight;2799000
2012;FR;France;Miscellaneous aquatic products;Seaweed and other algae;SWX;Seaweeds nei;63000;Live weight;117000
2012;ES;Spain;Cephalopods;Octopus;OCC;Common octopus;5000;Live weight;19000
2012;FR;France;Salmonids;Trout;TRO;Trouts nei;110000;Live weight;435000
2012;ES;Spain;Flatfish;Sole, other;OAL;Senegalese sole;95000;Live weight;1037000
2012;FR;France;Salmonids;Trout;TRR;Rainbow trout;30627000;Live weight;91712000
2012;ES;Spain;Bivalves and other molluscs and aquatic invertebrates;Mussel Mytilus spp;MSM;Mediterranean mussel;203664000;Live weight;100300000
2012;FR;France;Salmonids;Trout;TRS;Sea trout;1081000;Live weight;6969000
2012;ES;Spain;Other marine fish;Other marine fish;MGS; ;148000;Live weight;509000
2012;FR;France;Flatfish;Turbot;TUR;Turbot;250000;Live weight;2983000
2012;ES;Spain;Other marine fish;Other marine fish;MGR;Meagre;646000;Live weight;2725000
2012;HU;Hungary;Freshwater fish;Carp;BIC;Bighead carp;81000;Live weight;64000
2012;ES;Spain;Crustaceans;Shrimp, warmwater;KUP;Kuruma prawn;32000;Live weight;893000
2012;HU;Hungary;Freshwater fish;Freshwater catfish;CLZ;North African catfish;1852000;Live weight;4162000
2012;ES;Spain;Bivalves and other molluscs and aquatic invertebrates;Molluscs and aquatic invertebrates, other;GAS;Gastropods nei;1000;Live weight;2000
2012;HU;Hungary;Freshwater fish;Carp;FCG;Grass carp(=White amur);502000;Live weight;885000
2012;ES;Spain;Freshwater fish;Other freshwater fish;FTE;Tench;4000;Live weight;41000
2012;HU;Hungary;Freshwater fish;Carp;FCP;Common carp;9985000;Live weight;21057000
2012;ES;Spain;Freshwater fish;Eel;ELE;European eel;374000;Live weight;3617000
2012;HU;Hungary;Freshwater fish;Pike;FPI;Northern pike;34000;Live weight;177000
2012;ES;Spain;Bivalves and other molluscs and aquatic invertebrates;Clam;CTS;Pullet carpet shell;210000;Live weight;1616000
2012;HU;Hungary;Freshwater fish;Pike-perch;FPP;Pike-perch;44000;Live weight;361000
2012;ES;Spain;Bivalves and other molluscs and aquatic invertebrates;Clam;CTG;Grooved carpet shell;184000;Live weight;2842000
2012;HU;Hungary;Freshwater fish;Other freshwater fish;FRF;Freshwater fishes nei;640000;Live weight;819000
2012;ES;Spain;Crustaceans;Shrimp, miscellaneous;CPR;Common prawn;0;Live weight;3000
2012;HU;Hungary;Freshwater fish;Other freshwater fish;FTE;Tench;6000;Live weight;30000
2012;ES;Spain;Bivalves and other molluscs and aquatic invertebrates;Clam;COC;Common edible cockle;362000;Live weight;1600000
2012;HU;Hungary;Freshwater fish;Freshwater catfish;SOM;Wels(=Som)catfish;225000;Live weight;980000
2012;ES;Spain;Bivalves and other molluscs and aquatic invertebrates;Clam;CLJ;Japanese carpet shell;1081000;Live weight;5293000
2012;HU;Hungary;Freshwater fish;Other freshwater fish;STU;Sturgeons nei;38000;Live weight;276000
2012;ES;Spain;Other marine fish;Seabass, European;BSS;European seabass;14455000;Live weight;92698000
2012;HU;Hungary;Freshwater fish;Carp;SVC;Silver carp;1681000;Live weight;1511000
2012;ES;Spain;Tuna and tuna-like species;Tuna, bluefin;BFT;Atlantic bluefin tuna;2988000;Live weight;58886000
2012;HU;Hungary;Salmonids;Trout;TRR;Rainbow trout;45000;Live weight;246000
2012;ES;Spain;Other marine fish;Smelt;ATB;Big-scale sand smelt;1000;Live weight;3000
2012;IE;Ireland;Bivalves and other molluscs and aquatic invertebrates;Abalone;ABX;Abalones nei;2000;Live weight;44000
2012;ES;Spain;Freshwater fish;Other freshwater fish;APB;Siberian sturgeon;77000;Live weight;403000
2012;IE;Ireland;Salmonids;Other salmonids;CHR;Chars nei;40000;Live weight;280000
2012;ES;Spain;Freshwater fish;Other freshwater fish;AAA;Adriatic sturgeon;13000;Live weight;264000
2012;IE;Ireland;Bivalves and other molluscs and aquatic invertebrates;Clam;CLJ;Japanese carpet shell;29000;Live weight;203000
2012;EL;Greece;Salmonids;Trout;TRR;Rainbow trout;1970000;Live weight;5518000
2012;IE;Ireland;Freshwater fish;Other freshwater fish;FPE;European perch;10000;Live weight;42000
2012;EL;Greece;Miscellaneous aquatic products;Seaweed and other algae;SWX;Seaweeds nei;20000;Live weight;1090000
2012;IE;Ireland;Bivalves and other molluscs and aquatic invertebrates;Mussel Mytilus spp;MUS;Blue mussel;15228000;Live weight;11227000
2012;EL;Greece;Other marine fish;Seabream, other;SWA;White seabream;1000;Live weight;43000
2012;IE;Ireland;Bivalves and other molluscs and aquatic invertebrates;Oyster;OYF;European flat oyster;247000;Live weight;1204000
2012;EL;Greece;Bivalves and other molluscs and aquatic invertebrates;Clam;SVE;Striped venus;1000;Live weight;2000
2012;IE;Ireland;Bivalves and other molluscs and aquatic invertebrates;Oyster;OYG;Pacific cupped oyster;7313000;Live weight;36017000
2012;EL;Greece;Freshwater fish;Other freshwater fish;STU;Sturgeons nei;14000;Live weight;137000
2012;IE;Ireland;Salmonids;Salmon;SAL;Atlantic salmon;12440000;Live weight;75701000
2012;EL;Greece;Flatfish;Sole, common;SOL;Common sole;114000;Live weight;392000
2012;IE;Ireland;Bivalves and other molluscs and aquatic invertebrates;Scallop;SCE;Great Atlantic scallop;43000;Live weight;282000
2012;EL;Greece;Other marine fish;Seabream, other;SHR;Sharpsnout seabream;323000;Live weight;1756000
2012;IE;Ireland;Miscellaneous aquatic products;Seaweed and other algae;SWX;Seaweeds nei;9000;Live weight;9000
2012;EL;Greece;Other marine fish;Seabream, gilthead;SBG;Gilthead seabream;50933000;Live weight;230567000
2012;IE;Ireland;Salmonids;Trout;TRR;Rainbow trout;781000;Live weight;2432000
2012;EL;Greece;Other marine fish;Seabream, other;RPG;Red porgy;754000;Live weight;4138000
2012;IT;Italy;Freshwater fish;Other freshwater fish;AAA;Adriatic sturgeon;1505000;Live weight;9347000
2012;EL;Greece;Other marine fish;Seabream, other;PAC;Common pandora;1000;Live weight;32000
2012;IT;Italy;Other marine fish;Seabream, other;AAB;Twobar seabream;82000;Live weight;531000
2012;EL;Greece;Bivalves and other molluscs and aquatic invertebrates;Oyster;OYF;European flat oyster;1000;Live weight;2000
2012;IT;Italy;Crustaceans;Freshwater crayfish;AAS;Noble crayfish;41000;Live weight;294000
2012;EL;Greece;Other marine fish;Other marine fish;MZZ;Marine fishes nei;283000;Live weight;744000
2012;IT;Italy;Crustaceans;Shrimp, warmwater;ABS;Northern brown shrimp;9000;Live weight;158000
2012;EL;Greece;Other marine fish;Other marine fish;MUF;Flathead grey mullet;272000;Live weight;752000
2012;IT;Italy;Bivalves and other molluscs and aquatic invertebrates;Clam;ACB;Inflated ark;31600000;Live weight;120706000
2012;EL;Greece;Bivalves and other molluscs and aquatic invertebrates;Molluscs and aquatic invertebrates, other;MOL;Marine molluscs nei;1000;Live weight;1000
2012;IT;Italy;Salmonids;Other salmonids;ACH;Arctic char;340000;Live weight;1529000
2012;EL;Greece;Other marine fish;Other marine fish;MGR;Meagre;620000;Live weight;3140000
2012;IT;Italy;Other marine fish;Other marine fish;AFK;African forktail snapper;790000;Live weight;4625000
2012;EL;Greece;Crustaceans;Shrimp, warmwater;KUP;Kuruma prawn;1000;Live weight;10000
2012;IT;Italy;Crustaceans;Shrimp, miscellaneous;AJM;Brine shrimps nei;15000;Live weight;78000
2012;EL;Greece;Freshwater fish;Carp;FCP;Common carp;42000;Live weight;131000
2012;IT;Italy;Tuna and tuna-like species;Tuna, bluefin;BFT;Atlantic bluefin tuna;85000;Live weight;1491000
2012;EL;Greece;Freshwater fish;Eel;ELE;European eel;268000;Live weight;3111000
2012;IT;Italy;Freshwater fish;Carp;BIC;Bighead carp;155000;Live weight;705000
2012;EL;Greece;Other marine fish;Other marine fish;DRU;Sciaenas nei;16000;Live weight;64000
2012;IT;Italy;Other marine fish;Seabass, European;BSS;European seabass;6700000;Live weight;53996000
2012;EL;Greece;Other marine fish;Seabream, other;DEC;Common dentex;407000;Live weight;2041000
2012;IT;Italy;Freshwater fish;Freshwater catfish;CAF;Catfishes nei;119000;Live weight;645000
2012;EL;Greece;Salmonids;Salmon;COH;Coho(=Silver)salmon;1000;Live weight;15000
2012;IT;Italy;Bivalves and other molluscs and aquatic invertebrates;Oyster;CSC;Hooded oyster;45000;Live weight;221000
2012;EL;Greece;Other marine fish;Other marine fish;COB;Shi drum;1049000;Live weight;5978000
2012;IT;Italy;Freshwater fish;Eel;ELE;European eel;500000;Live weight;5443000
2012;EL;Greece;Other marine fish;Seabass, European;BSS;European seabass;35268000;Live weight;191513000
2012;IT;Italy;Freshwater fish;Pike;FPI;Northern pike;10000;Live weight;71000
2012;EL;Greece;Tuna and tuna-like species;Tuna, bluefin;BFT;Atlantic bluefin tuna;30000;Live weight;454000
2012;IT;Italy;Freshwater fish;Freshwater catfish;ITP;Channel catfish;101000;Live weight;274000
2012;EE;Estonia;Salmonids;Trout;TRR;Rainbow trout;455000;Live weight;1022000
2012;IT;Italy;Bivalves and other molluscs and aquatic invertebrates;Mussel Mytilus spp;MUS;Blue mussel;79000000;Live weight;58347000
2012;EE;Estonia;Freshwater fish;Other freshwater fish;FTE;Tench;0;Live weight;0
2012;IT;Italy;Freshwater fish;Tilapia;OEA;Blue tilapia;10000;Live weight;30000
2012;EE;Estonia;Freshwater fish;Other freshwater fish;FRO;Roach;0;Live weight;0
2012;IT;Italy;Other marine fish;Seabream, gilthead;SBG;Gilthead seabream;5400000;Live weight;34876000
2012;EE;Estonia;Freshwater fish;Other freshwater fish;FRF;Freshwater fishes nei;87000;Live weight;569000
2012;IT;Italy;Flatfish;Sole, common;SOL;Common sole;2000;Live weight;18000
2012;EE;Estonia;Freshwater fish;Pike-perch;FPP;Pike-perch;1000;Live weight;24000
2012;IT;Italy;Salmonids;Trout;TRO;Trouts nei;36330000;Live weight;91079000
2012;EE;Estonia;Freshwater fish;Pike;FPI;Northern pike;0;Live weight;0
2012;LV;Latvia;Salmonids;Other salmonids;ACH;Arctic char;0;Live weight;2000
2012;EE;Estonia;Freshwater fish;Other freshwater fish;FPE;European perch;0;Live weight;0
2012;LV;Latvia;Crustaceans;Freshwater crayfish;AYS;Euro-American crayfishes nei;0;Live weight;1000
2012;EE;Estonia;Freshwater fish;Carp;FCP;Common carp;38000;Live weight;115000
2012;LV;Latvia;Freshwater fish;Other freshwater fish;FBU;Burbot;0;Live weight;3000
2012;EE;Estonia;Freshwater fish;Carp;FCC;Crucian carp;0;Live weight;0
2012;LV;Latvia;Freshwater fish;Carp;FCC;Crucian carp;4000;Live weight;5000
2012;EE;Estonia;Freshwater fish;Other freshwater fish;FBM;Freshwater bream;0;Live weight;0
2012;LV;Latvia;Freshwater fish;Carp;FCP;Common carp;475000;Live weight;977000
2012;EE;Estonia;Crustaceans;Freshwater crayfish;AAS;Noble crayfish;0;Live weight;7000
2012;LV;Latvia;Freshwater fish;Other freshwater fish;FPE;European perch;1000;Live weight;2000
2012;DK;Denmark;Flatfish;Turbot;TUR;Turbot;2000;Live weight;0
2012;LV;Latvia;Freshwater fish;Pike;FPI;Northern pike;11000;Live weight;27000
2012;DK;Denmark;Salmonids;Trout;TRS;Sea trout;51000;Live weight;0
2012;LV;Latvia;Freshwater fish;Pike-perch;FPP;Pike-perch;1000;Live weight;4000
2012;DK;Denmark;Salmonids;Trout;TRR;Rainbow trout;31462000;Live weight;76638000
2012;LV;Latvia;Freshwater fish;Other freshwater fish;FRF;Freshwater fishes nei;24000;Live weight;67000
2012;DK;Denmark;Miscellaneous aquatic products;Seaweed and other algae;SWX;Seaweeds nei;3000;Live weight;0
2012;LV;Latvia;Freshwater fish;Other freshwater fish;FTE;Tench;7000;Live weight;22000
2012;DK;Denmark;Salmonids;Trout;SVF;Brook trout;119000;Live weight;463000
2012;LV;Latvia;Freshwater fish;Other freshwater fish;STU;Sturgeons nei;28000;Live weight;170000
2012;DK;Denmark;Salmonids;Salmon;SAL;Atlantic salmon;0;Live weight;1000
2012;LV;Latvia;Freshwater fish;Tilapia;TLP;Tilapias nei;1000;Live weight;5000
2012;DK;Denmark;Bivalves and other molluscs and aquatic invertebrates;Mussel Mytilus spp;MUS;Blue mussel;537000;Live weight;369000
2012;LV;Latvia;Salmonids;Trout;TRO;Trouts nei;20000;Live weight;103000
2012;DK;Denmark;Freshwater fish;Pike-perch;FPP;Pike-perch;110000;Live weight;0
2012;LV;Latvia;Salmonids;Trout;TRR;Rainbow trout;3000;Live weight;14000
2012;DK;Denmark;Freshwater fish;Eel;ELE;European eel;1061000;Live weight;10791000
2012;MT;Malta;Tuna and tuna-like species;Tuna, bluefin;BFT;Atlantic bluefin tuna;3470000;Live weight;69072000
2012;DK;Denmark;Salmonids;Other salmonids;CHR;Chars nei;243000;Live weight;901000
2012;MT;Malta;Other marine fish;Seabass, European;BSS;European seabass;126000;Live weight;832000
2012;DE;Germany;Salmonids;Trout;TRS;Sea trout;658000;Live weight;3120000
2012;MT;Malta;Other marine fish;Other marine fish;MZZ;Marine fishes nei;806000;Live weight;2238000
2012;DE;Germany;Salmonids;Trout;TRR;Rainbow trout;9394000;Live weight;34871000
2012;MT;Malta;Other marine fish;Seabream, gilthead;SBG;Gilthead seabream;2605000;Live weight;11033000
2012;DE;Germany;Freshwater fish;Tilapia;TLP;Tilapias nei;36000;Live weight;146000
2012;NL;Netherlands;Freshwater fish;Freshwater catfish;CLZ;North African catfish;1200000;Live weight;1200000
2012;DE;Germany;Freshwater fish;Other freshwater fish;STU;Sturgeons nei;294000;Live weight;1496000
2012;NL;Netherlands;Freshwater fish;Eel;ELE;European eel;1800000;Live weight;13950000
2012;DE;Germany;Freshwater fish;Freshwater catfish;SOM;Wels(=Som)catfish;198000;Live weight;1065000
2012;NL;Netherlands;Freshwater fish;Pike-perch;FPP;Pike-perch;120000;Live weight;1200000
2012;DE;Germany;Bivalves and other molluscs and aquatic invertebrates;Oyster;OYM;Mangrove cupped oyster;80000;Live weight;833000
2012;NL;Netherlands;Bivalves and other molluscs and aquatic invertebrates;Mussel Mytilus spp;MUS;Blue mussel;40000000;Live weight;68978000
2012;DE;Germany;Bivalves and other molluscs and aquatic invertebrates;Mussel Mytilus spp;MUS;Blue mussel;6933000;Live weight;7904000
2012;NL;Netherlands;Other marine fish;Other marine fish;MZZ;Marine fishes nei;235000;Live weight;658000
2012;DE;Germany;Freshwater fish;Other freshwater fish;FTE;Tench;161000;Live weight;672000
2012;NL;Netherlands;Bivalves and other molluscs and aquatic invertebrates;Oyster;OYC;Cupped oysters nei;2327000;Live weight;2327000
2012;DE;Germany;Freshwater fish;Other freshwater fish;FRF;Freshwater fishes nei;436000;Live weight;1008000
2012;NL;Netherlands;Bivalves and other molluscs and aquatic invertebrates;Oyster;OYF;European flat oyster;212000;Live weight;986000
2012;DE;Germany;Freshwater fish;Pike-perch;FPP;Pike-perch;50000;Live weight;625000
2012;NL;Netherlands;Flatfish;Turbot;TUR;Turbot;180000;Live weight;1350000
2012;DE;Germany;Freshwater fish;Pike;FPI;Northern pike;49000;Live weight;300000
2012;PL;Poland;Crustaceans;Freshwater crayfish;AYS;Euro-American crayfishes nei;0;Live weight;1000
2012;DE;Germany;Freshwater fish;Carp;FCP;Common carp;5521000;Live weight;12430000
2012;PL;Poland;Freshwater fish;Other freshwater fish;CGO;Goldfish;397000;Live weight;526000
2012;DE;Germany;Freshwater fish;Eel;ELE;European eel;460000;Live weight;6905000
2012;PL;Poland;Salmonids;Other salmonids;CHR;Chars nei;665000;Live weight;2086000
2012;DE;Germany;Freshwater fish;Freshwater catfish;CLZ;North African catfish;430000;Live weight;607000
2012;PL;Poland;Freshwater fish;Freshwater catfish;CLZ;North African catfish;346000;Live weight;944000
2012;DE;Germany;Salmonids;Other salmonids;CHR;Chars nei;1660000;Live weight;9828000
2012;PL;Poland;Freshwater fish;Eel;ELE;European eel;14000;Live weight;1396000
2012;CZ;Czechia;Salmonids;Trout;TRS;Sea trout;8000;Live weight;37000
2012;PL;Poland;Freshwater fish;Other freshwater fish;FBM;Freshwater bream;7000;Live weight;13000
2012;CZ;Czechia;Salmonids;Trout;TRR;Rainbow trout;380000;Live weight;1476000
2012;PL;Poland;Freshwater fish;Carp;FCG;Grass carp(=White amur);390000;Live weight;1097000
2012;CZ;Czechia;Salmonids;Trout;SVF;Brook trout;363000;Live weight;1337000
2012;PL;Poland;Freshwater fish;Carp;FCP;Common carp;18317000;Live weight;42941000
2012;CZ;Czechia;Freshwater fish;Carp;SVC;Silver carp;162000;Live weight;135000
2012;PL;Poland;Freshwater fish;Other freshwater fish;FID;Orfe(=Ide);61000;Live weight;319000
2012;CZ;Czechia;Freshwater fish;Freshwater catfish;SOM;Wels(=Som)catfish;52000;Live weight;219000
2012;PL;Poland;Freshwater fish;Other freshwater fish;FPE;European perch;13000;Live weight;30000
2012;CZ;Czechia;Salmonids;Other salmonids;PLN;European whitefish;19000;Live weight;38000
2012;PL;Poland;Freshwater fish;Pike;FPI;Northern pike;203000;Live weight;578000
2012;CZ;Czechia;Freshwater fish;Other freshwater fish;FTE;Tench;166000;Live weight;462000
2012;PL;Poland;Freshwater fish;Pike-perch;FPP;Pike-perch;27000;Live weight;199000
2012;CZ;Czechia;Freshwater fish;Other freshwater fish;FRF;Freshwater fishes nei;610000;Live weight;870000
2012;PL;Poland;Freshwater fish;Other freshwater fish;FRF;Freshwater fishes nei;100000;Live weight;1978000
2012;CZ;Czechia;Freshwater fish;Pike-perch;FPP;Pike-perch;68000;Live weight;576000
2012;PL;Poland;Freshwater fish;Other freshwater fish;FRO;Roach;12000;Live weight;11000
2012;CZ;Czechia;Freshwater fish;Pike;FPI;Northern pike;106000;Live weight;476000
2012;PL;Poland;Freshwater fish;Other freshwater fish;FRX;Roaches nei;0;Live weight;0
2012;CZ;Czechia;Freshwater fish;Other freshwater fish;FPE;European perch;21000;Live weight;44000
2012;PL;Poland;Freshwater fish;Other freshwater fish;FTE;Tench;231000;Live weight;2385000
2012;CZ;Czechia;Freshwater fish;Carp;FCP;Common carp;17972000;Live weight;30007000
2012;PL;Poland;Salmonids;Salmon;HUC;Huchen;1000;Live weight;80000
2012;CZ;Czechia;Freshwater fish;Carp;FCG;Grass carp(=White amur);456000;Live weight;812000
2012;PL;Poland;Freshwater fish;Other freshwater fish;LUH;Chub;5000;Live weight;130000
2012;CZ;Czechia;Freshwater fish;Eel;ELE;European eel;1000;Live weight;3000
2012;PL;Poland;Salmonids;Other salmonids;PLN;European whitefish;13000;Live weight;270000
2012;CZ;Czechia;Freshwater fish;Carp;BIC;Bighead carp;379000;Live weight;286000
2012;PL;Poland;Freshwater fish;Other freshwater fish;PTB;Barbel;2000;Live weight;234000
2012;CY;Cyprus;Salmonids;Trout;TRR;Rainbow trout;55000;Live weight;495000
2012;PL;Poland;Salmonids;Salmon;SAL;Atlantic salmon;18000;Live weight;203000
2012;CY;Cyprus;Other marine fish;Seabream, other;SBP;Pargo breams nei;2000;Live weight;18000
2012;PL;Poland;Freshwater fish;Freshwater catfish;SOM;Wels(=Som)catfish;274000;Live weight;1015000
2012;CY;Cyprus;Other marine fish;Seabream, gilthead;SBG;Gilthead seabream;3126000;Live weight;15474000
2012;PL;Poland;Freshwater fish;Other freshwater fish;STU;Sturgeons nei;346000;Live weight;6368000
2012;CY;Cyprus;Crustaceans;Shrimp, warmwater;PNI;Indian white prawn;7000;Live weight;70000
2012;PL;Poland;Freshwater fish;Carp;SVC;Silver carp;430000;Live weight;8499000
2012;CY;Cyprus;Other marine fish;Other marine fish;MGR;Meagre;37000;Live weight;204000
2012;PL;Poland;Salmonids;Trout;SVF;Brook trout;380000;Live weight;1204000
2012;CY;Cyprus;Other marine fish;Seabass, European;BSS;European seabass;1100000;Live weight;7260000
2012;PL;Poland;Salmonids;Other salmonids;TLV;Grayling;15000;Live weight;367000
2012;CY;Cyprus;Freshwater fish;Other freshwater fish;APB;Siberian sturgeon;5000;Live weight;72000
2012;PL;Poland;Salmonids;Trout;TRO;Trouts nei;55000;Live weight;701000
2012;BG;Bulgaria;Salmonids;Trout;TRS;Sea trout;41000;Live weight;188000
2012;PL;Poland;Salmonids;Trout;TRR;Rainbow trout;10724000;Live weight;28679000
2012;BG;Bulgaria;Salmonids;Trout;TRR;Rainbow trout;2651000;Live weight;9275000
2012;PL;Poland;Salmonids;Trout;TRS;Sea trout;158000;Live weight;1134000
2012;BG;Bulgaria;Freshwater fish;Carp;SVC;Silver carp;78000;Live weight;93000
2012;PL;Poland;Freshwater fish;Other freshwater fish;VIV;Vimba bream;15000;Live weight;1384000
2012;BG;Bulgaria;Freshwater fish;Other freshwater fish;SRE;Rudd;3000;Live weight;1000
2012;PL;Poland;Salmonids;Other salmonids;WHF;Whitefishes nei;4000;Live weight;307000
2012;BG;Bulgaria;Freshwater fish;Freshwater catfish;SOM;Wels(=Som)catfish;87000;Live weight;297000
2012;PT;Portugal;Other marine fish;Seabass, other;BSE;Seabasses nei;25000;Live weight;185000
2012;BG;Bulgaria;Bivalves and other molluscs and aquatic invertebrates;Mussel Mytilus spp;MSM;Mediterranean mussel;878000;Live weight;561000
2012;PT;Portugal;Other marine fish;Seabass, European;BSS;European seabass;531000;Live weight;3404000
2012;BG;Bulgaria;Freshwater fish;Freshwater catfish;ITP;Channel catfish;15000;Live weight;34000
2012;PT;Portugal;Bivalves and other molluscs and aquatic invertebrates;Clam;COC;Common edible cockle;449000;Live weight;301000
2012;BG;Bulgaria;Freshwater fish;Other freshwater fish;HUH;Beluga;24000;Live weight;127000
2012;PT;Portugal;Bivalves and other molluscs and aquatic invertebrates;Clam;CTG;Grooved carpet shell;2320000;Live weight;19931000
2012;BG;Bulgaria;Freshwater fish;Pike-perch;FPP;Pike-perch;25000;Live weight;59000
2012;PT;Portugal;Bivalves and other molluscs and aquatic invertebrates;Clam;CTS;Pullet carpet shell;66000;Live weight;278000
2012;BG;Bulgaria;Freshwater fish;Pike;FPI;Northern pike;6000;Live weight;10000
2012;PT;Portugal;Freshwater fish;Eel;ELE;European eel;1000;Live weight;5000
2012;BG;Bulgaria;Freshwater fish;Carp;FCP;Common carp;1584000;Live weight;3454000
2012;PT;Portugal;Other marine fish;Other marine fish;MGR;Meagre;10000;Live weight;76000
2012;BG;Bulgaria;Freshwater fish;Carp;FCG;Grass carp(=White amur);171000;Live weight;345000
2012;PT;Portugal;Other marine fish;Other marine fish;MGS; ;0;Live weight;1000
2012;BG;Bulgaria;Freshwater fish;Other freshwater fish;FBM;Freshwater bream;7000;Live weight;4000
2012;PT;Portugal;Bivalves and other molluscs and aquatic invertebrates;Mussel Mytilus spp;MYV;Mytilus mussels nei;338000;Live weight;154000
2012;BG;Bulgaria;Crustaceans;Freshwater crayfish;CRD;Danube crayfish;3000;Live weight;6000
2012;PT;Portugal;Bivalves and other molluscs and aquatic invertebrates;Clam;OBN;Peppery furrow;4000;Live weight;6000
2012;BG;Bulgaria;Freshwater fish;Other freshwater fish;CGO;Goldfish;94000;Live weight;61000
2012;PT;Portugal;Bivalves and other molluscs and aquatic invertebrates;Oyster;OST;Flat and cupped oysters nei;18000;Live weight;58000
2012;BG;Bulgaria;Freshwater fish;Other freshwater fish;BKC;Black carp;4000;Live weight;8000
2012;PT;Portugal;Bivalves and other molluscs and aquatic invertebrates;Oyster;OYC;Cupped oysters nei;379000;Live weight;1201000
2012;BG;Bulgaria;Freshwater fish;Carp;BIC;Bighead carp;970000;Live weight;966000
2012;PT;Portugal;Bivalves and other molluscs and aquatic invertebrates;Oyster;OYG;Pacific cupped oyster;338000;Live weight;885000
2012;BG;Bulgaria;Crustaceans;Freshwater crayfish;AYS;Euro-American crayfishes nei;2000;Live weight;4000
2012;PT;Portugal;Crustaceans;Shrimp, miscellaneous;PVR;Atlantic ditch shrimp;0;Live weight;2000
2012;BG;Bulgaria;Freshwater fish;Other freshwater fish;APG;Danube sturgeon(=Osetr);278000;Live weight;1630000
2012;PT;Portugal;Bivalves and other molluscs and aquatic invertebrates;Clam;RAE;European razor clam;4000;Live weight;11000
2012;BG;Bulgaria;Freshwater fish;Other freshwater fish;APB;Siberian sturgeon;14000;Live weight;82000
2012;PT;Portugal;Other marine fish;Seabream, gilthead;SBG;Gilthead seabream;895000;Live weight;4752000
2012;BG;Bulgaria;Freshwater fish;Other freshwater fish;ALR;Bleak;2000;Live weight;2000
2012;PT;Portugal;Flatfish;Sole, common;SOL;Common sole;45000;Live weight;594000
2012;BG;Bulgaria;Freshwater fish;Other freshwater fish;APR;Sterlet sturgeon;1000;Live weight;2000
2012;PT;Portugal;Other marine fish;Seabass, other;SPU;Spotted seabass;0;Live weight;1000
2012;BE;Belgium;Salmonids;Trout;TRR;Rainbow trout;277000;Live weight;2036000
2012;PT;Portugal;Other marine fish;Seabream, other;SRG;Sargo breams nei;0;Live weight;2000
2012;AT;Austria;Salmonids;Other salmonids;WHF;Whitefishes nei;2000;Live weight;46000
2012;PT;Portugal;Other marine fish;Seabream, other;SWA;White seabream;0;Live weight;1000
2012;AT;Austria;Salmonids;Trout;TRS;Sea trout;267000;Live weight;2377000
2012;PT;Portugal;Salmonids;Trout;TRR;Rainbow trout;479000;Live weight;1418000
2012;AT;Austria;Salmonids;Trout;TRR;Rainbow trout;1337000;Live weight;8967000
2012;PT;Portugal;Flatfish;Turbot;TUR;Turbot;4406000;Live weight;20374000
2012;AT;Austria;Salmonids;Trout;SVF;Brook trout;426000;Live weight;2616000
2012;PT;Portugal;Bivalves and other molluscs and aquatic invertebrates;Clam;VNA;Golden carpet shell;8000;Live weight;18000
2012;AT;Austria;Freshwater fish;Carp;SVC;Silver carp;13000;Live weight;30000
2012;RO;Romania;Freshwater fish;Other freshwater fish;APB;Siberian sturgeon;8000;Live weight;65000
2012;AT;Austria;Freshwater fish;Other freshwater fish;STU;Sturgeons nei;2000;Live weight;30000
2012;RO;Romania;Freshwater fish;Carp;BIC;Bighead carp;2110000;Live weight;2223000
2012;AT;Austria;Salmonids;Other salmonids;SLX;Salmonoids nei;45000;Live weight;55000
2012;RO;Romania;Freshwater fish;Freshwater catfish;CLZ;North African catfish;150000;Live weight;131000
2012;AT;Austria;Salmonids;Salmon;HUC;Huchen;11000;Live weight;180000
2012;RO;Romania;Crustaceans;Freshwater crayfish;CRD;Danube crayfish;1000;Live weight;3000
2012;AT;Austria;Freshwater fish;Other freshwater fish;FTE;Tench;7000;Live weight;52000
2012;RO;Romania;Freshwater fish;Eel;ELE;European eel;4000;Live weight;7000
2012;AT;Austria;Freshwater fish;Pike-perch;FPP;Pike-perch;7000;Live weight;116000
2012;RO;Romania;Freshwater fish;Other freshwater fish;FBM;Freshwater bream;79000;Live weight;53000
2012;AT;Austria;Freshwater fish;Pike;FPI;Northern pike;5000;Live weight;63000
2012;RO;Romania;Freshwater fish;Carp;FCC;Crucian carp;868000;Live weight;779000
2012;AT;Austria;Freshwater fish;Other freshwater fish;FCY;Cyprinids nei;6000;Live weight;9000
2012;RO;Romania;Freshwater fish;Carp;FCG;Grass carp(=White amur);182000;Live weight;306000
2012;AT;Austria;Freshwater fish;Carp;FCP;Common carp;590000;Live weight;2132000
2012;RO;Romania;Freshwater fish;Carp;FCP;Common carp;3266000;Live weight;7689000
2012;AT;Austria;Freshwater fish;Carp;FCG;Grass carp(=White amur);21000;Live weight;80000
2012;RO;Romania;Freshwater fish;Other freshwater fish;FPE;European perch;7000;Live weight;5000
2012;AT;Austria;Freshwater fish;Carp;FCC;Crucian carp;1000;Live weight;3000
2012;RO;Romania;Freshwater fish;Pike;FPI;Northern pike;31000;Live weight;68000
2012;AT;Austria;Freshwater fish;Freshwater catfish;CLZ;North African catfish;263000;Live weight;1004000
2012;RO;Romania;Freshwater fish;Pike-perch;FPP;Pike-perch;56000;Live weight;136000
2012;AT;Austria;Freshwater fish;Carp;BIC;Bighead carp;0;Live weight;2000
2012;RO;Romania;Freshwater fish;Other freshwater fish;FRX;Roaches nei;9000;Live weight;8000
2012;AT;Austria;Salmonids;Other salmonids;ACH;Arctic char;120000;Live weight;106000
2012;RO;Romania;Freshwater fish;Other freshwater fish;FTE;Tench;11000;Live weight;14000
2012;RO;Romania;Freshwater fish;Other freshwater fish;ITE;Brown bullhead;4000;Live weight;10000
2012;RO;Romania;Bivalves and other molluscs and aquatic invertebrates;Mussel Mytilus spp;MSM;Mediterranean mussel;9000;Live weight;11000
2012;RO;Romania;Freshwater fish;Other freshwater fish;PAM;Mississippi paddlefish;4000;Live weight;9000
2012;RO;Romania;Freshwater fish;Freshwater catfish;SOM;Wels(=Som)catfish;45000;Live weight;108000
2012;RO;Romania;Freshwater fish;Carp;SVC;Silver carp;2087000;Live weight;2386000
2012;RO;Romania;Salmonids;Trout;TRR;Rainbow trout;1074000;Live weight;4135000
2012;SE;Sweden;Salmonids;Other salmonids;ACH;Arctic char;1849000;Live weight;10430000
2012;SE;Sweden;Crustaceans;Freshwater crayfish;AYS;Euro-American crayfishes nei;2000;Live weight;57000
2012;SE;Sweden;Freshwater fish;Eel;ELE;European eel;93000;Live weight;912000
2012;SE;Sweden;Bivalves and other molluscs and aquatic invertebrates;Mussel Mytilus spp;MUS;Blue mussel;1308000;Live weight;902000
2012;SE;Sweden;Salmonids;Trout;TRR;Rainbow trout;10499000;Live weight;33304000
2012;SE;Sweden;Salmonids;Trout;TRS;Sea trout;6000;Live weight;40000
2012;SI;Slovenia;Other marine fish;Seabass, European;BSS;European seabass;52000;Live weight;312000
2012;SI;Slovenia;Freshwater fish;Carp;FCP;Common carp;137000;Live weight;365000
2012;SI;Slovenia;Bivalves and other molluscs and aquatic invertebrates;Mussel Mytilus spp;MSM;Mediterranean mussel;310000;Live weight;155000
2012;SI;Slovenia;Salmonids;Trout;TRR;Rainbow trout;557000;Live weight;1673000
2012;SI;Slovenia;Bivalves and other molluscs and aquatic invertebrates;Clam;VEV;Warty venus;0;Live weight;1000
2012;SK;Slovakia;Freshwater fish;Carp;FCG;Grass carp(=White amur);9000;Live weight;20000
2012;SK;Slovakia;Freshwater fish;Carp;FCP;Common carp;355000;Live weight;645000
2012;SK;Slovakia;Freshwater fish;Other freshwater fish;FRF;Freshwater fishes nei;133000;Live weight;156000
2012;SK;Slovakia;Salmonids;Trout;TRO;Trouts nei;4000;Live weight;38000
2012;SK;Slovakia;Salmonids;Trout;TRR;Rainbow trout;763000;Live weight;2382000
2012;UK;United Kingdom;Salmonids;Other salmonids;ACH;Arctic char;11000;Live weight;74000
2012;UK;United Kingdom;Other marine fish;Seabass, European;BSS;European seabass;190000;Live weight;1054000
2012;UK;United Kingdom;Bivalves and other molluscs and aquatic invertebrates;Clam;CLH;Northern quahog(=Hard clam);9000;Live weight;34000
2012;UK;United Kingdom;Bivalves and other molluscs and aquatic invertebrates;Clam;CLJ;Japanese carpet shell;5000;Live weight;19000
2012;UK;United Kingdom;Freshwater fish;Eel;ELE;European eel;1000;Live weight;8000
2012;UK;United Kingdom;Freshwater fish;Other freshwater fish;FBM;Freshwater bream;19000;Live weight;29000
2012;UK;United Kingdom;Freshwater fish;Carp;FCC;Crucian carp;6000;Live weight;158000
2012;UK;United Kingdom;Freshwater fish;Carp;FCP;Common carp;259000;Live weight;4152000
2012;UK;United Kingdom;Freshwater fish;Other freshwater fish;FID;Orfe(=Ide);1000;Live weight;1000
2012;UK;United Kingdom;Freshwater fish;Other freshwater fish;FRO;Roach;2000;Live weight;3000
2012;UK;United Kingdom;Freshwater fish;Other freshwater fish;FTE;Tench;12000;Live weight;264000
2012;UK;United Kingdom;Flatfish;Halibut, Atlantic;HAL;Atlantic halibut;73000;Live weight;540000
2012;UK;United Kingdom;Freshwater fish;Other freshwater fish;LUH;Chub;1000;Live weight;1000
2012;UK;United Kingdom;Bivalves and other molluscs and aquatic invertebrates;Mussel, other;MSX;Sea mussels nei;26021000;Live weight;33656000
2012;UK;United Kingdom;Bivalves and other molluscs and aquatic invertebrates;Oyster;OYF;European flat oyster;111000;Live weight;1040000
2012;UK;United Kingdom;Bivalves and other molluscs and aquatic invertebrates;Oyster;OYG;Pacific cupped oyster;1206000;Live weight;6123000
2012;UK;United Kingdom;Bivalves and other molluscs and aquatic invertebrates;Scallop;QSC;Queen scallop;0;Live weight;1000
2012;UK;United Kingdom;Salmonids;Salmon;SAL;Atlantic salmon;162547000;Live weight;643360000
2012;UK;United Kingdom;Bivalves and other molluscs and aquatic invertebrates;Scallop;SCE;Great Atlantic scallop;7000;Live weight;123000
2012;UK;United Kingdom;Salmonids;Trout;SVF;Brook trout;1000;Live weight;10000
2012;UK;United Kingdom;Freshwater fish;Tilapia;TLN;Nile tilapia;102000;Live weight;403000
2012;UK;United Kingdom;Salmonids;Trout;TRR;Rainbow trout;14591000;Live weight;40610000
2012;UK;United Kingdom;Salmonids;Trout;TRS;Sea trout;419000;Live weight;1155000
2012;LT;Lithuania;Freshwater fish;Carp;BIC;Bighead carp;18000;Live weight;43000
2012;LT;Lithuania;Freshwater fish;Freshwater catfish;CLZ;North African catfish;13000;Live weight;57000
2012;LT;Lithuania;Freshwater fish;Carp;FCC;Crucian carp;14000;Live weight;14000
2012;LT;Lithuania;Freshwater fish;Carp;FCG;Grass carp(=White amur);32000;Live weight;83000
2012;LT;Lithuania;Freshwater fish;Carp;FCP;Common carp;2968000;Live weight;5878000
2012;LT;Lithuania;Freshwater fish;Pike;FPI;Northern pike;16000;Live weight;53000
2012;LT;Lithuania;Freshwater fish;Other freshwater fish;FRF;Freshwater fishes nei;58000;Live weight;180000
2012;LT;Lithuania;Freshwater fish;Other freshwater fish;FTE;Tench;1000;Live weight;7000
2012;LT;Lithuania;Freshwater fish;Other freshwater fish;STU;Sturgeons nei;53000;Live weight;251000
2012;LT;Lithuania;Salmonids;Trout;TRR;Rainbow trout;54000;Live weight;228000
2011;AT;Austria;Salmonids;Other salmonids;ACH;Arctic char;140000;Live weight;31000
2011;AT;Austria;Freshwater fish;Carp;BIC;Bighead carp;0;Live weight;2000
2011;AT;Austria;Freshwater fish;Freshwater catfish;CLZ;North African catfish;165000;Live weight;494000
2011;AT;Austria;Freshwater fish;Carp;FCG;Grass carp(=White amur);26000;Live weight;99000
2011;AT;Austria;Freshwater fish;Carp;FCP;Common carp;596000;Live weight;2171000
2011;AT;Austria;Freshwater fish;Other freshwater fish;FCY;Cyprinids nei;4000;Live weight;9000
2011;AT;Austria;Freshwater fish;Pike;FPI;Northern pike;9000;Live weight;120000
2011;AT;Austria;Freshwater fish;Pike-perch;FPP;Pike-perch;11000;Live weight;193000
2011;AT;Austria;Freshwater fish;Other freshwater fish;FRO;Roach;1000;Live weight;3000
2011;AT;Austria;Salmonids;Salmon;HUC;Huchen;15000;Live weight;237000
2011;AT;Austria;Freshwater fish;Freshwater catfish;SOM;Wels(=Som)catfish;4000;Live weight;51000
2011;AT;Austria;Freshwater fish;Other freshwater fish;STU;Sturgeons nei;3000;Live weight;43000
2011;AT;Austria;Freshwater fish;Carp;SVC;Silver carp;12000;Live weight;30000
2011;AT;Austria;Salmonids;Trout;SVF;Brook trout;393000;Live weight;2764000
2011;AT;Austria;Salmonids;Trout;TRR;Rainbow trout;1271000;Live weight;7431000
2011;AT;Austria;Salmonids;Other salmonids;WHF;Whitefishes nei;6000;Live weight;25000
2011;BE;Belgium;Other marine fish;Other marine fish;DIA;Diadromous fishes nei;20000;Live weight;142000
2011;BE;Belgium;Salmonids;Trout;TRR;Rainbow trout;81000;Live weight;439000
2011;BG;Bulgaria;Crustaceans;Freshwater crayfish;AAS;Noble crayfish;9000;Live weight;14000
2011;BG;Bulgaria;Freshwater fish;Other freshwater fish;ALR;Bleak;7000;Live weight;7000
2011;BG;Bulgaria;Freshwater fish;Other freshwater fish;APB;Siberian sturgeon;19000;Live weight;108000
2011;BG;Bulgaria;Freshwater fish;Other freshwater fish;APE;Starry sturgeon;6000;Live weight;53000
2011;BG;Bulgaria;Freshwater fish;Other freshwater fish;APG;Danube sturgeon(=Osetr);215000;Live weight;1191000
2011;BG;Bulgaria;Freshwater fish;Carp;BIC;Bighead carp;3109000;Live weight;5396000
2011;BG;Bulgaria;Freshwater fish;Other freshwater fish;CGO;Goldfish;219000;Live weight;134000
2011;BG;Bulgaria;Freshwater fish;Freshwater catfish;CLZ;North African catfish;2000;Live weight;5000
2011;BG;Bulgaria;Freshwater fish;Other freshwater fish;FBM;Freshwater bream;7000;Live weight;5000
2011;BG;Bulgaria;Freshwater fish;Other freshwater fish;FPE;European perch;1000;Live weight;1000
2011;BG;Bulgaria;Freshwater fish;Pike;FPI;Northern pike;17000;Live weight;43000
2011;BG;Bulgaria;Freshwater fish;Pike-perch;FPP;Pike-perch;17000;Live weight;45000
2011;BG;Bulgaria;Freshwater fish;Other freshwater fish;HUH;Beluga;61000;Live weight;608000
2011;BG;Bulgaria;Freshwater fish;Freshwater catfish;ITP;Channel catfish;98000;Live weight;226000
2011;BG;Bulgaria;Salmonids;Trout;LAT;Lake trout(=Char);2339000;Live weight;8078000
2011;BG;Bulgaria;Freshwater fish;Other freshwater fish;LUH;Chub;1000;Live weight;1000
2011;BG;Bulgaria;Bivalves and other molluscs and aquatic invertebrates;Mussel Mytilus spp;MSM;Mediterranean mussel;747000;Live weight;725000
2011;BG;Bulgaria;Freshwater fish;Other freshwater fish;NUC;Danube bleak;1000;Live weight;1000
2011;BG;Bulgaria;Freshwater fish;Other freshwater fish;PTB;Barbel;1000;Live weight;1000
2011;BG;Bulgaria;Freshwater fish;Freshwater catfish;SOM;Wels(=Som)catfish;78000;Live weight;268000
2011;BG;Bulgaria;Freshwater fish;Other freshwater fish;SRE;Rudd;5000;Live weight;2000
2011;CY;Cyprus;Freshwater fish;Other freshwater fish;APB;Siberian sturgeon;1000;Live weight;19000
2011;CY;Cyprus;Other marine fish;Seabass, European;BSS;European seabass;1495000;Live weight;9126000
2011;CY;Cyprus;Other marine fish;Other marine fish;MGR;Meagre;41000;Live weight;291000
2011;CY;Cyprus;Salmonids;Salmon;ORC;Pacific salmons nei;66000;Live weight;536000
2011;CY;Cyprus;Crustaceans;Shrimp, warmwater;PNI;Indian white prawn;7000;Live weight;75000
2011;CY;Cyprus;Other marine fish;Seabream, gilthead;SBG;Gilthead seabream;3056000;Live weight;17279000
2011;CY;Cyprus;Other marine fish;Other marine fish;SRI;Marbled spinefoot;0;Live weight;3000
2011;CY;Cyprus;Salmonids;Trout;TRR;Rainbow trout;66000;Live weight;536000
2011;CZ;Czechia;Salmonids;Other salmonids;ACH;Arctic char;28000;Live weight;75000
2011;CZ;Czechia;Freshwater fish;Carp;BIC;Bighead carp;19156000;Live weight;34210000
2011;CZ;Czechia;Freshwater fish;Other freshwater fish;FPE;European perch;21000;Live weight;43000
2011;CZ;Czechia;Freshwater fish;Pike;FPI;Northern pike;112000;Live weight;588000
2011;CZ;Czechia;Freshwater fish;Pike-perch;FPP;Pike-perch;67000;Live weight;586000
2011;CZ;Czechia;Freshwater fish;Other freshwater fish;FRF;Freshwater fishes nei;582000;Live weight;862000
2011;CZ;Czechia;Freshwater fish;Other freshwater fish;FTE;Tench;180000;Live weight;521000
2011;CZ;Czechia;Salmonids;Trout;LAT;Lake trout(=Char);815000;Live weight;2747000
2011;CZ;Czechia;Freshwater fish;Freshwater catfish;SOM;Wels(=Som)catfish;49000;Live weight;231000
2011;DE;Germany;Salmonids;Other salmonids;CHR;Chars nei;375000;Live weight;1311000
2011;DE;Germany;Freshwater fish;Freshwater catfish;CLZ;North African catfish;319000;Live weight;542000
2011;DE;Germany;Freshwater fish;Eel;ELE;European eel;660000;Live weight;8568000
2011;DE;Germany;Freshwater fish;Carp;FCP;Common carp;5082000;Live weight;11175000
2011;DE;Germany;Freshwater fish;Pike;FPI;Northern pike;47000;Live weight;249000
2011;DE;Germany;Freshwater fish;Pike-perch;FPP;Pike-perch;39000;Live weight;427000
2011;DE;Germany;Freshwater fish;Other freshwater fish;FRF;Freshwater fishes nei;1696000;Live weight;3387000
2011;DE;Germany;Salmonids;Trout;LAT;Lake trout(=Char);10062000;Live weight;33554000
2011;DE;Germany;Bivalves and other molluscs and aquatic invertebrates;Mussel Mytilus spp;MUS;Blue mussel;20830000;Live weight;28707000
2011;DE;Germany;Freshwater fish;Freshwater catfish;SOM;Wels(=Som)catfish;202000;Live weight;1012000
2011;DE;Germany;Freshwater fish;Other freshwater fish;STU;Sturgeons nei;40000;Live weight;160000
2011;DK;Denmark;Salmonids;Other salmonids;ACH;Arctic char;230000;Live weight;959000
2011;DK;Denmark;Freshwater fish;Eel;ELE;European eel;1137000;Live weight;10388000
2011;DK;Denmark;Freshwater fish;Pike-perch;FPP;Pike-perch;66000;Live weight;777000
2011;DK;Denmark;Salmonids;Trout;LAT;Lake trout(=Char);29885000;Live weight;83623000
2011;DK;Denmark;Bivalves and other molluscs and aquatic invertebrates;Mussel Mytilus spp;MUS;Blue mussel;540000;Live weight;269000
2011;DK;Denmark;Salmonids;Salmon;SAL;Atlantic salmon;10000;Live weight;54000
2011;DK;Denmark;Flatfish;Turbot;SOT;Spottail spiny turbot;5000;Live weight;355000
2011;EE;Estonia;Crustaceans;Freshwater crayfish;AAS;Noble crayfish;1000;Live weight;75000
2011;EE;Estonia;Freshwater fish;Eel;ELE;European eel;2000;Live weight;16000
2011;EE;Estonia;Freshwater fish;Other freshwater fish;FBM;Freshwater bream;0;Live weight;0
2011;EE;Estonia;Freshwater fish;Carp;FCC;Crucian carp;0;Live weight;0
2011;EE;Estonia;Freshwater fish;Carp;FCG;Grass carp(=White amur);0;Live weight;0
2011;EE;Estonia;Freshwater fish;Carp;FCP;Common carp;46000;Live weight;127000
2011;EE;Estonia;Freshwater fish;Other freshwater fish;FPE;European perch;0;Live weight;0
2011;EE;Estonia;Freshwater fish;Pike;FPI;Northern pike;0;Live weight;0
2011;EE;Estonia;Freshwater fish;Other freshwater fish;FRO;Roach;0;Live weight;0
2011;EE;Estonia;Freshwater fish;Other freshwater fish;FTE;Tench;0;Live weight;1000
2011;EE;Estonia;Salmonids;Salmon;SAL;Atlantic salmon;2000;Live weight;8000
2011;EE;Estonia;Freshwater fish;Other freshwater fish;STU;Sturgeons nei;13000;Live weight;89000
2011;EE;Estonia;Salmonids;Trout;TRR;Rainbow trout;334000;Live weight;1320000
2011;EE;Estonia;Salmonids;Trout;TRS;Sea trout;21000;Live weight;48000
2011;EL;Greece;Tuna and tuna-like species;Tuna, bluefin;BFT;Atlantic bluefin tuna;95000;Live weight;1408000
2011;EL;Greece;Other marine fish;Seabass, European;BSS;European seabass;37089000;Live weight;189844000
2011;EL;Greece;Other marine fish;Other marine fish;COB;Shi drum;1123000;Live weight;6352000
2011;EL;Greece;Salmonids;Salmon;COH;Coho(=Silver)salmon;2000;Live weight;15000
2011;EL;Greece;Other marine fish;Seabream, other;DEC;Common dentex;1000;Live weight;10000
2011;EL;Greece;Other marine fish;Other marine fish;DRU;Sciaenas nei;8000;Live weight;40000
2011;EL;Greece;Freshwater fish;Eel;ELE;European eel;304000;Live weight;3760000
2011;EL;Greece;Freshwater fish;Carp;FCP;Common carp;49000;Live weight;173000
2011;EL;Greece;Crustaceans;Shrimp, warmwater;KUP;Kuruma prawn;1000;Live weight;11000
2011;EL;Greece;Other marine fish;Other marine fish;MGR;Meagre;582000;Live weight;2707000
2011;EL;Greece;Bivalves and other molluscs and aquatic invertebrates;Molluscs and aquatic invertebrates, other;MOL;Marine molluscs nei;0;Live weight;1000
2011;EL;Greece;Other marine fish;Other marine fish;MUF;Flathead grey mullet;390000;Live weight;1044000
2011;EL;Greece;Other marine fish;Other marine fish;MZZ;Marine fishes nei;181000;Live weight;590000
2011;EL;Greece;Bivalves and other molluscs and aquatic invertebrates;Oyster;OYF;European flat oyster;1000;Live weight;3000
2011;EL;Greece;Other marine fish;Seabream, other;PAC;Common pandora;1000;Live weight;3000
2011;EL;Greece;Other marine fish;Seabream, other;RPG;Red porgy;347000;Live weight;2059000
2011;EL;Greece;Other marine fish;Seabream, gilthead;SBG;Gilthead seabream;51309000;Live weight;253304000
2011;EL;Greece;Other marine fish;Seabream, other;SHR;Sharpsnout seabream;202000;Live weight;1192000
2011;EL;Greece;Flatfish;Sole, common;SOL;Common sole;2000;Live weight;19000
2011;EL;Greece;Bivalves and other molluscs and aquatic invertebrates;Clam;SVE;Striped venus;1000;Live weight;3000
2011;EL;Greece;Other marine fish;Seabream, other;SWA;White seabream;24000;Live weight;132000
2011;EL;Greece;Miscellaneous aquatic products;Seaweed and other algae;SWX;Seaweeds nei;20000;Live weight;782000
2011;EL;Greece;Salmonids;Trout;TRR;Rainbow trout;2389000;Live weight;6438000
2011;ES;Spain;Freshwater fish;Other freshwater fish;AAA;Adriatic sturgeon;113000;Live weight;932000
2011;ES;Spain;Other marine fish;Seabream, other;AAB;Twobar seabream;246000;Live weight;1939000
2011;ES;Spain;Crustaceans;Freshwater crayfish;AAS;Noble crayfish;0;Live weight;1800000
2011;ES;Spain;Bivalves and other molluscs and aquatic invertebrates;Abalone;ABF;Red abalone;705000;Live weight;3427000
2011;ES;Spain;Crustaceans;Shrimp, warmwater;ABS;Northern brown shrimp;36000;Live weight;922000
2011;ES;Spain;Bivalves and other molluscs and aquatic invertebrates;Clam;ACB;Inflated ark;1509000;Live weight;12218000
2011;ES;Spain;Other marine fish;Other marine fish;AGD;Sharktooth moray;1165000;Live weight;4192000
2011;ES;Spain;Other marine fish;Smelt;AHH;Mediterranean sand smelt;1000;Live weight;2000
2011;ES;Spain;Crustaceans;Shrimp, miscellaneous;AKS;Akiami paste shrimp;104000;Live weight;276000
2011;ES;Spain;Miscellaneous aquatic products;Seaweed and other algae;APL;Aquatic plants nei;0;Live weight;100000
2011;ES;Spain;Freshwater fish;Carp;BIC;Bighead carp;3000;Live weight;1000
2011;ES;Spain;Other marine fish;Seabass, European;BSS;European seabass;17548000;Live weight;87256000
2011;ES;Spain;Flatfish;Sole, other;CET;Wedge sole;150000;Live weight;1661000
2011;ES;Spain;Bivalves and other molluscs and aquatic invertebrates;Oyster;CSC;Hooded oyster;1755000;Live weight;5586000
2011;ES;Spain;Freshwater fish;Eel;ELE;European eel;434000;Live weight;4158000
2011;ES;Spain;Salmonids;Trout;LAT;Lake trout(=Char);16547000;Live weight;42058000
2011;ES;Spain;Bivalves and other molluscs and aquatic invertebrates;Mussel Mytilus spp;MSM;Mediterranean mussel;208583000;Live weight;112402000
2011;ES;Spain;Cephalopods;Octopus;OCC;Common octopus;3000;Live weight;16000
2011;ES;Spain;Tuna and tuna-like species;Tuna, bluefin;PBF;Pacific bluefin tuna;2866000;Live weight;45465000
2011;ES;Spain;Other marine fish;Seabream, gilthead;SBG;Gilthead seabream;15118000;Live weight;74840000
2011;ES;Spain;Bivalves and other molluscs and aquatic invertebrates;Scallop;SCA;American sea scallop;2000;Live weight;12000
2011;ES;Spain;Flatfish;Turbot;SOT;Spottail spiny turbot;7337000;Live weight;48098000
2011;FI;Finland;Salmonids;Other salmonids;ACH;Arctic char;1211000;Live weight;9228000
2011;FI;Finland;Other marine fish;Other marine fish;AGD;Sharktooth moray;83000;Live weight;703000
2011;FI;Finland;Salmonids;Trout;LAT;Lake trout(=Char);9981000;Live weight;33174000
2011;FR;France;Freshwater fish;Other freshwater fish;AAA;Adriatic sturgeon;4021000;Live weight;11075000
2011;FR;France;Bivalves and other molluscs and aquatic invertebrates;Abalone;ABF;Red abalone;1482000;Live weight;5477000
2011;FR;France;Crustaceans;Shrimp, warmwater;ABS;Northern brown shrimp;38000;Live weight;819000
2011;FR;France;Bivalves and other molluscs and aquatic invertebrates;Clam;ACB;Inflated ark;714000;Live weight;5398000
2011;FR;France;Salmonids;Other salmonids;ACH;Arctic char;726000;Live weight;2798000
2011;FR;France;Other marine fish;Other marine fish;AGD;Sharktooth moray;2368000;Live weight;16278000
2011;FR;France;Freshwater fish;Carp;BIC;Bighead carp;4200000;Live weight;4662000
2011;FR;France;Other marine fish;Seabass, European;BSS;European seabass;2241000;Live weight;14932000
2011;FR;France;Bivalves and other molluscs and aquatic invertebrates;Oyster;CSC;Hooded oyster;84454000;Live weight;394750000
2011;FR;France;Bivalves and other molluscs and aquatic invertebrates;Mussel Mytilus spp;MSM;Mediterranean mussel;12763000;Live weight;22040000
2011;FR;France;Bivalves and other molluscs and aquatic invertebrates;Mussel Mytilus spp;MUS;Blue mussel;52258000;Live weight;102036000
2011;FR;France;Salmonids;Salmon;SAL;Atlantic salmon;700000;Live weight;3150000
2011;FR;France;Other marine fish;Seabream, gilthead;SBG;Gilthead seabream;1390000;Live weight;7953000
2011;FR;France;Freshwater fish;Freshwater catfish;SOM;Wels(=Som)catfish;200000;Live weight;600000
2011;FR;France;Miscellaneous aquatic products;Seaweed and other algae;SWX;Seaweeds nei;63000;Live weight;117000
2011;FR;France;Salmonids;Trout;TRO;Trouts nei;41000;Live weight;225000
2011;FR;France;Salmonids;Trout;TRR;Rainbow trout;30806000;Live weight;95209000
2011;FR;France;Salmonids;Trout;TRS;Sea trout;1079000;Live weight;8241000
2011;FR;France;Flatfish;Turbot;TUR;Turbot;300000;Live weight;3580000
2011;HU;Hungary;Freshwater fish;Carp;BIC;Bighead carp;13139000;Live weight;23435000
2011;HU;Hungary;Freshwater fish;Freshwater catfish;CLZ;North African catfish;1913000;Live weight;4451000
2011;HU;Hungary;Freshwater fish;Pike;FPI;Northern pike;83000;Live weight;383000
2011;HU;Hungary;Freshwater fish;Pike-perch;FPP;Pike-perch;46000;Live weight;326000
2011;HU;Hungary;Freshwater fish;Other freshwater fish;FRF;Freshwater fishes nei;407000;Live weight;654000
2011;HU;Hungary;Freshwater fish;Other freshwater fish;FTE;Tench;8000;Live weight;42000
2011;HU;Hungary;Salmonids;Trout;LAT;Lake trout(=Char);44000;Live weight;205000
2011;HU;Hungary;Freshwater fish;Freshwater catfish;SOM;Wels(=Som)catfish;175000;Live weight;736000
2011;HU;Hungary;Freshwater fish;Other freshwater fish;STU;Sturgeons nei;51000;Live weight;456000
2011;IE;Ireland;Freshwater fish;Other freshwater fish;AAA;Adriatic sturgeon;16000;Live weight;119000
2011;IE;Ireland;Bivalves and other molluscs and aquatic invertebrates;Abalone;ABF;Red abalone;1000;Live weight;21000
2011;IE;Ireland;Bivalves and other molluscs and aquatic invertebrates;Clam;ACB;Inflated ark;175000;Live weight;1053000
2011;IE;Ireland;Salmonids;Other salmonids;ACH;Arctic char;40000;Live weight;280000
2011;IE;Ireland;Miscellaneous aquatic products;Seaweed and other algae;APL;Aquatic plants nei;3000;Live weight;3000
2011;IE;Ireland;Salmonids;Salmon;CHE;Masu(=Cherry) salmon;12196000;Live weight;73295000
2011;IE;Ireland;Bivalves and other molluscs and aquatic invertebrates;Oyster;CSC;Hooded oyster;7937000;Live weight;29655000
2011;IE;Ireland;Salmonids;Trout;LAT;Lake trout(=Char);1201000;Live weight;3933000
2011;IE;Ireland;Bivalves and other molluscs and aquatic invertebrates;Mussel Mytilus spp;MUS;Blue mussel;22671000;Live weight;16226000
2011;IE;Ireland;Bivalves and other molluscs and aquatic invertebrates;Scallop;SCA;American sea scallop;50000;Live weight;315000
2011;IT;Italy;Freshwater fish;Other freshwater fish;AAA;Adriatic sturgeon;1487000;Live weight;9468000
2011;IT;Italy;Other marine fish;Seabream, other;AAB;Twobar seabream;84000;Live weight;566000
2011;IT;Italy;Crustaceans;Freshwater crayfish;AAS;Noble crayfish;43000;Live weight;314000
2011;IT;Italy;Crustaceans;Shrimp, warmwater;ABS;Northern brown shrimp;1000;Live weight;15000
2011;IT;Italy;Bivalves and other molluscs and aquatic invertebrates;Clam;ACB;Inflated ark;32276000;Live weight;126534000
2011;IT;Italy;Salmonids;Other salmonids;ACH;Arctic char;340000;Live weight;1569000
2011;IT;Italy;Other marine fish;Other marine fish;AGD;Sharktooth moray;756000;Live weight;4546000
2011;IT;Italy;Freshwater fish;Carp;BIC;Bighead carp;156000;Live weight;724000
2011;IT;Italy;Other marine fish;Seabass, European;BSS;European seabass;6672000;Live weight;55144000
2011;IT;Italy;Bivalves and other molluscs and aquatic invertebrates;Mussel, other;CHC;Choro mussel;79520000;Live weight;60257000
2011;IT;Italy;Bivalves and other molluscs and aquatic invertebrates;Oyster;CSC;Hooded oyster;43000;Live weight;227000
2011;IT;Italy;Freshwater fish;Eel;ELE;European eel;510000;Live weight;5688000
2011;IT;Italy;Freshwater fish;Pike;FPI;Northern pike;11000;Live weight;83000
2011;IT;Italy;Freshwater fish;Freshwater catfish;ITP;Channel catfish;104000;Live weight;301000
2011;IT;Italy;Salmonids;Trout;LAT;Lake trout(=Char);36275000;Live weight;93309000
2011;IT;Italy;Freshwater fish;Tilapia;OEA;Blue tilapia;10000;Live weight;30000
2011;IT;Italy;Tuna and tuna-like species;Tuna, bluefin;PBF;Pacific bluefin tuna;435000;Live weight;7835000
2011;IT;Italy;Other marine fish;Seabream, gilthead;SBG;Gilthead seabream;5508000;Live weight;36507000
2011;IT;Italy;Flatfish;Sole, common;SOL;Common sole;1000;Live weight;5000
2011;IT;Italy;Flatfish;Turbot;SOT;Spottail spiny turbot;0;Live weight;1200000
2011;LV;Latvia;Freshwater fish;Other freshwater fish;AAA;Adriatic sturgeon;56000;Live weight;220000
2011;LV;Latvia;Crustaceans;Freshwater crayfish;AAS;Noble crayfish;0;Live weight;1552000
2011;LV;Latvia;Freshwater fish;Carp;BIC;Bighead carp;462000;Live weight;933000
2011;LV;Latvia;Freshwater fish;Pike;FPI;Northern pike;13000;Live weight;30000
2011;LV;Latvia;Freshwater fish;Pike-perch;FPP;Pike-perch;3000;Live weight;13000
2011;LV;Latvia;Salmonids;Trout;LAT;Lake trout(=Char);12000;Live weight;53000
2011;LV;Latvia;Freshwater fish;Tilapia;OEA;Blue tilapia;1000;Live weight;3000
2011;MT;Malta;Tuna and tuna-like species;Tuna, bluefin;BFT;Atlantic bluefin tuna;1759000;Live weight;38594000
2011;MT;Malta;Other marine fish;Seabass, European;BSS;European seabass;54000;Live weight;564000
2011;MT;Malta;Other marine fish;Other marine fish;MZZ;Marine fishes nei;100000;Live weight;1620000
2011;MT;Malta;Other marine fish;Seabream, gilthead;SBG;Gilthead seabream;2159000;Live weight;10190000
2011;NL;Netherlands;Other marine fish;Other marine fish;AGD;Sharktooth moray;410000;Live weight;1199000
2011;NL;Netherlands;Freshwater fish;Freshwater catfish;CLZ;North African catfish;1620000;Live weight;1798000
2011;NL;Netherlands;Bivalves and other molluscs and aquatic invertebrates;Oyster;CSC;Hooded oyster;2680000;Live weight;3082000
2011;NL;Netherlands;Freshwater fish;Eel;ELE;European eel;2050000;Live weight;16503000
2011;NL;Netherlands;Freshwater fish;Pike-perch;FPP;Pike-perch;120000;Live weight;1258000
2011;NL;Netherlands;Bivalves and other molluscs and aquatic invertebrates;Mussel Mytilus spp;MUS;Blue mussel;36700000;Live weight;49376000
2011;NL;Netherlands;Flatfish;Turbot;TUR;Turbot;260000;Live weight;2002000
2011;PL;Poland;Crustaceans;Freshwater crayfish;AYS;Euro-American crayfishes nei;0;Live weight;0
2011;PL;Poland;Salmonids;Other salmonids;CHR;Chars nei;196000;Live weight;701000
2011;PL;Poland;Freshwater fish;Freshwater catfish;CLZ;North African catfish;162000;Live weight;415000
2011;PL;Poland;Freshwater fish;Carp;FCG;Grass carp(=White amur);405000;Live weight;924000
2011;PL;Poland;Freshwater fish;Carp;FCP;Common carp;17491000;Live weight;44063000
2011;PL;Poland;Freshwater fish;Pike;FPI;Northern pike;344000;Live weight;3902000
2011;PL;Poland;Freshwater fish;Other freshwater fish;FRF;Freshwater fishes nei;879000;Live weight;5259000
2011;PL;Poland;Freshwater fish;Other freshwater fish;FRX;Roaches nei;32000;Live weight;16000
2011;PL;Poland;Freshwater fish;Other freshwater fish;FTE;Tench;370000;Live weight;1153000
2011;PL;Poland;Salmonids;Salmon;SAL;Atlantic salmon;43000;Live weight;428000
2011;PL;Poland;Freshwater fish;Freshwater catfish;SOM;Wels(=Som)catfish;263000;Live weight;1011000
2011;PL;Poland;Freshwater fish;Other freshwater fish;STU;Sturgeons nei;385000;Live weight;5496000
2011;PL;Poland;Freshwater fish;Carp;SVC;Silver carp;362000;Live weight;523000
2011;PL;Poland;Salmonids;Trout;SVF;Brook trout;323000;Live weight;909000
2011;PL;Poland;Salmonids;Trout;TRO;Trouts nei;2467000;Live weight;6772000
2011;PL;Poland;Salmonids;Trout;TRR;Rainbow trout;10398000;Live weight;28637000
2011;PL;Poland;Salmonids;Trout;TRS;Sea trout;121000;Live weight;1438000
2011;PL;Poland;Salmonids;Other salmonids;WHF;Whitefishes nei;5000;Live weight;37000
2011;PT;Portugal;Other marine fish;Seabream, other;AAB;Twobar seabream;0;Live weight;4270000
2011;PT;Portugal;Bivalves and other molluscs and aquatic invertebrates;Abalone;ABF;Red abalone;92000;Live weight;67000
2011;PT;Portugal;Bivalves and other molluscs and aquatic invertebrates;Clam;ACB;Inflated ark;2339000;Live weight;26340000
2011;PT;Portugal;Other marine fish;Other marine fish;AGD;Sharktooth moray;16000;Live weight;97000
2011;PT;Portugal;Crustaceans;Shrimp, miscellaneous;AKS;Akiami paste shrimp;1000;Live weight;2000
2011;PT;Portugal;Other marine fish;Seabass, other;BSE;Seabasses nei;0;Live weight;0
2011;PT;Portugal;Other marine fish;Seabass, European;BSS;European seabass;460000;Live weight;2735000
2011;PT;Portugal;Bivalves and other molluscs and aquatic invertebrates;Oyster;CSC;Hooded oyster;863000;Live weight;2411000
2011;PT;Portugal;Freshwater fish;Eel;ELE;European eel;1000;Live weight;4000
2011;PT;Portugal;Cephalopods;Cuttlefish;IAR;Pink cuttlefish;0;Live weight;84000
2011;PT;Portugal;Salmonids;Trout;LAT;Lake trout(=Char);1115000;Live weight;2597000
2011;PT;Portugal;Bivalves and other molluscs and aquatic invertebrates;Mussel Mytilus spp;MYV;Mytilus mussels nei;250000;Live weight;117000
2011;PT;Portugal;Other marine fish;Seabream, gilthead;SBG;Gilthead seabream;828000;Live weight;4561000
2011;PT;Portugal;Flatfish;Sole, common;SOL;Common sole;4000;Live weight;49000
2011;PT;Portugal;Flatfish;Turbot;SOT;Spottail spiny turbot;3197000;Live weight;19294000
2011;RO;Romania;Freshwater fish;Other freshwater fish;AAA;Adriatic sturgeon;192000;Live weight;477000
2011;RO;Romania;Freshwater fish;Carp;BIC;Bighead carp;6374000;Live weight;9053000
2011;RO;Romania;Freshwater fish;Freshwater catfish;CLZ;North African catfish;72000;Live weight;137000
2011;RO;Romania;Freshwater fish;Pike;FPI;Northern pike;34000;Live weight;148000
2011;RO;Romania;Freshwater fish;Pike-perch;FPP;Pike-perch;42000;Live weight;100000
2011;RO;Romania;Salmonids;Trout;LAT;Lake trout(=Char);1710000;Live weight;6111000
2011;RO;Romania;Bivalves and other molluscs and aquatic invertebrates;Mussel Mytilus spp;MSM;Mediterranean mussel;1000;Live weight;2000
2011;RO;Romania;Freshwater fish;Freshwater catfish;SOM;Wels(=Som)catfish;33000;Live weight;96000
2011;SE;Sweden;Crustaceans;Freshwater crayfish;AAS;Noble crayfish;1000;Live weight;26000
2011;SE;Sweden;Salmonids;Other salmonids;ACH;Arctic char;1128000;Live weight;6446000
2011;SE;Sweden;Freshwater fish;Eel;ELE;European eel;90000;Live weight;826000
2011;SE;Sweden;Salmonids;Trout;LAT;Lake trout(=Char);10752000;Live weight;34249000
2011;SE;Sweden;Bivalves and other molluscs and aquatic invertebrates;Mussel Mytilus spp;MUS;Blue mussel;1470000;Live weight;895000
2011;SI;Slovenia;Freshwater fish;Carp;BIC;Bighead carp;188000;Live weight;438000
2011;SI;Slovenia;Other marine fish;Seabass, European;BSS;European seabass;56000;Live weight;325000
2011;SI;Slovenia;Salmonids;Trout;LAT;Lake trout(=Char);611000;Live weight;1852000
2011;SI;Slovenia;Bivalves and other molluscs and aquatic invertebrates;Mussel Mytilus spp;MSM;Mediterranean mussel;438000;Live weight;250000
2011;SK;Slovakia;Freshwater fish;Other freshwater fish;AAA;Adriatic sturgeon;25000;Live weight;102000
2011;SK;Slovakia;Freshwater fish;Carp;BIC;Bighead carp;310000;Live weight;678000
2011;SK;Slovakia;Salmonids;Trout;LAT;Lake trout(=Char);578000;Live weight;1640000
2011;UK;United Kingdom;Freshwater fish;Other freshwater fish;AAA;Adriatic sturgeon;10000;Live weight;109000
2011;UK;United Kingdom;Bivalves and other molluscs and aquatic invertebrates;Abalone;ABF;Red abalone;6000;Live weight;8000
2011;UK;United Kingdom;Bivalves and other molluscs and aquatic invertebrates;Clam;ACB;Inflated ark;15000;Live weight;54000
2011;UK;United Kingdom;Salmonids;Other salmonids;ACH;Arctic char;13000;Live weight;79000
2011;UK;United Kingdom;Freshwater fish;Carp;BIC;Bighead carp;140000;Live weight;2118000
2011;UK;United Kingdom;Other marine fish;Seabass, European;BSS;European seabass;490000;Live weight;2541000
2011;UK;United Kingdom;Salmonids;Salmon;CHE;Masu(=Cherry) salmon;158310000;Live weight;678562000
2011;UK;United Kingdom;Bivalves and other molluscs and aquatic invertebrates;Oyster;CSC;Hooded oyster;868000;Live weight;1238000
2011;UK;United Kingdom;Flatfish;Halibut, Atlantic;HAL;Atlantic halibut;83000;Live weight;575000
2011;UK;United Kingdom;Salmonids;Trout;LAT;Lake trout(=Char);12679000;Live weight;32974000
2011;UK;United Kingdom;Bivalves and other molluscs and aquatic invertebrates;Mussel, other;MSX;Sea mussels nei;26158000;Live weight;20702000
2011;UK;United Kingdom;Freshwater fish;Tilapia;OEA;Blue tilapia;186000;Live weight;686000
2011;UK;United Kingdom;Bivalves and other molluscs and aquatic invertebrates;Scallop;SCA;American sea scallop;11000;Live weight;39000
2011;LT;Lithuania;Freshwater fish;Carp;BIC;Bighead carp;25000;Live weight;54000
2011;LT;Lithuania;Freshwater fish;Carp;FCC;Crucian carp;9000;Live weight;12000
2011;LT;Lithuania;Freshwater fish;Carp;FCG;Grass carp(=White amur);31000;Live weight;70000
2011;LT;Lithuania;Freshwater fish;Carp;FCP;Common carp;2703000;Live weight;5539000
2011;LT;Lithuania;Freshwater fish;Pike;FPI;Northern pike;14000;Live weight;41000
2011;LT;Lithuania;Freshwater fish;Other freshwater fish;FRF;Freshwater fishes nei;52000;Live weight;371000
2011;LT;Lithuania;Freshwater fish;Other freshwater fish;FTE;Tench;0;Live weight;1000
2011;LT;Lithuania;Freshwater fish;Other freshwater fish;STU;Sturgeons nei;43000;Live weight;215000
2010;FR;France;Bivalves and other molluscs and aquatic invertebrates;Oyster;CSC;Hooded oyster;80649000;Live weight;346663000
2010;FR;France;Other marine fish;Seabass, European;BSS;European seabass;2337000;Live weight;17332000
2010;FR;France;Freshwater fish;Carp;BIC;Bighead carp;4200000;Live weight;4662000
2010;FR;France;Other marine fish;Other marine fish;AGD;Sharktooth moray;2076000;Live weight;13858000
2010;FR;France;Salmonids;Other salmonids;ACH;Arctic char;426000;Live weight;1871000
2010;FR;France;Bivalves and other molluscs and aquatic invertebrates;Clam;ACB;Inflated ark;1056000;Live weight;8056000
2010;FR;France;Crustaceans;Shrimp, warmwater;ABS;Northern brown shrimp;50000;Live weight;934000
2010;FR;France;Bivalves and other molluscs and aquatic invertebrates;Abalone;ABF;Red abalone;1195000;Live weight;4294000
2010;FR;France;Freshwater fish;Other freshwater fish;AAA;Adriatic sturgeon;4002000;Live weight;10710000
2010;FI;Finland;Salmonids;Trout;LAT;Lake trout(=Char);10990000;Live weight;35292000
2010;FI;Finland;Other marine fish;Other marine fish;AGD;Sharktooth moray;58000;Live weight;51000
2010;FI;Finland;Salmonids;Other salmonids;ACH;Arctic char;723000;Live weight;5798000
2010;ES;Spain;Bivalves and other molluscs and aquatic invertebrates;Scallop;VSC;Variegated scallop;1000;Live weight;7000
2010;ES;Spain;Bivalves and other molluscs and aquatic invertebrates;Clam;VEV;Warty venus;1000;Live weight;18000
2010;ES;Spain;Flatfish;Turbot;TUR;Turbot;6882000;Live weight;47690000
2010;ES;Spain;Salmonids;Trout;TRS;Sea trout;1000;Live weight;8000
2010;ES;Spain;Salmonids;Trout;TRR;Rainbow trout;17384000;Live weight;46506000
2010;ES;Spain;Crustaceans;Shrimp, warmwater;TGS;Caramote prawn;0;Live weight;6000
2010;ES;Spain;Other marine fish;Seabream, other;SWA;White seabream;1000;Live weight;2000
2010;ES;Spain;Flatfish;Sole, common;SOL;Common sole;97000;Live weight;1048000
2010;ES;Spain;Other marine fish;Seabream, other;SBR;Blackspot(=red) seabream;214000;Live weight;1863000
2010;ES;Spain;Freshwater fish;Other freshwater fish;SBH;Striped bass, hybrid;3000;Live weight;10000
2010;ES;Spain;Other marine fish;Seabream, gilthead;SBG;Gilthead seabream;20358000;Live weight;89469000
2010;IE;Ireland;Bivalves and other molluscs and aquatic invertebrates;Clam;CLJ;Japanese carpet shell;175000;Live weight;1082000
2010;IE;Ireland;Freshwater fish;Other freshwater fish;FPE;European perch;24000;Live weight;180000
2010;IE;Ireland;Bivalves and other molluscs and aquatic invertebrates;Mussel Mytilus spp;MUS;Blue mussel;21934000;Live weight;15590000
2010;IE;Ireland;Bivalves and other molluscs and aquatic invertebrates;Oyster;OYF;European flat oyster;219000;Live weight;877000
2010;IE;Ireland;Bivalves and other molluscs and aquatic invertebrates;Oyster;OYG;Pacific cupped oyster;6943000;Live weight;20300000
2010;IE;Ireland;Salmonids;Salmon;SAL;Atlantic salmon;15691000;Live weight;70586000
2010;IE;Ireland;Bivalves and other molluscs and aquatic invertebrates;Scallop;SCE;Great Atlantic scallop;59000;Live weight;332000
2010;IE;Ireland;Miscellaneous aquatic products;Seaweed and other algae;SWX;Seaweeds nei;2000;Live weight;1000
2010;IE;Ireland;Salmonids;Trout;TRR;Rainbow trout;1102000;Live weight;3893000
2010;IT;Italy;Freshwater fish;Other freshwater fish;AAA;Adriatic sturgeon;1335000;Live weight;8530000
2010;IT;Italy;Other marine fish;Seabream, other;AAB;Twobar seabream;74000;Live weight;571000
2010;IT;Italy;Crustaceans;Freshwater crayfish;AAS;Noble crayfish;14000;Live weight;98000
2010;IT;Italy;Crustaceans;Shrimp, warmwater;ABS;Northern brown shrimp;3000;Live weight;58000
2010;IT;Italy;Bivalves and other molluscs and aquatic invertebrates;Clam;ACB;Inflated ark;35875000;Live weight;111997000
2010;IT;Italy;Salmonids;Other salmonids;ACH;Arctic char;366000;Live weight;1678000
2010;IT;Italy;Other marine fish;Other marine fish;AGD;Sharktooth moray;559000;Live weight;3154000
2010;IT;Italy;Crustaceans;Shrimp, miscellaneous;AKS;Akiami paste shrimp;4000;Live weight;15000
2010;IT;Italy;Freshwater fish;Carp;BIC;Bighead carp;182000;Live weight;861000
2010;IT;Italy;Other marine fish;Seabass, European;BSS;European seabass;6636000;Live weight;45421000
2010;IT;Italy;Bivalves and other molluscs and aquatic invertebrates;Mussel, other;CHC;Choro mussel;63347000;Live weight;39565000
2010;IT;Italy;Bivalves and other molluscs and aquatic invertebrates;Oyster;CSC;Hooded oyster;78000;Live weight;356000
2010;IT;Italy;Freshwater fish;Eel;ELE;European eel;641000;Live weight;6359000
2010;IT;Italy;Freshwater fish;Pike;FPI;Northern pike;6000;Live weight;42000
2010;IT;Italy;Freshwater fish;Freshwater catfish;ITP;Channel catfish;104000;Live weight;312000
2010;IT;Italy;Salmonids;Trout;LAT;Lake trout(=Char);38616000;Live weight;95780000
2010;IT;Italy;Freshwater fish;Tilapia;OEA;Blue tilapia;20000;Live weight;67000
2010;IT;Italy;Other marine fish;Seabream, gilthead;SBG;Gilthead seabream;5869000;Live weight;36954000
2010;IT;Italy;Flatfish;Sole, common;SOL;Common sole;0;Live weight;1000
2010;LV;Latvia;Crustaceans;Freshwater crayfish;AYS;Euro-American crayfishes nei;0;Live weight;4000
2010;LV;Latvia;Freshwater fish;Other freshwater fish;CGO;Goldfish;17000;Live weight;16000
2010;LV;Latvia;Freshwater fish;Carp;FCG;Grass carp(=White amur);3000;Live weight;15000
2010;LV;Latvia;Freshwater fish;Carp;FCP;Common carp;439000;Live weight;858000
2010;LV;Latvia;Freshwater fish;Other freshwater fish;FPE;European perch;1000;Live weight;2000
2010;LV;Latvia;Freshwater fish;Pike;FPI;Northern pike;18000;Live weight;46000
2010;LV;Latvia;Freshwater fish;Pike-perch;FPP;Pike-perch;1000;Live weight;3000
2010;LV;Latvia;Freshwater fish;Other freshwater fish;FRF;Freshwater fishes nei;5000;Live weight;13000
2010;LV;Latvia;Freshwater fish;Other freshwater fish;FTE;Tench;11000;Live weight;28000
2010;LV;Latvia;Freshwater fish;Freshwater catfish;SOM;Wels(=Som)catfish;27000;Live weight;65000
2010;LV;Latvia;Freshwater fish;Other freshwater fish;STU;Sturgeons nei;11000;Live weight;69000
2010;LV;Latvia;Freshwater fish;Carp;SVC;Silver carp;0;Live weight;1000
2010;LV;Latvia;Salmonids;Trout;TRO;Trouts nei;11000;Live weight;55000
2010;LV;Latvia;Salmonids;Trout;TRR;Rainbow trout;4000;Live weight;20000
2010;MT;Malta;Tuna and tuna-like species;Tuna, bluefin;BFT;Atlantic bluefin tuna;4955000;Live weight;73705000
2010;MT;Malta;Other marine fish;Seabass, European;BSS;European seabass;102000;Live weight;819000
2010;MT;Malta;Other marine fish;Other marine fish;MZZ;Marine fishes nei;69000;Live weight;641000
2010;MT;Malta;Other marine fish;Seabream, gilthead;SBG;Gilthead seabream;1755000;Live weight;7053000
2010;NL;Netherlands;Other marine fish;Other marine fish;AGD;Sharktooth moray;140000;Live weight;1268000
2010;NL;Netherlands;Freshwater fish;Freshwater catfish;CLZ;North African catfish;3200000;Live weight;3520000
2010;NL;Netherlands;Bivalves and other molluscs and aquatic invertebrates;Oyster;CSC;Hooded oyster;3958000;Live weight;4279000
2010;NL;Netherlands;Freshwater fish;Eel;ELE;European eel;3000000;Live weight;25500000
2010;NL;Netherlands;Freshwater fish;Pike-perch;FPP;Pike-perch;100000;Live weight;1049000
2010;NL;Netherlands;Freshwater fish;Other freshwater fish;FRF;Freshwater fishes nei;270000;Live weight;2000000
2010;NL;Netherlands;Bivalves and other molluscs and aquatic invertebrates;Mussel Mytilus spp;MUS;Blue mussel;56227000;Live weight;69137000
2010;NL;Netherlands;Flatfish;Turbot;TUR;Turbot;250000;Live weight;2248000
2010;PL;Poland;Freshwater fish;Freshwater catfish;CLZ;North African catfish;650000;Live weight;1510000
2010;PL;Poland;Freshwater fish;Carp;FCG;Grass carp(=White amur);579000;Live weight;1188000
2010;PL;Poland;Freshwater fish;Carp;FCP;Common carp;15400000;Live weight;32875000
2010;PL;Poland;Freshwater fish;Other freshwater fish;FCY;Cyprinids nei;500000;Live weight;1026000
2010;PL;Poland;Freshwater fish;Pike;FPI;Northern pike;150000;Live weight;472000
2010;PL;Poland;Freshwater fish;Other freshwater fish;FRF;Freshwater fishes nei;162000;Live weight;444000
2010;PL;Poland;Freshwater fish;Freshwater catfish;SOM;Wels(=Som)catfish;200000;Live weight;629000
2010;PL;Poland;Freshwater fish;Other freshwater fish;STU;Sturgeons nei;170000;Live weight;1070000
2010;PL;Poland;Salmonids;Trout;TRR;Rainbow trout;12940000;Live weight;28307000
2010;PT;Portugal;Other marine fish;Seabass, European;BSS;European seabass;397000;Live weight;2328000
2010;PT;Portugal;Bivalves and other molluscs and aquatic invertebrates;Clam;COC;Common edible cockle;91000;Live weight;59000
2010;PT;Portugal;Cephalopods;Cuttlefish;CTC;Common cuttlefish;0;Live weight;3000
2010;PT;Portugal;Bivalves and other molluscs and aquatic invertebrates;Clam;CTG;Grooved carpet shell;2535000;Live weight;18700000
2010;PT;Portugal;Bivalves and other molluscs and aquatic invertebrates;Clam;CTS;Pullet carpet shell;1000;Live weight;7000
2010;PT;Portugal;Freshwater fish;Eel;ELE;European eel;0;Live weight;2000
2010;PT;Portugal;Other marine fish;Other marine fish;MGR;Meagre;38000;Live weight;156000
2010;PT;Portugal;Other marine fish;Other marine fish;MGS; ;0;Live weight;1000
2010;PT;Portugal;Bivalves and other molluscs and aquatic invertebrates;Mussel Mytilus spp;MYV;Mytilus mussels nei;166000;Live weight;53000
2010;PT;Portugal;Other marine fish;Other marine fish;MZZ;Marine fishes nei;1000;Live weight;1000
2010;PT;Portugal;Bivalves and other molluscs and aquatic invertebrates;Oyster;OYC;Cupped oysters nei;229000;Live weight;396000
2010;PT;Portugal;Bivalves and other molluscs and aquatic invertebrates;Oyster;OYG;Pacific cupped oyster;319000;Live weight;705000
2010;PT;Portugal;Crustaceans;Shrimp, miscellaneous;PVR;Atlantic ditch shrimp;3000;Live weight;5000
2010;PT;Portugal;Bivalves and other molluscs and aquatic invertebrates;Clam;RAE;European razor clam;0;Live weight;0
2010;PT;Portugal;Other marine fish;Seabream, gilthead;SBG;Gilthead seabream;1053000;Live weight;5316000
2010;PT;Portugal;Flatfish;Sole, common;SOL;Common sole;15000;Live weight;180000
2010;PT;Portugal;Other marine fish;Seabream, other;SRG;Sargo breams nei;0;Live weight;1000
2010;PT;Portugal;Other marine fish;Seabream, other;SWA;White seabream;0;Live weight;3000
2010;PT;Portugal;Salmonids;Trout;TRR;Rainbow trout;950000;Live weight;2201000
2010;PT;Portugal;Salmonids;Trout;TRS;Sea trout;2000;Live weight;8000
2010;PT;Portugal;Flatfish;Turbot;TUR;Turbot;2424000;Live weight;17139000
2010;PT;Portugal;Bivalves and other molluscs and aquatic invertebrates;Clam;VNA;Golden carpet shell;0;Live weight;1000
2010;RO;Romania;Freshwater fish;Other freshwater fish;AAA;Adriatic sturgeon;1285000;Live weight;1569000
2010;RO;Romania;Freshwater fish;Carp;BIC;Bighead carp;6008000;Live weight;3798000
2010;RO;Romania;Freshwater fish;Eel;ELE;European eel;0;Live weight;594000
2010;RO;Romania;Freshwater fish;Pike;FPI;Northern pike;31000;Live weight;70000
2010;RO;Romania;Freshwater fish;Pike-perch;FPP;Pike-perch;57000;Live weight;163000
2010;RO;Romania;Salmonids;Trout;LAT;Lake trout(=Char);1400000;Live weight;4986000
2010;RO;Romania;Freshwater fish;Freshwater catfish;SOM;Wels(=Som)catfish;164000;Live weight;467000
2010;SE;Sweden;Freshwater fish;Other freshwater fish;AAA;Adriatic sturgeon;94000;Live weight;692000
2010;SE;Sweden;Crustaceans;Freshwater crayfish;AAS;Noble crayfish;1000;Live weight;24000
2010;SE;Sweden;Salmonids;Other salmonids;ACH;Arctic char;1307000;Live weight;5795000
2010;SE;Sweden;Freshwater fish;Eel;ELE;European eel;95000;Live weight;845000
2010;SE;Sweden;Salmonids;Trout;LAT;Lake trout(=Char);7859000;Live weight;21879000
2010;SE;Sweden;Bivalves and other molluscs and aquatic invertebrates;Mussel Mytilus spp;MUS;Blue mussel;1382000;Live weight;651000
2010;SI;Slovenia;Freshwater fish;Other freshwater fish;AAA;Adriatic sturgeon;86000;Live weight;82000
2010;SI;Slovenia;Freshwater fish;Carp;BIC;Bighead carp;168000;Live weight;403000
2010;SI;Slovenia;Other marine fish;Seabass, European;BSS;European seabass;42000;Live weight;208000
2010;SI;Slovenia;Freshwater fish;Pike;FPI;Northern pike;1000;Live weight;12000
2010;SI;Slovenia;Freshwater fish;Pike-perch;FPP;Pike-perch;1000;Live weight;6000
2010;SI;Slovenia;Salmonids;Trout;LAT;Lake trout(=Char);482000;Live weight;1457000
2010;SI;Slovenia;Bivalves and other molluscs and aquatic invertebrates;Mussel Mytilus spp;MSM;Mediterranean mussel;78000;Live weight;39000
2010;SK;Slovakia;Freshwater fish;Other freshwater fish;ASU;Asp;1000;Live weight;5000
2010;SK;Slovakia;Freshwater fish;Other freshwater fish;CGO;Goldfish;1000;Live weight;1000
2010;SK;Slovakia;Freshwater fish;Carp;FCG;Grass carp(=White amur);5000;Live weight;15000
2010;SK;Slovakia;Freshwater fish;Carp;FCP;Common carp;117000;Live weight;344000
2010;SK;Slovakia;Freshwater fish;Freshwater catfish;SOM;Wels(=Som)catfish;1000;Live weight;6000
2010;SK;Slovakia;Freshwater fish;Carp;SVC;Silver carp;8000;Live weight;8000
2010;SK;Slovakia;Salmonids;Trout;SVF;Brook trout;2000;Live weight;11000
2010;SK;Slovakia;Salmonids;Trout;TRR;Rainbow trout;546000;Live weight;1834000
2010;SK;Slovakia;Salmonids;Trout;TRS;Sea trout;6000;Live weight;58000
2010;UK;United Kingdom;Salmonids;Other salmonids;ACH;Arctic char;14000;Live weight;88000
2010;UK;United Kingdom;Other marine fish;Seabass, European;BSS;European seabass;473000;Live weight;2481000
2010;UK;United Kingdom;Bivalves and other molluscs and aquatic invertebrates;Clam;CLH;Northern quahog(=Hard clam);12000;Live weight;43000
2010;UK;United Kingdom;Bivalves and other molluscs and aquatic invertebrates;Clam;CLJ;Japanese carpet shell;15000;Live weight;52000
2010;UK;United Kingdom;Freshwater fish;Freshwater catfish;CLZ;North African catfish;3000;Live weight;7000
2010;UK;United Kingdom;Bivalves and other molluscs and aquatic invertebrates;Clam;COC;Common edible cockle;7000;Live weight;11000
2010;UK;United Kingdom;Groundfish;Cod;COD;Atlantic cod;1000;Live weight;4000
2010;UK;United Kingdom;Freshwater fish;Other freshwater fish;FBM;Freshwater bream;7000;Live weight;117000
2010;UK;United Kingdom;Freshwater fish;Carp;FCC;Crucian carp;3000;Live weight;72000
2010;UK;United Kingdom;Freshwater fish;Carp;FCP;Common carp;248000;Live weight;3754000
2010;UK;United Kingdom;Freshwater fish;Other freshwater fish;FRO;Roach;4000;Live weight;27000
2010;UK;United Kingdom;Freshwater fish;Other freshwater fish;FTE;Tench;12000;Live weight;250000
2010;UK;United Kingdom;Flatfish;Halibut, Atlantic;HAL;Atlantic halibut;139000;Live weight;972000
2010;UK;United Kingdom;Bivalves and other molluscs and aquatic invertebrates;Mussel, other;MSX;Sea mussels nei;30212000;Live weight;24125000
2010;UK;United Kingdom;Bivalves and other molluscs and aquatic invertebrates;Oyster;OYF;European flat oyster;117000;Live weight;409000
2010;UK;United Kingdom;Bivalves and other molluscs and aquatic invertebrates;Oyster;OYG;Pacific cupped oyster;1150000;Live weight;1474000
2010;UK;United Kingdom;Bivalves and other molluscs and aquatic invertebrates;Scallop;QSC;Queen scallop;7000;Live weight;26000
2010;UK;United Kingdom;Salmonids;Salmon;SAL;Atlantic salmon;154633000;Live weight;515749000
2010;UK;United Kingdom;Salmonids;Trout;SVF;Brook trout;0;Live weight;4000
2010;UK;United Kingdom;Freshwater fish;Tilapia;TLN;Nile tilapia;135000;Live weight;346000
2010;UK;United Kingdom;Salmonids;Trout;TRR;Rainbow trout;13594000;Live weight;37376000
2010;UK;United Kingdom;Salmonids;Trout;TRS;Sea trout;580000;Live weight;3378000
2010;UK;United Kingdom;Flatfish;Turbot;TUR;Turbot;0;Live weight;2000
2010;LT;Lithuania;Freshwater fish;Carp;BIC;Bighead carp;30000;Live weight;58000
2010;LT;Lithuania;Freshwater fish;Carp;FCC;Crucian carp;22000;Live weight;19000
2010;LT;Lithuania;Freshwater fish;Carp;FCG;Grass carp(=White amur);12000;Live weight;30000
2010;LT;Lithuania;Freshwater fish;Carp;FCP;Common carp;2951000;Live weight;5399000
2010;LT;Lithuania;Freshwater fish;Pike;FPI;Northern pike;12000;Live weight;35000
2010;LT;Lithuania;Freshwater fish;Other freshwater fish;FRF;Freshwater fishes nei;43000;Live weight;206000
2010;LT;Lithuania;Freshwater fish;Other freshwater fish;FTE;Tench;0;Live weight;1000
2010;LT;Lithuania;Freshwater fish;Other freshwater fish;STU;Sturgeons nei;17000;Live weight;97000
2010;ES;Spain;Salmonids;Salmon;SAL;Atlantic salmon;79000;Live weight;356000
2010;ES;Spain;Bivalves and other molluscs and aquatic invertebrates;Clam;RAZ;Solen razor clams nei;0;Live weight;1000
2010;ES;Spain;Bivalves and other molluscs and aquatic invertebrates;Scallop;QSC;Queen scallop;1000;Live weight;3000
2010;ES;Spain;Crustaceans;Freshwater crayfish;PCL;Signal crayfish;0;Live weight;2000
2010;ES;Spain;Crustaceans;Shrimp, miscellaneous;PAL;Palaemonid shrimps nei;63000;Live weight;165000
2010;ES;Spain;Bivalves and other molluscs and aquatic invertebrates;Oyster;OYG;Pacific cupped oyster;600000;Live weight;1166000
2010;ES;Spain;Bivalves and other molluscs and aquatic invertebrates;Oyster;OYF;European flat oyster;935000;Live weight;4140000
2010;ES;Spain;Cephalopods;Octopus;OCC;Common octopus;10000;Live weight;46000
2010;ES;Spain;Flatfish;Sole, other;OAL;Senegalese sole;74000;Live weight;737000
2010;ES;Spain;Bivalves and other molluscs and aquatic invertebrates;Mussel Mytilus spp;MSM;Mediterranean mussel;189090000;Live weight;94998000
2010;ES;Spain;Other marine fish;Other marine fish;MGS; ;128000;Live weight;439000
2010;ES;Spain;Other marine fish;Other marine fish;MGR;Meagre;1853000;Live weight;6697000
2010;ES;Spain;Crustaceans;Shrimp, warmwater;KUP;Kuruma prawn;40000;Live weight;1102000
2010;ES;Spain;Bivalves and other molluscs and aquatic invertebrates;Molluscs and aquatic invertebrates, other;GAS;Gastropods nei;3000;Live weight;10000
2010;ES;Spain;Freshwater fish;Other freshwater fish;FTE;Tench;41000;Live weight;387000
2010;ES;Spain;Freshwater fish;Carp;FCP;Common carp;3000;Live weight;20000
2010;ES;Spain;Bivalves and other molluscs and aquatic invertebrates;Clam;EQE;Pod razor shell;4000;Live weight;76000
2010;ES;Spain;Freshwater fish;Eel;ELE;European eel;423000;Live weight;3689000
2010;ES;Spain;Bivalves and other molluscs and aquatic invertebrates;Clam;CTS;Pullet carpet shell;290000;Live weight;4549000
2010;ES;Spain;Bivalves and other molluscs and aquatic invertebrates;Clam;CTG;Grooved carpet shell;217000;Live weight;4863000
2010;ES;Spain;Crustaceans;Shrimp, miscellaneous;CPR;Common prawn;0;Live weight;3000
2010;ES;Spain;Bivalves and other molluscs and aquatic invertebrates;Clam;COC;Common edible cockle;512000;Live weight;2760000
2010;ES;Spain;Bivalves and other molluscs and aquatic invertebrates;Clam;CLJ;Japanese carpet shell;1101000;Live weight;6776000
2010;ES;Spain;Other marine fish;Seabass, European;BSS;European seabass;11491000;Live weight;66880000
2010;ES;Spain;Tuna and tuna-like species;Tuna, bluefin;BFT;Atlantic bluefin tuna;1793000;Live weight;24964000
2010;ES;Spain;Other marine fish;Smelt;ATB;Big-scale sand smelt;1000;Live weight;2000
2010;ES;Spain;Freshwater fish;Other freshwater fish;APB;Siberian sturgeon;70000;Live weight;351000
2010;ES;Spain;Other marine fish;Other marine fish;AMB;Greater amberjack;2000;Live weight;31000
2010;ES;Spain;Freshwater fish;Other freshwater fish;AAA;Adriatic sturgeon;21000;Live weight;325000
2010;EL;Greece;Salmonids;Trout;TRR;Rainbow trout;2712000;Live weight;7569000
2010;EL;Greece;Other marine fish;Seabream, gilthead;SBG;Gilthead seabream;57204000;Live weight;233049000
2010;EL;Greece;Bivalves and other molluscs and aquatic invertebrates;Oyster;OYF;European flat oyster;82000;Live weight;388000
2010;EL;Greece;Other marine fish;Other marine fish;MZZ;Marine fishes nei;3181000;Live weight;14564000
2010;EL;Greece;Other marine fish;Other marine fish;MUF;Flathead grey mullet;350000;Live weight;1107000
2010;EL;Greece;Freshwater fish;Carp;FCP;Common carp;123000;Live weight;491000
2010;EL;Greece;Freshwater fish;Eel;ELE;European eel;372000;Live weight;3821000
2010;EL;Greece;Salmonids;Salmon;COH;Coho(=Silver)salmon;10000;Live weight;95000
2010;EL;Greece;Other marine fish;Seabass, European;BSS;European seabass;39884000;Live weight;174812000
2010;EL;Greece;Tuna and tuna-like species;Tuna, bluefin;BFT;Atlantic bluefin tuna;90000;Live weight;1202000
2010;EE;Estonia;Salmonids;Trout;TRR;Rainbow trout;488000;Live weight;1568000
2010;EE;Estonia;Freshwater fish;Other freshwater fish;STU;Sturgeons nei;24000;Live weight;180000
2010;EE;Estonia;Freshwater fish;Other freshwater fish;FTE;Tench;0;Live weight;1000
2010;EE;Estonia;Freshwater fish;Other freshwater fish;FRO;Roach;0;Live weight;0
2010;EE;Estonia;Freshwater fish;Pike-perch;FPP;Pike-perch;1000;Live weight;6000
2010;EE;Estonia;Freshwater fish;Pike;FPI;Northern pike;0;Live weight;0
2010;EE;Estonia;Freshwater fish;Other freshwater fish;FPE;European perch;1000;Live weight;1000
2010;EE;Estonia;Freshwater fish;Carp;FCP;Common carp;39000;Live weight;113000
2010;EE;Estonia;Freshwater fish;Carp;FCC;Crucian carp;0;Live weight;0
2010;EE;Estonia;Freshwater fish;Other freshwater fish;FBM;Freshwater bream;0;Live weight;0
2010;EE;Estonia;Freshwater fish;Eel;ELE;European eel;20000;Live weight;153000
2010;EE;Estonia;Crustaceans;Freshwater crayfish;AAS;Noble crayfish;0;Live weight;6000
2010;DK;Denmark;Flatfish;Turbot;SOT;Spottail spiny turbot;6000;Live weight;402000
2010;DK;Denmark;Salmonids;Salmon;SAL;Atlantic salmon;15000;Live weight;80000
2010;DK;Denmark;Bivalves and other molluscs and aquatic invertebrates;Mussel Mytilus spp;MUS;Blue mussel;694000;Live weight;398000
2010;DK;Denmark;Salmonids;Trout;LAT;Lake trout(=Char);29901000;Live weight;78946000
2010;DK;Denmark;Freshwater fish;Pike-perch;FPP;Pike-perch;52000;Live weight;611000
2010;DK;Denmark;Freshwater fish;Eel;ELE;European eel;1514000;Live weight;11549000
2010;DK;Denmark;Miscellaneous aquatic products;Seaweed and other algae;APL;Aquatic plants nei;5000;Live weight;20000
2010;DK;Denmark;Salmonids;Other salmonids;ACH;Arctic char;155000;Live weight;590000
2010;DK;Denmark;Freshwater fish;Other freshwater fish;AAA;Adriatic sturgeon;1000;Live weight;10000
2010;DE;Germany;Freshwater fish;Other freshwater fish;STU;Sturgeons nei;93000;Live weight;372000
2010;DE;Germany;Freshwater fish;Freshwater catfish;SOM;Wels(=Som)catfish;217000;Live weight;760000
2010;DE;Germany;Freshwater fish;Other freshwater fish;SBH;Striped bass, hybrid;1000;Live weight;6000
2010;DE;Germany;Bivalves and other molluscs and aquatic invertebrates;Mussel Mytilus spp;MUS;Blue mussel;4905000;Live weight;4116000
2010;DE;Germany;Salmonids;Trout;LAT;Lake trout(=Char);20522000;Live weight;56486000
2010;DE;Germany;Freshwater fish;Other freshwater fish;FRF;Freshwater fishes nei;4028000;Live weight;8048000
2010;DE;Germany;Freshwater fish;Pike-perch;FPP;Pike-perch;5000;Live weight;40000
2010;DE;Germany;Freshwater fish;Carp;FCP;Common carp;9634000;Live weight;12286000
2010;DE;Germany;Freshwater fish;Eel;ELE;European eel;398000;Live weight;2788000
2010;DE;Germany;Bivalves and other molluscs and aquatic invertebrates;Oyster;CSC;Hooded oyster;80000;Live weight;721000
2010;DE;Germany;Freshwater fish;Freshwater catfish;CLZ;North African catfish;285000;Live weight;645000
2010;DE;Germany;Salmonids;Other salmonids;CHR;Chars nei;526000;Live weight;1448000
2010;CZ;Czechia;Freshwater fish;Freshwater catfish;SOM;Wels(=Som)catfish;47000;Live weight;226000
2010;CZ;Czechia;Salmonids;Trout;LAT;Lake trout(=Char);738000;Live weight;2299000
2010;CZ;Czechia;Freshwater fish;Other freshwater fish;FTE;Tench;215000;Live weight;591000
2010;CZ;Czechia;Freshwater fish;Other freshwater fish;FRF;Freshwater fishes nei;406000;Live weight;516000
2010;CZ;Czechia;Freshwater fish;Pike-perch;FPP;Pike-perch;48000;Live weight;404000
2010;CZ;Czechia;Freshwater fish;Pike;FPI;Northern pike;105000;Live weight;593000
2010;CZ;Czechia;Freshwater fish;Other freshwater fish;FPE;European perch;18000;Live weight;37000
2010;CZ;Czechia;Freshwater fish;Carp;BIC;Bighead carp;18817000;Live weight;32421000
2010;CZ;Czechia;Salmonids;Other salmonids;ACH;Arctic char;26000;Live weight;63000
2010;CY;Cyprus;Other marine fish;Seabream, gilthead;SBG;Gilthead seabream;2807000;Live weight;13333000
2010;CY;Cyprus;Salmonids;Trout;LAT;Lake trout(=Char);69000;Live weight;504000
2010;CY;Cyprus;Other marine fish;Seabass, European;BSS;European seabass;1198000;Live weight;6230000
2010;CY;Cyprus;Other marine fish;Other marine fish;AGD;Sharktooth moray;17000;Live weight;152000
2010;CY;Cyprus;Other marine fish;Seabream, other;AAB;Twobar seabream;14000;Live weight;84000
2010;CY;Cyprus;Freshwater fish;Other freshwater fish;AAA;Adriatic sturgeon;2000;Live weight;17000
2010;BG;Bulgaria;Freshwater fish;Other freshwater fish;SRE;Rudd;6000;Live weight;2000
2010;BG;Bulgaria;Freshwater fish;Freshwater catfish;SOM;Wels(=Som)catfish;87000;Live weight;288000
2010;BG;Bulgaria;Freshwater fish;Other freshwater fish;PTB;Barbel;0;Live weight;1000
2010;BG;Bulgaria;Freshwater fish;Other freshwater fish;NUC;Danube bleak;0;Live weight;0
2010;BG;Bulgaria;Bivalves and other molluscs and aquatic invertebrates;Mussel Mytilus spp;MSM;Mediterranean mussel;698000;Live weight;600000
2010;BG;Bulgaria;Freshwater fish;Other freshwater fish;LUH;Chub;3000;Live weight;2000
2010;BG;Bulgaria;Salmonids;Trout;LAT;Lake trout(=Char);2928000;Live weight;9828000
2010;BG;Bulgaria;Freshwater fish;Freshwater catfish;ITP;Channel catfish;108000;Live weight;248000
2010;BG;Bulgaria;Freshwater fish;Other freshwater fish;HUH;Beluga;115000;Live weight;740000
2010;BG;Bulgaria;Freshwater fish;Pike-perch;FPP;Pike-perch;18000;Live weight;42000
2010;BG;Bulgaria;Freshwater fish;Pike;FPI;Northern pike;19000;Live weight;31000
2010;BG;Bulgaria;Freshwater fish;Other freshwater fish;FPE;European perch;2000;Live weight;1000
2010;BG;Bulgaria;Freshwater fish;Other freshwater fish;FBM;Freshwater bream;7000;Live weight;4000
2010;BG;Bulgaria;Freshwater fish;Eel;ELE;European eel;0;Live weight;2000
2010;BG;Bulgaria;Freshwater fish;Freshwater catfish;CLZ;North African catfish;10000;Live weight;28000
2010;BG;Bulgaria;Freshwater fish;Other freshwater fish;CGO;Goldfish;168000;Live weight;86000
2010;BG;Bulgaria;Freshwater fish;Other freshwater fish;BKC;Black carp;0;Live weight;0
2010;BG;Bulgaria;Freshwater fish;Carp;BIC;Bighead carp;3397000;Live weight;5795000
2010;BG;Bulgaria;Freshwater fish;Other freshwater fish;APG;Danube sturgeon(=Osetr);333000;Live weight;1739000
2010;BG;Bulgaria;Freshwater fish;Other freshwater fish;ALR;Bleak;3000;Live weight;2000
2010;BG;Bulgaria;Crustaceans;Freshwater crayfish;AAS;Noble crayfish;10000;Live weight;23000
2010;BG;Bulgaria;Freshwater fish;Other freshwater fish;APR;Sterlet sturgeon;0;Live weight;1000
2010;BE;Belgium;Salmonids;Trout;TRR;Rainbow trout;39000;Live weight;201000
2010;BE;Belgium;Bivalves and other molluscs and aquatic invertebrates;Molluscs and aquatic invertebrates, other;INV;Aquatic invertebrates nei;300000;Live weight;2385000
2010;BE;Belgium;Other marine fish;Other marine fish;DIA;Diadromous fishes nei;200000;Live weight;1421000
2010;AT;Austria;Salmonids;Other salmonids;WHF;Whitefishes nei;1000;Live weight;18000
2010;AT;Austria;Freshwater fish;Freshwater catfish;SOM;Wels(=Som)catfish;151000;Live weight;1253000
2010;AT;Austria;Salmonids;Other salmonids;SLX;Salmonoids nei;36000;Live weight;24000
2010;AT;Austria;Salmonids;Trout;LAT;Lake trout(=Char);1552000;Live weight;15597000
2010;AT;Austria;Freshwater fish;Pike-perch;FPP;Pike-perch;3000;Live weight;31000
2010;AT;Austria;Freshwater fish;Pike;FPI;Northern pike;2000;Live weight;15000
2010;AT;Austria;Salmonids;Salmon;CHE;Masu(=Cherry) salmon;5000;Live weight;73000
2010;AT;Austria;Freshwater fish;Carp;BIC;Bighead carp;361000;Live weight;2274000
2010;AT;Austria;Salmonids;Other salmonids;ACH;Arctic char;45000;Live weight;25000
2010;AT;Austria;Freshwater fish;Other freshwater fish;AAA;Adriatic sturgeon;11000;Live weight;87000
2010;IE;Ireland;Salmonids;Other salmonids;CHR;Chars nei;40000;Live weight;280000
2010;IE;Ireland;Bivalves and other molluscs and aquatic invertebrates;Abalone;ABX;Abalones nei;0;Live weight;13000
2010;HU;Hungary;Freshwater fish;Other freshwater fish;STU;Sturgeons nei;81000;Live weight;588000
2010;HU;Hungary;Freshwater fish;Freshwater catfish;SOM;Wels(=Som)catfish;156000;Live weight;657000
2010;HU;Hungary;Salmonids;Trout;LAT;Lake trout(=Char);47000;Live weight;205000
2010;HU;Hungary;Freshwater fish;Other freshwater fish;FTE;Tench;4000;Live weight;18000
2010;HU;Hungary;Freshwater fish;Other freshwater fish;FRF;Freshwater fishes nei;619000;Live weight;651000
2010;HU;Hungary;Freshwater fish;Pike-perch;FPP;Pike-perch;39000;Live weight;239000
2010;HU;Hungary;Freshwater fish;Pike;FPI;Northern pike;28000;Live weight;123000
2010;HU;Hungary;Freshwater fish;Freshwater catfish;CLZ;North African catfish;1810000;Live weight;4599000
2010;HU;Hungary;Freshwater fish;Carp;BIC;Bighead carp;11460000;Live weight;20993000
2010;FR;France;Flatfish;Turbot;TUR;Turbot;394000;Live weight;4701000
2010;FR;France;Miscellaneous aquatic products;Seaweed and other algae;SWX;Seaweeds nei;55000;Live weight;372000
2010;FR;France;Freshwater fish;Freshwater catfish;SOM;Wels(=Som)catfish;200000;Live weight;600000
2010;FR;France;Other marine fish;Seabream, gilthead;SBG;Gilthead seabream;1239000;Live weight;7655000
2010;FR;France;Salmonids;Salmon;SAL;Atlantic salmon;802000;Live weight;3609000
2010;FR;France;Bivalves and other molluscs and aquatic invertebrates;Mussel Mytilus spp;MUS;Blue mussel;54138000;Live weight;101786000
2010;FR;France;Bivalves and other molluscs and aquatic invertebrates;Mussel Mytilus spp;MSM;Mediterranean mussel;16201000;Live weight;29808000
2010;FR;France;Salmonids;Trout;LAT;Lake trout(=Char);35393000;Live weight;119474000
